TIME,year,month,T#AT#IT,T#AU#IT,T#BE#IT,T#CH#IT,T#CY#IT,T#CZ#IT,T#DE#IT,T#DK#IT,T#ES#IT,T#FR#IT,T#GB#IT,T#GR#IT,T#HR#IT,T#HU#IT,T#IL#IT,T#MT#IT,T#NL#IT,T#NO#IT,T#PL#IT,T#PT#IT,T#RO#IT,T#RU#IT,T#SE#IT,T#SI#IT,T#SK#IT,T#TR#IT,T#US#IT,C#BEL#gdp,C#ITA#gdp,C#DEU#gdp,C#FRA#gdp,C#ESP#gdp,C#IRL#gdp,C#BEL#inflazione,C#ITA#inflazione,C#DEU#inflazione,C#FRA#inflazione,C#ESP#inflazione,C#IRL#inflazione
1999-07-01,1999,7,386711.43,,,478412.71,,,3514224.43,25445.14,21793.14,220892.14,591061.86,,,,,,139872.43,,,,,,,145045.57,,,50843.43,25252.8,22005.05,26734.94,24678.39,15720.64,26338.11,1.12,1.66,0.59,0.54,2.31,1.63
1999-08-01,1999,8,365172.57,,,432815.29,,,3172703.57,28399.86,,185595.86,503014.57,,,,149204.43,,121790.57,,,,,,26620.86,118383.43,,,44729.29,25252.8,22005.05,26734.94,24678.39,15720.64,26338.11,1.12,1.66,0.59,0.54,2.31,1.63
1999-09-01,1999,9,386410.43,,,440180.57,,,3266733.14,26068.29,,195703.86,539733.86,,,,172102.29,,140452.71,,,,,42155.43,24337.86,117817.71,,,,25252.8,22005.05,26734.94,24678.39,15720.64,26338.11,1.12,1.66,0.59,0.54,2.31,1.63
1999-10-01,1999,10,366119.14,,,408447.86,,,3198414.43,19923.0,,200272.14,523564.14,,,,186541.57,,145951.14,,,,,,21208.29,108999.0,,,,25252.8,22005.05,26734.94,24678.39,15720.64,26338.11,1.12,1.66,0.59,0.54,2.31,1.63
1999-11-01,1999,11,374857.29,,,428720.0,,,3157062.14,21571.86,,196626.43,500688.86,,,,160400.29,,139654.71,,,,,,20329.14,109820.71,,,,25252.8,22005.05,26734.94,24678.39,15720.64,26338.11,1.12,1.66,0.59,0.54,2.31,1.63
1999-12-01,1999,12,370942.29,,,406913.57,,,3114288.0,22194.57,,218088.0,493507.57,,,,217908.86,,152659.71,,,,,,22035.57,103200.0,,,,25252.8,22005.05,26734.94,24678.39,15720.64,26338.11,1.12,1.66,0.59,0.54,2.31,1.63
2000-01-01,2000,1,333756.71,,,354401.86,,,3148486.0,28286.43,,228039.86,554804.0,,,,214019.14,,152333.0,,,,,,19749.86,116636.14,,,,24945.1,21738.27,26300.63,24355.25,15581.93,26337.6,1.32,1.79,0.71,0.7,2.47,2.2
2000-02-01,2000,2,326873.14,,,336147.43,,,3272372.0,27676.57,,254167.71,537135.43,,,,214376.14,,147111.14,,,,,,19832.43,120791.0,,,,24637.4,21471.49,25866.32,24032.12,15443.23,26337.1,1.53,1.91,0.83,0.86,2.63,2.76
2000-03-01,2000,3,359224.57,,36011.86,388439.57,,,3738770.43,25125.86,,327436.71,639701.86,,,,214337.0,,172248.0,,,,,,18783.86,135379.14,,,,24329.7,21204.71,25432.01,23708.98,15304.52,26336.59,1.73,2.04,0.95,1.03,2.79,3.33
2000-04-01,2000,4,346815.71,,36258.86,380764.71,,,3606053.14,22746.14,,334496.14,617292.71,,,,319108.29,,151253.0,,,,,,20803.29,147308.43,,,,24021.99,20937.93,24997.7,23385.84,15165.81,26336.08,1.93,2.16,1.07,1.19,2.95,3.89
2000-05-01,2000,5,347243.57,,33293.86,412834.29,,,3642364.71,25369.57,,349820.0,646755.57,,,,298929.86,,148206.71,,,,,,24663.57,145639.71,,,,23714.29,20671.15,24563.38,23062.7,15027.1,26335.58,2.14,2.29,1.2,1.35,3.11,4.46
2000-06-01,2000,6,354496.0,,25362.14,396719.14,,,3623690.57,26102.71,,356762.0,672870.71,,,,321068.86,,140243.86,,,,,,24098.71,150551.29,,,,23406.59,20404.37,24129.07,22739.56,14888.4,26335.07,2.34,2.41,1.32,1.51,3.27,5.03
2000-07-01,2000,7,378619.43,,34095.29,444803.14,,,3677748.71,27455.71,,345585.43,677798.86,,,,295905.0,,138194.71,,,,,,20137.14,159328.0,,,,23098.89,20137.59,23694.76,22416.43,14749.69,26334.57,2.54,2.54,1.44,1.68,3.43,5.59
2000-08-01,2000,8,346490.0,,,418673.14,,,3324334.71,,,309886.14,571055.43,,,,312816.86,,125448.57,,,,,,21016.57,133230.57,,,,23098.89,20137.59,23694.76,22416.43,14749.69,26334.57,2.54,2.54,1.44,1.68,3.43,5.59
2000-09-01,2000,9,369819.29,,,404578.57,,,3222595.14,,,313611.86,554047.86,,,,270987.57,,124607.71,,,,,,23807.86,135597.86,,,,23098.89,20137.59,23694.76,22416.43,14749.69,26334.57,2.54,2.54,1.44,1.68,3.43,5.59
2000-10-01,2000,10,370858.29,,,403785.86,,,3199542.71,,,280585.14,487532.71,,,,339061.57,,116669.14,,,,,,25767.86,136821.14,,50660.29,,23098.89,20137.59,23694.76,22416.43,14749.69,26334.57,2.54,2.54,1.44,1.68,3.43,5.59
2000-11-01,2000,11,347803.0,,,409108.0,,,3312285.71,,,298706.29,480189.57,,,,219227.29,,121853.71,,,,,,24726.86,132450.14,,,,23098.89,20137.59,23694.76,22416.43,14749.69,26334.57,2.54,2.54,1.44,1.68,3.43,5.59
2000-12-01,2000,12,334759.43,,,366884.43,,,3189605.57,,,303635.86,431639.29,,,,258366.29,,112009.29,,,,,,20736.0,132321.29,,,,23098.89,20137.59,23694.76,22416.43,14749.69,26334.57,2.54,2.54,1.44,1.68,3.43,5.59
2001-01-01,2001,1,323311.0,,,361410.86,,,3244592.57,,,353948.14,440759.57,,,,260022.43,,127269.29,,,,,,21211.57,138502.0,,,,23086.91,20189.5,23685.27,22421.13,14838.16,,2.53,2.57,1.52,1.67,3.46,5.49
2001-02-01,2001,2,299146.86,,,354007.0,,,3305140.71,,,377871.29,438089.71,,,,241949.0,,134945.29,,,,,,21313.86,153111.14,,,,23074.94,20241.41,23675.78,22425.83,14926.63,,2.52,2.61,1.6,1.66,3.48,5.39
2001-03-01,2001,3,354383.0,,45613.0,394678.14,,,3839754.0,34458.0,,436289.29,546839.14,13289.43,,,245786.0,,171230.0,,,25638.14,,,23005.29,185046.71,,,63151.86,23062.97,20293.32,23666.29,22430.53,15015.11,,2.51,2.64,,1.66,3.5,5.28
2001-04-01,2001,4,305456.57,,42278.14,419612.29,,,3880161.14,35757.57,,467348.86,504453.14,,,,263731.43,,172916.43,,,,,,24660.71,192706.71,,,55505.43,23050.99,20345.23,23656.8,22435.23,15103.58,27447.62,2.5,2.68,1.75,1.65,3.52,5.18
2001-05-01,2001,5,343654.57,,62157.29,424662.14,,,3940324.14,29830.71,,504192.29,544376.86,,,,198806.0,,178077.71,,,,,,22559.43,199809.0,,,49832.86,23039.02,20397.14,23647.31,22439.94,15192.05,27725.88,2.49,2.71,1.83,1.65,3.55,5.08
2001-06-01,2001,6,360018.14,,64623.43,413330.43,,,3983532.86,30127.29,,539106.14,519927.43,,,,196104.71,,190761.14,,,,40875.57,,21589.0,196787.14,,,54706.57,23027.04,20449.05,23637.82,22444.64,15280.53,28004.15,2.48,2.75,1.91,1.64,3.57,4.98
2001-07-01,2001,7,402266.29,,61016.43,430510.0,,,4125286.14,31340.43,,549035.14,531818.57,,,,209864.57,,213478.14,,,,44691.71,,25102.29,188918.71,,,68671.86,23015.07,20500.95,23628.33,22449.34,15369.0,28282.41,2.47,2.79,1.98,1.63,3.59,4.87
2001-08-01,2001,8,362472.57,,57563.29,412432.43,,,3736354.71,,,483706.0,453433.0,,,,187010.71,,197304.86,,,,49606.86,19335.0,23606.43,162672.0,,,74325.14,23015.07,20500.95,23628.33,22449.34,15369.0,28282.41,2.47,2.79,1.98,1.63,3.59,4.87
2001-09-01,2001,9,353755.43,,66346.43,384420.29,,,3690435.29,,,540944.14,469169.71,,,,,,188551.43,,,,48528.43,18122.86,,156996.29,,,78280.71,23015.07,20500.95,23628.33,22449.34,15369.0,28282.41,2.47,2.79,1.98,1.63,3.59,4.87
2001-10-01,2001,10,355356.14,,57686.14,394498.57,,,3629619.71,,,583696.14,423617.86,,,,,,174730.71,,,,61412.14,11804.71,,153615.71,,,91856.29,23015.07,20500.95,23628.33,22449.34,15369.0,28282.41,2.47,2.79,1.98,1.63,3.59,4.87
2001-11-01,2001,11,360848.0,,57794.43,394350.86,,,3597299.57,,,587744.43,434910.0,,,,,,180069.71,,,,61165.29,13163.86,,144450.86,,,84765.0,23015.07,20500.95,23628.33,22449.34,15369.0,28282.41,2.47,2.79,1.98,1.63,3.59,4.87
2001-12-01,2001,12,297724.86,,43474.0,369962.71,,,3279533.29,,,561010.43,397272.71,,,,,,172189.0,,,,72895.57,13838.71,,148669.14,,,87184.0,23015.07,20500.95,23628.33,22449.34,15369.0,28282.41,2.47,2.79,1.98,1.63,3.59,4.87
2002-01-01,2002,1,307522.57,,41572.0,367922.43,,,3192721.71,,,593692.0,438929.29,,,,,,158531.29,,,,63298.43,17614.71,,158021.57,,,90755.43,,20768.86,,,15617.24,28914.27,,2.74,1.9,1.68,3.51,4.84
2002-02-01,2002,2,261661.57,,47360.43,367369.57,,,3145273.29,,,655957.0,442021.57,,,,,,138261.71,,,,60129.14,20502.86,,187885.29,,,96361.29,,,,,,,,2.69,1.82,,3.44,4.8
2002-03-01,2002,3,293749.71,,47660.0,407902.71,,,3494630.71,37218.86,55975.0,,522643.57,,,,,,151383.0,,,,61309.0,19204.29,,229696.29,,,126065.0,,,,,,,,2.65,1.74,,3.37,4.76
2002-04-01,2002,4,289128.29,,48760.43,408163.57,,,3459439.0,37635.29,58180.14,711410.57,503681.0,,,,,,150992.86,,,,,18925.86,24652.71,229174.86,,,136241.0,24152.85,21572.58,24524.86,23500.16,16361.96,30809.85,2.0,2.6,1.66,1.8,3.29,4.73
2002-05-01,2002,5,263321.29,,56536.14,415573.29,,,3299860.57,40575.57,62582.86,705487.71,502061.0,,22674.0,,,,154819.71,,,,,25104.71,20841.43,249780.57,,,150602.57,24437.3,21840.49,24749.0,23762.86,16610.21,31441.71,1.88,2.56,1.58,1.84,3.22,4.69
2002-06-01,2002,6,288194.71,,52608.86,389258.57,,,3171524.14,43681.0,74424.57,737382.29,533115.43,,,,266866.86,,156075.71,,,,,25289.43,20433.57,262201.29,,,192674.57,24721.75,22108.39,24973.13,24025.57,16858.45,32073.57,1.76,2.51,1.5,1.88,3.14,4.65
2002-07-01,2002,7,303567.0,,65810.43,416698.0,,,3323603.29,44874.29,81482.71,786469.71,556983.14,,,,195244.14,,154425.14,,,,,,27933.29,256795.14,,,205823.14,25006.19,22376.3,25197.27,24288.27,17106.69,32705.43,1.65,2.47,1.42,1.92,3.07,4.61
2002-08-01,2002,8,258223.86,,60896.14,391433.71,,,2973661.71,,,687296.86,493663.86,,,,214120.71,,149444.14,,,,,,28130.29,234196.0,,,200737.43,25006.19,22376.3,25197.27,24288.27,17106.69,32705.43,1.65,2.47,1.42,1.92,3.07,4.61
2002-09-01,2002,9,291172.0,,65461.86,374575.14,,,2870804.57,,,679935.71,523338.29,,,,192266.43,,148762.29,,,,,,27494.86,226316.71,,,189398.86,25006.19,22376.3,25197.27,24288.27,17106.69,32705.43,1.65,2.47,1.42,1.92,3.07,4.61
2002-10-01,2002,10,326812.0,,65759.86,371881.0,,,2807149.43,,,630705.14,500233.86,,,,149446.43,,151628.71,,,,,,24397.86,226756.14,,,190363.71,25006.19,22376.3,25197.27,24288.27,17106.69,32705.43,1.65,2.47,1.42,1.92,3.07,4.61
2002-11-01,2002,11,338499.14,,64014.43,365480.71,,,2756545.71,,,642390.71,513078.14,,,,144731.43,,155379.29,,,,,,26716.29,241999.71,,,222985.43,25006.19,22376.3,25197.27,24288.27,17106.69,32705.43,1.65,2.47,1.42,1.92,3.07,4.61
2002-12-01,2002,12,365257.43,,63254.14,344770.43,,,2552207.0,,,632065.71,466663.86,,,,108517.86,,149590.57,,,,,,24720.71,221317.86,,,223166.29,25006.19,22376.3,25197.27,24288.27,17106.69,32705.43,1.65,2.47,1.42,1.92,3.07,4.61
2003-01-01,2003,1,399308.0,,65340.57,339972.71,,,2598657.57,,,643246.57,507699.57,,,14655.0,86428.43,,136615.0,,,,,,25832.86,227203.14,,,193278.86,25813.19,23112.02,25927.71,25051.08,17735.85,33919.45,1.64,2.49,1.37,1.95,3.06,4.45
2003-02-01,2003,2,447225.71,,54286.71,311560.71,,,2605062.71,,,644461.57,525881.57,,,13064.86,119085.43,,152393.14,,,,,,19190.29,232192.0,,,187171.14,,,,,,,1.63,2.52,1.31,1.97,3.06,
2003-03-01,2003,3,518127.57,,65818.57,360080.71,,9807.14,2964455.57,,33047.29,743543.14,600109.43,27033.71,,12197.29,99912.29,,158789.71,,,62855.14,37951.71,,21814.14,285768.29,,,245932.29,,,,,,,1.62,2.55,,,3.05,
2003-04-01,2003,4,562593.43,,62111.0,362913.29,,8578.57,2948022.43,,37077.86,734515.43,592022.43,29870.0,,,,,152594.0,,,58924.71,34820.29,11953.57,25197.29,314142.57,,,265188.0,28234.2,25319.17,28119.03,27339.5,19623.34,37561.49,1.61,2.58,1.2,2.02,3.05,3.97
2003-05-01,2003,5,548729.14,,64613.29,329254.57,,8767.43,2942604.14,,37366.57,758149.86,580064.29,30014.29,,,,,156532.14,,,68785.29,36308.43,15221.14,,311120.57,,,234271.14,29041.2,26054.89,28849.47,28102.31,20252.51,38775.5,1.61,2.61,1.14,2.05,3.05,3.81
2003-06-01,2003,6,589808.71,,60998.71,323637.29,,8310.86,2917333.14,,39640.43,775250.0,577378.14,31977.71,,,,,150849.71,,,59030.29,24542.57,16723.86,,303977.86,,,198455.14,29848.21,26790.6,29579.92,28865.12,20881.67,39989.52,1.6,2.64,1.09,2.07,3.04,3.65
2003-07-01,2003,7,624057.29,,62576.0,339919.0,,11200.71,3189295.0,,39193.43,785735.57,622054.71,36894.29,,,,,161879.43,,,65024.86,35980.57,17867.29,,313683.43,,,193929.57,30655.21,27526.32,30310.36,29627.92,21510.84,41203.53,1.59,2.67,1.03,2.1,3.04,3.49
2003-08-01,2003,8,536558.0,,,306639.43,,,2845447.29,,38338.0,659520.57,507603.14,,45360.43,,,,154891.57,,,,37651.29,20800.14,,295452.14,,,178054.57,30655.21,27526.32,30310.36,29627.92,21510.84,41203.53,1.59,2.67,1.03,2.1,3.04,3.49
2003-09-01,2003,9,548077.14,,,305109.86,,,2815402.43,,31975.29,655954.0,504909.14,,37767.14,,,,142073.43,,,,40611.0,21150.86,,300484.86,,44425.14,174944.71,30655.21,27526.32,30310.36,29627.92,21510.84,41203.53,1.59,2.67,1.03,2.1,3.04,3.49
2003-10-01,2003,10,554122.71,,,281602.29,,,2834979.43,,26701.57,616565.29,492503.71,,35512.43,,,,144510.29,,,,38761.29,23298.71,,315497.71,,50246.43,128783.86,30655.21,27526.32,30310.36,29627.92,21510.84,41203.53,1.59,2.67,1.03,2.1,3.04,3.49
2003-11-01,2003,11,526980.0,,,269470.0,,,2841898.14,,21826.86,581086.86,498413.14,,38737.14,,,,157165.86,,,,40950.14,23963.57,,308496.0,,53186.86,114696.71,30655.21,27526.32,30310.36,29627.92,21510.84,41203.53,1.59,2.67,1.03,2.1,3.04,3.49
2003-12-01,2003,12,485958.29,,,254222.29,,,2608648.0,,18423.14,519450.0,479700.57,,34496.29,,,,145058.86,,,,37350.0,16207.86,,327813.14,,50023.43,113409.86,30655.21,27526.32,30310.36,29627.92,21510.84,41203.53,1.59,2.67,1.03,2.1,3.04,3.49
2004-01-01,2004,1,441534.29,,,235616.86,,,2688186.71,,20590.86,561124.43,494006.29,,35960.86,,,,148013.0,,,,36655.14,,,325641.29,,51286.71,103180.71,31337.24,28067.88,30852.69,30223.53,21996.0,42139.34,1.66,2.61,1.12,2.1,3.04,3.31
2004-02-01,2004,2,389850.86,,,214170.0,,,2670516.86,,30191.86,583935.57,505598.29,,35669.14,,,,137008.14,,,,,,,335964.57,,39470.43,80218.43,32019.27,28609.43,31395.01,30819.14,22481.17,43075.15,,2.54,1.21,2.11,3.04,3.12
2004-03-01,2004,3,431707.71,,70849.0,237026.29,,,3183449.43,35580.43,33203.43,691285.71,569857.14,15254.71,35716.0,,,,151680.0,,,75543.43,21628.71,,27144.86,,,37992.29,113969.14,,,,,,,,2.47,1.3,2.12,3.04,
2004-04-01,2004,4,393671.29,,67752.71,225439.86,,,3224504.57,38881.29,29188.43,746852.0,633415.29,14825.0,,,,,169779.0,,,107543.14,18787.14,,28741.86,,,35305.0,106941.71,33383.32,29692.54,32479.67,32010.35,23451.5,44946.77,1.88,2.41,1.4,2.12,3.04,2.75
2004-05-01,2004,5,348552.0,,81275.43,210811.14,,,3188442.57,39135.14,30118.29,800535.43,612276.14,18006.86,,,,,191595.71,,,118565.14,25022.86,,25541.57,395201.43,,33101.29,102907.0,34065.35,30234.09,33022.0,32605.95,23936.67,45882.58,1.95,2.34,1.49,2.13,3.04,2.57
2004-06-01,2004,6,303109.71,,85073.14,197245.57,,,3288745.86,48651.57,34678.0,903434.71,608546.71,18253.14,,,,,191737.57,,,127307.57,30391.14,,27219.14,407556.71,,45009.0,107339.43,34747.38,30775.65,33564.33,33201.56,24421.83,46818.39,2.02,2.27,1.58,2.14,3.04,2.38
2004-07-01,2004,7,327118.57,,92808.71,231129.29,,,3678921.29,50285.43,35579.0,1016030.86,625362.29,30886.29,,,,,195305.43,,,145233.43,,,27604.57,412963.57,,52139.14,122232.29,35429.41,31317.2,34106.66,33797.16,24907.0,47754.2,2.1,2.21,1.67,2.14,3.04,2.2
2004-08-01,2004,8,292911.71,,88896.71,207912.57,,,3312720.86,49820.29,33112.71,903929.14,545734.0,,,,,,176746.86,,,136574.86,,,29617.29,381538.14,,60189.43,124773.14,35429.41,31317.2,34106.66,33797.16,24907.0,47754.2,2.1,2.21,1.67,2.14,3.04,2.2
2004-09-01,2004,9,295655.14,,87649.71,206245.43,,,3313690.43,47541.29,24244.57,961780.29,523324.86,,,,,,185998.57,,,137533.86,,,28676.29,390209.14,,77524.29,,35429.41,31317.2,34106.66,33797.16,24907.0,47754.2,2.1,2.21,1.67,2.14,3.04,2.2
2004-10-01,2004,10,311435.86,,85622.86,221209.29,,,3236724.0,41248.14,36375.86,1008436.43,526046.0,,,,,,193273.14,,,145128.57,,,29638.71,368853.43,,76552.43,,35429.41,31317.2,34106.66,33797.16,24907.0,47754.2,2.1,2.21,1.67,2.14,3.04,2.2
2004-11-01,2004,11,290354.86,,83254.57,221434.14,,,3242621.29,35563.86,40981.43,995899.57,458281.29,,,,,,182851.14,,,125734.43,,,34119.71,357990.57,,73766.86,,35429.41,31317.2,34106.66,33797.16,24907.0,47754.2,2.1,2.21,1.67,2.14,3.04,2.2
2004-12-01,2004,12,287786.86,,82754.14,244168.43,,,3114222.29,33510.57,39083.57,983389.29,436227.57,,,,,,162638.29,,,115568.14,,,31811.0,364901.0,,74004.14,,35429.41,31317.2,34106.66,33797.16,24907.0,47754.2,2.1,2.21,1.67,2.14,3.04,2.2
2005-01-01,2005,1,302276.86,,90234.0,256147.14,,,3049511.14,27467.86,46475.43,924554.14,438883.14,,,,,,195333.29,,,113764.0,,,30041.14,342593.71,,,,35626.59,31422.61,34165.74,33935.88,25124.45,48208.32,2.2,2.18,1.65,2.09,,2.23
2005-02-01,2005,2,290034.0,,101011.71,240162.86,,,2968079.86,29413.43,51696.86,899189.14,450542.0,,,,,,201657.86,,,102994.57,,,31874.86,323693.57,,,,35823.78,31528.03,34224.82,34074.59,25341.9,48662.44,2.29,2.14,1.63,,,2.27
2005-03-01,2005,3,333674.0,,,291970.0,,,3385696.29,25569.29,60662.86,1039508.0,535447.57,,21847.0,,,,,,,128398.86,71220.86,,,367856.29,,,,36020.96,31633.44,34283.91,34213.31,,,,,1.61,,,2.3
2005-04-01,2005,4,336651.57,,,279159.71,,,3471652.57,26397.29,64392.71,1006716.43,583124.0,,28424.57,,,,,,,134443.29,84373.57,,44420.43,361836.43,,,,36218.15,31738.85,34342.99,34352.03,25776.8,49570.67,2.49,2.08,1.6,1.92,3.23,2.33
2005-05-01,2005,5,330181.14,,126105.71,278026.14,,,3444151.86,25597.43,62467.57,976448.86,579136.0,28927.86,38176.86,,,,262787.0,,,159154.14,111225.0,,47728.14,356045.0,,,,36415.33,31844.27,34402.07,34490.74,25994.25,50024.79,2.59,2.05,1.58,1.86,3.27,2.36
2005-06-01,2005,6,366512.14,,134661.29,270646.86,,,3418061.14,33537.29,64606.57,967996.0,575466.14,30063.14,39239.71,,86863.57,,264511.86,,,170336.29,112387.0,,43749.43,341812.0,,,,36612.52,31949.68,34461.16,34629.46,26211.7,50478.9,2.68,2.02,1.56,1.8,3.32,2.4
2005-07-01,2005,7,393037.14,,126177.0,254353.0,,,3584413.57,31440.0,71305.14,983046.71,629576.29,30640.14,51801.71,,,,299986.71,,,189485.0,121628.57,,46299.86,327759.86,,,,36809.7,32055.09,34520.24,34768.18,26429.15,50933.02,2.78,1.99,1.55,1.75,3.37,2.43
2005-08-01,2005,8,347599.0,,,234113.14,,,3267921.29,40208.86,56639.86,882296.0,560401.29,,,,,,258278.86,,,173498.86,128489.86,12214.71,45125.71,297203.14,,,,36809.7,32055.09,34520.24,34768.18,26429.15,50933.02,2.78,1.99,1.55,1.75,3.37,2.43
2005-09-01,2005,9,380506.86,,,217307.14,,,3263997.0,47632.71,62335.14,915821.0,590279.86,,,,,,267465.86,,,196059.43,122760.43,12826.14,49478.0,301033.0,,,,36809.7,32055.09,34520.24,34768.18,26429.15,50933.02,2.78,1.99,1.55,1.75,3.37,2.43
2005-10-01,2005,10,408425.43,,,206725.14,,,3109331.43,46741.0,58185.43,919027.29,575444.43,,,,,,259173.43,,,193651.14,130667.71,,34467.29,287099.43,,,,36809.7,32055.09,34520.24,34768.18,26429.15,50933.02,2.78,1.99,1.55,1.75,3.37,2.43
2005-11-01,2005,11,428169.86,,,209954.71,,,3033666.71,45016.43,57960.43,926890.71,555079.14,,,,,13575.14,269855.86,,,197315.14,134201.29,,39167.29,285004.86,,44864.29,,36809.7,32055.09,34520.24,34768.18,26429.15,50933.02,2.78,1.99,1.55,1.75,3.37,2.43
2005-12-01,2005,12,390945.14,,,199560.43,,,2839225.0,42628.14,52078.43,909073.86,576521.86,,,,,14653.29,246254.57,,,173209.71,110840.71,,37025.86,259281.43,,43750.71,,36809.7,32055.09,34520.24,34768.18,26429.15,50933.02,2.78,1.99,1.55,1.75,3.37,2.43
2006-01-01,2006,1,387382.57,,,190988.14,,,2850684.86,35387.86,47760.86,935822.86,576616.86,,,,,14542.29,252958.43,,,154217.86,117439.14,,39251.29,278669.71,,45711.71,,37080.47,32265.75,34782.19,35011.32,26709.14,51418.18,2.64,2.0,1.55,1.74,3.39,2.64
2006-02-01,2006,2,383680.43,,,200781.29,,,2818950.0,38534.71,44521.43,990405.14,607134.14,,,,,17274.43,232615.43,,,161131.14,115833.29,,43103.86,282045.43,,42999.43,,37351.25,,,35254.47,26989.13,51903.35,2.5,2.02,1.56,1.73,3.41,
2006-03-01,2006,3,462672.29,,119884.57,216122.43,,,3256934.43,30901.71,72912.86,1159799.29,,70053.71,48151.29,13085.14,,10891.29,272095.57,,,194113.86,118128.57,,53769.71,330277.71,,46744.14,,,,,,,,2.36,2.03,1.56,1.72,,
2006-04-01,2006,4,439200.71,,128929.86,229548.14,,,3092084.43,22181.71,76771.71,1148733.0,677718.29,61062.71,49452.71,13988.43,,11097.57,283880.43,,,185097.71,123013.57,,51847.14,334297.0,,44129.14,,37892.79,32897.74,35568.03,35740.77,27549.11,52873.67,2.22,2.05,1.56,1.71,3.45,3.29
2006-05-01,2006,5,427655.29,,141254.71,242944.43,,,3150760.86,30961.57,77500.86,1200591.0,692269.43,49029.29,59250.43,17492.86,,11334.14,281360.86,,,204957.14,105388.29,24962.0,64589.29,355226.71,,,,38163.56,33108.4,35829.98,35983.92,27829.1,53358.84,2.07,2.06,1.57,1.7,3.47,3.5
2006-06-01,2006,6,399772.86,,148452.14,266625.86,,,3097318.0,31157.57,98939.43,1223208.71,710670.57,41000.43,52523.0,17476.57,,,281838.86,,,198240.86,109992.86,22515.71,79151.57,363712.86,,,,38434.33,33319.06,36091.93,36227.06,28109.09,53844.0,1.93,2.08,1.57,1.69,3.49,3.72
2006-07-01,2006,7,420887.29,,176339.0,287156.29,,,3264445.14,36387.71,103944.14,1276441.0,729414.86,26796.29,56773.57,20562.57,,,291013.57,,24504.57,207821.57,123296.43,21387.29,83639.14,399814.14,,,,38705.11,33529.73,36353.88,36470.21,28389.08,54329.16,1.79,2.09,1.58,1.68,3.52,3.93
2006-08-01,2006,8,371252.57,,170783.29,274274.86,,,2957881.86,47235.57,105199.43,1160001.29,674163.86,,64254.86,19264.14,,,278545.0,,,200643.43,124221.43,,79816.43,359381.43,,,,38705.11,33529.73,36353.88,36470.21,28389.08,54329.16,1.79,2.09,1.58,1.68,3.52,3.93
2006-09-01,2006,9,385067.57,,174748.57,256476.14,,,2983582.0,45999.29,110460.0,1171175.86,644468.14,,71190.29,17842.43,,,272071.86,,,197650.29,132324.71,,87753.14,375981.14,,,,38705.11,33529.73,36353.88,36470.21,28389.08,54329.16,1.79,2.09,1.58,1.68,3.52,3.93
2006-10-01,2006,10,361092.14,,190098.57,263086.71,,,2920774.57,44914.43,93937.14,1151642.57,626500.71,,61659.29,24029.71,,,304113.86,,,204517.86,140390.43,,86330.43,359702.71,,,,38705.11,33529.73,36353.88,36470.21,28389.08,54329.16,1.79,2.09,1.58,1.68,3.52,3.93
2006-11-01,2006,11,361268.14,,193554.71,269884.71,,,3042514.29,47368.0,97497.29,1190997.43,636510.29,,71825.43,23989.71,,,297601.14,,,209415.57,143765.71,,99417.43,353694.0,,,,38705.11,33529.73,36353.88,36470.21,28389.08,54329.16,1.79,2.09,1.58,1.68,3.52,3.93
2006-12-01,2006,12,333369.0,,214228.43,239399.43,,,2986439.86,41026.57,95264.29,1145629.71,601836.57,,59867.0,22713.43,,,318908.0,,,191922.86,148536.14,,91062.57,334259.86,,55310.71,,38705.11,33529.73,36353.88,36470.21,28389.08,54329.16,1.79,2.09,1.58,1.68,3.52,3.93
2007-01-01,2007,1,538976.57,,243807.43,235156.86,,,3276800.43,44010.71,,1225789.29,603787.0,,70297.43,37059.57,,,347935.86,,,205824.0,142703.43,,91885.0,338632.57,,74221.86,,39507.12,34149.87,37109.05,37196.99,28989.4,55338.77,1.8,2.05,,1.65,3.41,4.07
2007-02-01,2007,2,,,243961.0,250232.29,,,3723535.86,48562.29,,1362149.71,613728.14,,79503.86,,,,,,,207524.57,166379.29,,100824.29,318337.14,,83004.29,,,,,,,,1.8,2.02,,,3.31,4.21
2007-03-01,2007,3,,,291951.71,329155.29,,,,41365.57,,,742416.43,42066.43,72273.0,,,,,,79449.86,,194491.14,51961.86,117572.86,378272.0,,77331.0,135357.43,,,,,,,1.8,1.98,,,,
2007-04-01,2007,4,1092575.29,,314005.57,358396.71,,,,39700.14,689109.14,1674626.43,758683.14,54198.43,76356.0,90523.57,,,563732.0,,98871.14,,198640.43,55502.86,121429.43,391846.71,,73326.71,176377.0,41913.14,36010.31,39374.57,39377.3,30790.38,58367.59,1.81,1.94,1.99,1.57,3.1,4.48
2007-05-01,2007,5,1263201.57,,310036.71,391002.86,,,5148356.0,36437.71,851162.29,1818747.0,788394.14,72815.86,78390.86,105010.29,,,569602.29,,112360.71,244137.14,219259.71,66405.43,139246.14,404490.71,,84025.43,210387.71,42715.15,36630.46,40129.74,40104.08,31390.7,59377.2,1.81,1.9,2.09,1.54,3.0,4.62
2007-06-01,2007,6,1476623.71,,333645.0,436261.57,,,5541072.71,42069.71,1030449.43,1955177.86,807182.71,76347.57,81829.57,121841.43,,,650750.14,,140738.86,235476.57,241348.71,65845.43,137122.0,432700.71,,77343.29,232273.57,43517.16,37250.6,40884.91,40830.85,31991.03,60386.81,1.82,1.87,2.2,1.51,2.89,4.76
2007-07-01,2007,7,1738249.43,,315443.57,481258.43,,,6103242.43,43995.71,1220397.29,2125634.14,906670.29,93718.86,95757.86,135659.43,,22590.71,663191.14,79591.0,178731.0,226333.43,251297.57,56423.57,155054.57,451826.71,86308.0,76072.0,283827.43,44319.17,37870.75,41640.08,41557.62,32591.35,61396.42,1.82,1.83,2.3,1.49,2.79,4.9
2007-08-01,2007,8,1643601.29,,282023.57,441732.0,,,5592469.71,43013.14,1110129.29,1922033.14,825365.43,92745.29,84870.43,125934.0,,,623369.57,,158558.71,200728.57,243228.86,58572.43,143820.57,407803.29,,63672.43,271443.43,44319.17,37870.75,41640.08,41557.62,32591.35,61396.42,1.82,1.83,2.3,1.49,2.79,4.9
2007-09-01,2007,9,1642343.0,,295068.0,442511.71,,20502.0,5596677.86,37223.14,1169243.86,2035299.86,845344.57,100499.29,78038.71,100564.43,,,619259.86,,187137.14,189128.71,220498.0,61863.57,137812.71,418322.57,,56437.86,303795.43,44319.17,37870.75,41640.08,41557.62,32591.35,61396.42,1.82,1.83,2.3,1.49,2.79,4.9
2007-10-01,2007,10,1634211.43,,292886.43,416528.0,,18820.14,5582350.71,,1219244.57,2120499.43,815392.57,90267.29,82020.57,140831.14,,,627512.29,,189748.0,181745.57,228559.43,70678.29,140498.57,421152.57,,55203.14,314828.29,44319.17,37870.75,41640.08,41557.62,32591.35,61396.42,1.82,1.83,2.3,1.49,2.79,4.9
2007-11-01,2007,11,1615917.86,,294040.71,432977.86,,23341.0,5727439.57,,1281240.29,2165619.43,802353.71,87349.29,81223.43,140203.43,,,626997.29,,191015.86,153076.14,246470.71,71958.86,147734.0,418605.14,,55693.86,334374.29,44319.17,37870.75,41640.08,41557.62,32591.35,61396.42,1.82,1.83,2.3,1.49,2.79,4.9
2007-12-01,2007,12,1509121.57,,284191.29,407207.57,,,5401141.71,70324.43,1197246.57,2081760.0,755335.86,78452.14,73969.57,119520.14,,,597443.57,,199896.43,130357.86,241057.57,52908.57,133187.29,398127.86,,,353774.71,44319.17,37870.75,41640.08,41557.62,32591.35,61396.42,1.82,1.83,2.3,1.49,2.79,4.9
2008-01-01,2008,1,1442306.57,,288670.0,371623.57,,,5379740.0,66825.43,1092315.43,2212713.43,756677.71,73310.29,61519.0,120927.71,,,605252.57,,177724.43,137648.43,249434.71,55015.71,129488.14,404747.86,,,326558.0,44888.34,38309.91,42207.6,42123.1,33008.4,61390.23,,2.05,2.35,1.68,2.97,4.78
2008-02-01,2008,2,1302203.0,,286270.86,376451.71,,,5468427.14,68990.43,1005431.14,2281947.43,721935.29,61039.71,64053.43,122692.14,,,685019.43,,154194.71,147504.14,254627.14,53406.14,134705.86,394330.14,,,336976.57,45457.52,38749.08,42775.12,42688.58,33425.46,61384.04,,2.26,2.39,,3.15,4.66
2008-03-01,2008,3,1342827.57,,304349.29,437009.86,,,6049528.71,67173.29,985042.29,2627127.43,846815.71,61998.0,69255.0,134247.71,,,783539.86,,175981.57,193064.14,283197.86,57443.86,146216.29,461912.86,,,390537.0,,,,,,61377.86,,,,,3.34,4.54
2008-04-01,2008,4,1288033.43,,305906.0,486803.14,,,6091807.29,65950.29,871959.14,2576161.71,806916.57,53050.0,66356.43,135563.0,,,800249.43,,158434.43,192488.0,,79000.71,161488.0,479958.0,,,427628.86,46595.87,39627.41,43910.16,43819.53,34259.56,61371.67,3.35,2.7,2.49,2.25,3.52,4.42
2008-05-01,2008,5,1302395.43,,294679.0,503598.0,,,5850547.0,39347.86,742656.43,2613556.86,799013.57,52064.71,72891.71,104615.86,,,779308.57,,155385.57,187286.29,298776.29,71429.57,172350.29,461574.86,,,393730.86,47165.05,40066.58,44477.67,44385.01,34676.62,61365.48,3.73,2.91,2.53,2.43,3.71,4.3
2008-06-01,2008,6,1243664.86,,300575.43,493262.0,,,5670741.71,41859.14,589425.0,2621635.86,779015.86,46502.29,69863.0,92683.14,,,766061.57,,165632.71,188089.43,298371.14,69872.43,163366.71,446261.43,,,375805.86,47734.22,40505.75,45045.19,44950.48,35093.67,61359.29,4.11,3.13,2.58,2.62,3.89,4.18
2008-07-01,2008,7,1305779.14,138415.43,324994.86,543452.86,,118804.86,6032547.43,56197.29,597309.29,2832002.71,847386.14,43276.14,72543.14,108702.14,,,825472.71,76783.57,196577.43,201093.57,305182.57,86078.14,165532.43,451293.86,74954.86,,380565.14,48303.4,40944.91,45612.71,45515.96,35510.72,61353.11,4.49,3.35,2.63,2.81,4.08,4.06
2008-08-01,2008,8,1222134.86,154803.29,274515.57,508007.43,,107044.29,5418325.57,49648.43,508707.14,2468335.14,741381.43,41249.0,,86818.71,,,719072.71,65336.57,186244.43,176379.71,265824.14,85958.57,151933.71,375605.57,69456.86,,371426.86,48303.4,40944.91,45612.71,45515.96,35510.72,61353.11,4.49,3.35,2.63,2.81,4.08,4.06
2008-09-01,2008,9,1242733.86,171549.71,296829.43,510315.0,,107426.57,5092478.57,50150.71,420695.57,2440106.0,672353.14,43767.86,,88211.71,,,681120.43,54220.29,194799.86,156785.86,274480.57,90302.43,137413.43,371622.14,64167.57,,333181.14,48303.4,40944.91,45612.71,45515.96,35510.72,61353.11,4.49,3.35,2.63,2.81,4.08,4.06
2008-10-01,2008,10,1214516.14,186071.57,322060.29,529530.57,,108180.43,4893298.86,50106.14,365019.14,2386924.0,593837.14,45212.14,,79954.71,,,660920.0,72050.71,203645.14,122538.0,274413.0,89884.86,136477.57,345994.57,64983.43,,291679.43,48303.4,40944.91,45612.71,45515.96,35510.72,61353.11,4.49,3.35,2.63,2.81,4.08,4.06
2008-11-01,2008,11,1168392.29,,306110.43,477830.0,,98648.86,4463640.71,50885.0,269902.14,2313095.57,527228.71,40931.0,,76855.86,,,619474.29,71048.57,190529.86,128076.86,270515.43,74863.0,118564.29,302231.43,51596.57,,227699.29,48303.4,40944.91,45612.71,45515.96,35510.72,61353.11,4.49,3.35,2.63,2.81,4.08,4.06
2008-12-01,2008,12,1018772.71,,279483.29,462025.14,,83470.71,4013050.57,49843.57,230505.71,2061428.57,464545.71,36634.14,,69536.71,,,573207.14,72498.43,186318.71,123839.86,236094.14,76111.43,86407.57,258831.0,46792.71,,195862.57,48303.4,40944.91,45612.71,45515.96,35510.72,61353.11,4.49,3.35,2.63,2.81,4.08,4.06
2009-01-01,2009,1,984917.57,,266311.14,439708.57,,72474.57,3731588.71,49462.57,221932.86,1973970.14,468437.29,36749.71,,69489.86,,,583934.14,73115.43,155779.14,112851.43,212861.57,78914.14,79483.43,240787.71,40767.43,,,47797.24,40413.75,45046.66,44976.22,35033.41,,3.84,2.98,2.3,2.42,3.45,
2009-02-01,2009,2,936007.0,,269469.14,402172.0,,69999.29,3387424.86,36557.0,158751.29,1823379.71,396146.43,29201.29,,56591.29,,,556746.86,72390.14,121785.14,101133.43,203315.14,77311.0,73517.71,225611.86,30390.43,,,47291.08,39882.58,44480.61,44436.48,34556.09,,3.19,2.61,,2.03,2.83,
2009-03-01,2009,3,931540.86,,308324.43,475808.14,,76718.29,3673960.0,40497.0,178493.14,1976817.0,478949.0,26823.14,64540.86,63358.29,,,598126.71,78413.43,129670.86,119056.14,224379.14,76036.29,86133.29,244142.57,31077.29,,,46784.92,39351.42,43914.56,43896.73,34078.77,,2.54,2.25,,1.64,2.21,
2009-04-01,2009,4,880463.14,,282819.14,477337.0,,75907.29,3475971.71,34249.71,185892.86,1845948.71,483263.86,25555.29,64267.86,47492.43,,,540624.57,76880.0,124795.14,130158.14,211829.57,73197.14,81146.0,223613.57,30458.14,,,46278.77,38820.25,43348.51,43356.99,33601.45,56084.53,1.89,1.88,1.31,1.26,1.58,-0.82
2009-05-01,2009,5,797565.86,,262853.86,439082.86,,72277.86,3443917.86,35655.71,187011.86,1674865.43,495042.29,23326.71,48729.86,48800.29,,,509845.0,67926.71,108346.0,133634.57,212855.0,66607.57,66146.86,208882.57,28057.14,,,45772.61,38289.09,42782.47,42817.25,33124.14,54767.38,1.24,1.51,0.97,0.87,0.96,-2.04
2009-06-01,2009,6,760079.29,,255333.86,440687.86,,63586.57,3437257.14,44096.57,193330.14,1612641.14,560886.57,37540.14,41702.14,45589.71,,,509524.57,64668.71,145055.43,137138.14,198245.29,57113.86,73310.29,209068.0,,,,45266.45,37757.92,42216.42,42277.51,32646.82,53450.24,0.6,1.14,0.64,0.48,0.34,-3.26
2009-07-01,2009,7,817641.57,,289206.57,495989.0,,73994.86,3830354.57,55229.71,227610.57,1743251.0,638649.57,49999.29,51475.29,50069.86,,,557247.71,66458.57,167739.43,147395.0,217331.86,57307.71,89394.14,234502.29,,37298.29,,44760.29,37226.76,41650.37,41737.76,32169.5,52133.09,-0.05,0.77,0.31,0.09,-0.29,-4.48
2009-08-01,2009,8,733250.71,,245118.29,459304.29,,,3524432.57,48347.57,225056.71,1536967.29,563896.57,,,48453.86,,,472322.71,61856.0,170327.14,143646.14,202317.0,,78360.86,204890.57,,38258.14,,44760.29,37226.76,41650.37,41737.76,32169.5,52133.09,-0.05,0.77,0.31,0.09,-0.29,-4.48
2009-09-01,2009,9,716321.57,,227460.86,494253.0,,,3629544.71,54641.71,223265.14,1551027.29,537080.0,,,58282.86,,,468128.86,52814.57,182719.71,152524.29,209837.29,,76393.57,222565.43,,33938.29,,44760.29,37226.76,41650.37,41737.76,32169.5,52133.09,-0.05,0.77,0.31,0.09,-0.29,-4.48
2009-10-01,2009,10,714195.57,,237754.57,508718.71,,,3773515.86,55389.71,228343.43,1587723.29,567771.29,,,57356.57,,,486197.29,65104.71,201249.0,153859.29,221845.14,,79179.0,241166.57,,38993.86,,44760.29,37226.76,41650.37,41737.76,32169.5,52133.09,-0.05,0.77,0.31,0.09,-0.29,-4.48
2009-11-01,2009,11,720319.29,,270075.71,500101.86,,,3888284.43,65797.14,257183.43,1606021.57,570034.43,,,63457.29,,,508461.57,64240.71,217789.0,162603.14,222373.14,,77694.57,259047.0,,36300.29,,44760.29,37226.76,41650.37,41737.76,32169.5,52133.09,-0.05,0.77,0.31,0.09,-0.29,-4.48
2009-12-01,2009,12,717021.29,,250754.86,509434.86,,,3690476.71,,253918.14,1631262.43,552498.29,,,57439.29,,,502460.29,64402.14,198798.57,164112.29,206666.0,,88203.86,250852.43,,37838.43,,44760.29,37226.76,41650.37,41737.76,32169.5,52133.09,-0.05,0.77,0.31,0.09,-0.29,-4.48
2010-01-01,2010,1,701923.86,,268262.14,511563.0,,,3785217.57,,257936.14,1670067.0,531595.71,,,67435.43,,,484997.57,57982.43,176717.14,162079.14,197828.0,,84860.86,269676.86,,30836.43,183142.14,44678.1,37056.6,41639.24,41586.09,31935.64,51637.45,0.27,0.88,0.43,0.29,0.01,-3.97
2010-02-01,2010,2,686074.43,,271815.43,485673.0,,,3841537.14,,222771.86,1721177.43,485718.71,,,71206.0,,,496477.43,53063.43,162961.86,167540.14,195535.43,,86681.43,271829.29,,,219173.14,44595.91,36886.44,41628.11,41434.42,31701.78,51141.81,0.59,0.99,0.54,0.5,0.31,-3.46
2010-03-01,2010,3,808676.86,,297228.71,548606.57,,58296.0,4451396.43,,234077.29,2030087.0,563421.86,125259.14,49759.29,81574.57,,,579439.29,61707.86,171844.0,184890.57,216395.57,34822.57,107742.29,319399.71,30351.29,,252982.0,44513.71,36716.28,41616.98,41282.75,,,0.91,1.1,0.65,0.71,0.61,-2.95
2010-04-01,2010,4,815653.57,64762.57,291242.57,546051.57,,54888.43,4589424.57,,237153.29,,585288.43,134110.0,46315.43,74753.71,,,568788.0,70420.86,146208.57,192644.86,203866.0,43789.71,114141.43,334790.14,25699.0,,277014.29,44431.52,36546.12,41605.85,41131.08,31234.06,50150.52,1.23,1.2,0.76,0.91,0.91,-2.45
2010-05-01,2010,5,857934.0,67034.14,278985.86,499306.14,,52043.57,4608364.29,,238791.86,2215840.71,544254.86,125649.86,59867.71,71319.43,,,590607.57,59287.71,157922.86,198416.57,191504.43,54628.0,120409.14,331820.86,19429.57,,299852.29,44349.33,36375.96,41594.72,40979.41,31000.2,49654.88,1.55,1.31,0.88,1.12,1.2,-1.94
2010-06-01,2010,6,845551.29,72377.57,270956.57,491882.57,,51090.57,4670334.71,,203218.43,2298256.86,570493.29,141074.14,48727.14,68379.57,,,659882.0,71766.57,150342.29,180849.43,191985.14,58042.57,128733.71,336869.29,18131.14,,316925.57,44267.14,36205.8,41583.59,40827.74,30766.34,49159.24,1.87,1.42,0.99,1.32,1.5,-1.43
2010-07-01,2010,7,971374.14,85618.0,286761.29,530488.14,,46042.71,5066086.0,51746.57,218784.29,2466014.86,609592.71,148534.29,59040.0,75300.57,,,777800.14,69221.71,169747.43,170835.43,231889.71,62804.43,129758.14,360599.14,12827.43,,293615.0,44184.95,36035.64,41572.46,40676.06,30532.48,48663.6,2.19,1.53,1.1,1.53,1.8,-0.92
2010-08-01,2010,8,937028.29,109380.0,250242.57,473451.71,,51822.14,4680082.29,59325.43,198303.29,2285031.86,585755.43,144379.71,,64508.57,,,776833.57,69340.57,164589.57,,224060.43,59840.0,126683.86,315652.57,,,299299.57,44184.95,36035.64,41572.46,40676.06,30532.48,48663.6,2.19,1.53,1.1,1.53,1.8,-0.92
2010-09-01,2010,9,971675.57,116828.86,237748.57,458754.57,,49168.71,4633235.0,59151.86,201945.29,2261463.71,581405.43,132770.57,,68451.57,,,825690.43,66775.29,176102.0,,215294.29,62032.14,125542.14,327388.86,,31476.29,294279.43,44184.95,36035.64,41572.46,40676.06,30532.48,48663.6,2.19,1.53,1.1,1.53,1.8,-0.92
2010-10-01,2010,10,956124.0,113926.86,250787.71,463680.43,,41859.71,4548499.14,60808.57,186285.0,2291214.0,595911.71,128275.71,,67595.86,,,902940.57,68391.29,194506.71,,211594.57,60278.43,122550.43,324750.43,,35529.43,298655.29,44184.95,36035.64,41572.46,40676.06,30532.48,48663.6,2.19,1.53,1.1,1.53,1.8,-0.92
2010-11-01,2010,11,948596.43,128886.14,257934.57,465240.86,,38244.29,4554005.86,59737.43,175224.29,2190193.86,606762.29,136900.86,,70089.71,,,975492.14,68308.57,217933.57,,216519.14,50667.57,116451.86,316056.57,,36165.29,305695.0,44184.95,36035.64,41572.46,40676.06,30532.48,48663.6,2.19,1.53,1.1,1.53,1.8,-0.92
2010-12-01,2010,12,896639.57,139091.86,252127.0,464291.14,,36600.29,4366305.29,61693.29,171461.0,2084479.71,595651.43,133110.86,,74286.86,,,940733.86,65596.0,200237.14,,215160.71,35240.57,107486.57,317779.71,,41421.86,307915.57,44184.95,36035.64,41572.46,40676.06,30532.48,48663.6,2.19,1.53,1.1,1.53,1.8,-0.92
2011-01-01,2011,1,846923.14,,225962.0,439931.14,,42154.43,4294896.0,53911.0,164790.43,2034582.29,582244.57,116538.86,,77292.86,,,940567.14,53898.57,199361.14,,228887.14,28965.29,105708.0,325467.71,,48844.0,306890.86,44645.75,36409.07,,41128.98,30696.11,49171.62,2.38,1.7,1.24,1.61,2.0,-0.43
2011-02-01,2011,2,762517.71,,231489.57,400233.71,,51400.43,4268557.57,49635.43,144414.29,2043639.71,570378.71,97062.14,,73272.57,,,898205.57,55422.14,197560.71,,194117.29,24558.71,98603.29,306713.0,,55017.86,312119.86,45106.55,36782.5,,41581.89,30859.74,49679.63,2.57,1.88,1.38,1.7,2.2,0.07
2011-03-01,2011,3,845212.57,,273379.29,472784.71,,43318.71,5001675.0,38116.0,159839.86,2254064.0,617107.0,91899.57,52206.86,80519.86,,,988739.14,54501.29,223579.14,98088.71,224334.14,29094.57,114254.86,351058.43,78290.57,59306.14,314771.14,,37155.93,,42034.81,31023.37,50187.65,,,,,,
2011-04-01,2011,4,801532.14,,287159.57,461892.0,,43988.71,5096980.71,34840.71,138943.86,2297954.29,616203.86,78919.71,56705.43,69073.86,,,1008836.71,58439.86,215251.43,89942.14,236817.57,27491.29,122608.29,344037.43,86448.14,62365.29,310411.0,46028.16,37529.36,44505.85,42487.72,31187.01,50695.66,2.96,2.24,1.66,1.86,2.6,1.07
2011-05-01,2011,5,791314.57,,278062.86,464210.86,,55686.0,5347077.0,38144.86,152590.0,2267391.43,588594.86,76449.86,54454.0,58168.57,,,981100.0,63931.43,225394.71,71005.71,242460.29,25122.86,113904.57,344879.71,89515.57,71585.86,322017.29,46488.96,37902.78,45239.2,42940.64,31350.64,51203.68,3.15,2.42,1.8,1.95,2.8,1.56
2011-06-01,2011,6,767987.57,,276433.71,448372.0,,52189.14,5344614.71,37500.14,147186.43,2241627.71,601994.86,57199.0,56344.86,60000.71,,,969010.43,,233757.57,67108.57,242279.43,26164.29,119754.57,346555.14,82000.57,80858.29,351006.29,46949.76,38276.21,45972.55,43393.55,31514.27,51711.69,3.34,2.6,1.94,2.03,3.0,2.06
2011-07-01,2011,7,767939.57,,284664.43,475198.86,,53085.14,5736035.57,38720.14,156831.71,2363926.0,,69069.29,62744.43,59046.86,,,1080939.29,,255706.29,59457.14,263630.43,28266.29,119544.57,344394.86,82775.57,79739.29,,47410.57,38649.64,46705.9,43846.47,31677.9,52219.71,3.53,2.78,2.08,2.11,3.2,2.56
2011-08-01,2011,8,750664.0,202436.0,281773.0,449114.43,,43104.29,5392628.0,40927.57,154977.14,2094089.14,629907.0,72730.43,61493.86,49038.29,,,947570.86,,233077.0,50741.86,229796.86,33903.14,109236.14,303509.71,81693.57,74285.0,,47410.57,38649.64,46705.9,43846.47,31677.9,52219.71,3.53,2.78,2.08,2.11,3.2,2.56
2011-09-01,2011,9,765852.0,213964.43,291630.71,469362.71,,43791.43,5520717.29,40133.14,160753.14,2058943.43,612707.14,86536.43,59802.57,47859.14,,,953709.86,,237536.57,42054.0,237038.86,32361.57,104035.43,304619.71,81427.29,65438.86,392293.57,47410.57,38649.64,46705.9,43846.47,31677.9,52219.71,3.53,2.78,2.08,2.11,3.2,2.56
2011-10-01,2011,10,743048.57,226358.14,284356.29,440237.71,,41789.43,5318587.14,38790.57,156155.71,2105925.57,598282.29,91996.86,51798.29,53865.0,,,970066.14,,229536.29,40884.43,224743.29,31641.43,91229.71,298093.57,59066.0,94765.14,408752.71,47410.57,38649.64,46705.9,43846.47,31677.9,52219.71,3.53,2.78,2.08,2.11,3.2,2.56
2011-11-01,2011,11,759426.43,213702.14,264400.71,452312.0,,44971.57,5268642.43,36952.57,181081.14,1990915.14,623576.86,90992.29,40387.86,56666.0,,,951116.29,,246112.43,36127.71,224788.43,39823.57,68030.14,303986.86,54545.43,,432231.43,47410.57,38649.64,46705.9,43846.47,31677.9,52219.71,3.53,2.78,2.08,2.11,3.2,2.56
2011-12-01,2011,12,801740.29,173409.29,266463.14,420735.14,,33809.71,4838589.0,29996.86,173380.71,1851260.57,615178.57,87400.86,39294.29,63564.71,52754.0,,927788.29,,221999.14,46979.57,232973.43,44835.14,63546.71,302630.0,41107.0,,434457.71,47410.57,38649.64,46705.9,43846.47,31677.9,52219.71,3.53,2.78,2.08,2.11,3.2,2.56
2012-01-01,2012,1,857893.0,167266.71,283189.57,384086.86,,32345.57,4732234.14,29316.86,175154.57,1833652.29,581924.43,85757.14,34891.0,54322.71,60343.0,,929783.29,,213594.71,69210.43,220437.43,43521.57,56802.0,300338.43,37308.71,218757.14,393825.57,47019.14,38135.62,46298.75,43421.38,31198.62,51751.72,3.43,2.82,2.07,2.09,3.09,2.43
2012-02-01,2012,2,900531.71,150671.14,304233.0,378446.43,,35293.14,4655502.14,25181.71,163944.57,1720040.71,,60851.86,28721.57,68302.86,,,931749.14,,207465.71,91563.29,209635.14,51597.71,53896.86,312693.29,38819.57,221858.14,378602.86,46627.71,37621.61,45891.6,42996.29,30719.34,51283.74,3.33,2.86,2.06,2.07,2.98,2.31
2012-03-01,2012,3,,145670.43,,414971.14,,37355.0,5228969.57,23563.57,171798.14,2023088.0,634442.57,57505.43,35179.43,70982.86,,11279.0,1095246.71,89440.71,230009.86,116191.29,235340.71,46357.0,61030.0,356357.43,49400.71,232315.71,390738.0,46236.28,37107.59,45484.45,42571.2,30240.06,50815.75,3.24,2.89,2.05,2.04,2.87,2.19
2012-04-01,2012,4,950645.71,131553.29,328852.71,376117.57,,29118.86,4996151.71,20856.71,177373.86,1922668.0,657094.29,45043.71,35814.86,68475.0,,11088.86,1036158.57,88365.43,249565.29,114538.29,251865.43,49603.86,65801.29,355487.71,36801.71,232757.57,407525.29,45844.85,36593.57,45077.3,42146.12,29760.78,50347.77,3.14,2.93,2.04,2.02,2.77,2.07
2012-05-01,2012,5,969678.71,141425.29,344157.71,374851.57,,35872.14,5003800.43,21777.86,198849.0,1807925.29,690027.0,43201.29,57888.71,56911.57,,13326.86,1038802.71,88153.71,267542.86,123220.43,261058.43,52407.57,55855.14,364700.86,36475.71,212396.29,417019.86,45453.42,36079.56,44670.15,41721.03,29281.5,49879.79,3.04,2.97,2.03,2.0,2.66,1.94
2012-06-01,2012,6,949443.0,177582.29,355580.29,378264.0,,36746.71,4944575.57,24146.57,191369.29,1877549.57,692882.86,41031.29,56677.43,51744.14,,17193.86,985625.14,84424.71,256777.14,128018.57,242044.14,50325.0,60246.0,353353.14,43096.14,149663.43,420407.0,45061.99,35565.54,44263.0,41295.94,28802.23,49411.8,2.94,3.0,2.02,1.98,2.55,1.82
2012-07-01,2012,7,912607.43,201367.57,374869.71,401046.14,,41358.14,5287489.57,35313.14,194277.0,2004394.57,729912.29,36956.57,53320.14,57610.43,,15005.0,1072628.14,82668.43,304585.43,127944.43,234638.86,49841.71,60031.29,354613.29,47715.43,69168.0,434215.0,44670.56,35051.52,43855.85,40870.85,28322.95,48943.82,2.84,3.04,2.01,1.95,2.45,1.7
2012-08-01,2012,8,826195.71,211900.0,348130.57,381444.43,,41235.71,4883425.43,31838.57,185429.86,1837761.71,684840.43,32213.43,55313.29,56299.29,,,987825.71,78972.14,303693.86,,221751.14,62198.29,65336.71,311049.57,46386.86,64788.86,441910.43,44670.56,35051.52,43855.85,40870.85,28322.95,48943.82,2.84,3.04,2.01,1.95,2.45,1.7
2012-09-01,2012,9,780456.14,192698.71,322540.14,372350.43,,38357.0,4761860.71,30263.71,196920.86,1903774.0,668740.43,31497.57,58038.29,45269.14,,,940584.0,81450.86,322205.0,,211331.57,57783.57,56512.43,299214.14,48972.14,,472628.0,44670.56,35051.52,43855.85,40870.85,28322.95,48943.82,2.84,3.04,2.01,1.95,2.45,1.7
2012-10-01,2012,10,761297.29,177895.86,299217.0,390275.0,,38638.86,4703561.57,30030.0,196075.86,1831668.29,620151.71,38769.57,53564.43,51121.14,,,929529.86,73352.0,328873.71,,215264.43,64163.71,50618.0,286494.57,42024.0,,487442.14,44670.56,35051.52,43855.85,40870.85,28322.95,48943.82,2.84,3.04,2.01,1.95,2.45,1.7
2012-11-01,2012,11,812340.43,169537.14,311171.43,407974.71,,45113.0,4749653.29,34587.57,198876.57,1804012.43,624569.71,39286.14,60801.0,59721.0,,,981194.0,83194.29,305747.29,,188598.29,59608.71,47128.86,285202.86,41270.57,,511095.0,44670.56,35051.52,43855.85,40870.85,28322.95,48943.82,2.84,3.04,2.01,1.95,2.45,1.7
2012-12-01,2012,12,731158.57,156308.14,261237.14,406555.29,,38188.57,4353220.71,33855.57,166317.14,1771114.86,558900.29,36458.86,34599.71,54450.86,,,946248.43,80036.0,276684.71,,178041.14,53008.71,55169.14,259700.43,42537.29,,476412.43,44670.56,35051.52,43855.85,40870.85,28322.95,48943.82,2.84,3.04,2.01,1.95,2.45,1.7
2013-01-01,2013,1,723382.0,117379.43,262987.86,403316.14,,39629.14,4367537.29,35806.71,151441.57,1705807.71,562666.43,38679.43,36387.71,54847.86,,,988796.86,,272352.86,,200941.43,54842.86,50664.29,254832.86,38068.57,,464644.14,44968.76,35124.17,44204.86,41118.26,28430.69,49308.56,2.59,2.78,,,2.3,1.53
2013-02-01,2013,2,719025.29,81824.71,240650.29,393869.86,,33880.14,4163541.29,25071.14,150803.43,1573192.14,528972.71,42705.86,45310.29,46696.14,,,962175.86,,236556.29,,200497.0,,48988.86,248733.43,37352.0,,460255.14,45266.96,35196.82,44553.87,41365.67,28538.44,49673.29,,,,,2.15,1.36
2013-03-01,2013,3,765431.57,78572.29,251968.71,448373.57,,39465.43,4628192.86,27918.0,157708.29,1715678.29,603368.14,47129.43,44864.14,53893.43,,,1078569.86,,234538.43,57210.43,218930.29,,44646.57,282361.57,46585.43,,487266.43,45565.16,35269.48,44902.88,41613.08,28646.19,50038.02,,,,,,
2013-04-01,2013,4,780567.86,101476.43,255499.29,444571.14,,33987.57,4570650.57,32496.14,123141.57,1640519.43,641796.86,47181.43,37829.57,50339.86,,,1093436.29,,215006.29,52505.43,213092.57,,48187.43,281207.14,42711.86,,460393.29,45863.36,35342.13,45251.89,41860.49,28753.94,50402.76,1.85,2.0,1.72,1.33,1.85,1.02
2013-05-01,2013,5,791648.43,139133.29,274525.0,454643.14,,37459.0,4524377.0,31429.57,123106.14,1649213.29,655023.57,,38935.71,49214.0,,,1120261.71,,214492.14,38110.0,192317.71,,,272883.14,41601.14,,452525.71,46161.55,35414.78,45600.9,42107.9,28861.69,50767.49,1.61,1.74,1.65,1.18,1.71,0.85
2013-06-01,2013,6,739523.71,200234.71,251201.14,451624.43,,28682.43,4464477.29,35035.43,97064.0,1674371.43,639740.43,,29136.86,43766.86,,,1154784.57,,227820.86,37984.71,192159.57,,,260991.14,49381.43,,446691.29,46459.75,35487.43,45949.91,42355.31,28969.43,51132.23,1.36,1.48,1.58,1.02,1.56,0.68
2013-07-01,2013,7,840510.29,216312.71,276121.86,501077.57,,36904.29,4851181.0,45967.43,103029.57,1736589.57,670535.0,200950.57,32052.14,46243.57,,,1207413.57,,253195.57,35198.43,191954.43,,,268871.86,59926.57,28163.29,503910.0,46757.95,35560.08,46298.92,42602.72,29077.18,51496.96,1.11,1.22,1.5,0.86,1.41,0.51
2013-08-01,2013,8,779144.86,275071.57,241793.86,437575.43,,28779.43,4385347.43,42209.14,95672.71,1560965.0,606470.86,192767.57,29779.29,,,,1121432.29,,248064.86,22671.57,156275.86,,,246570.0,56588.29,,514531.57,46757.95,35560.08,46298.92,42602.72,29077.18,51496.96,1.11,1.22,1.5,0.86,1.41,0.51
2013-09-01,2013,9,755824.86,330053.14,254870.71,420081.0,,29796.71,4357262.86,46256.71,88440.71,1579988.0,596033.43,202641.71,21004.86,,,,1101336.43,,243637.14,17982.29,169455.71,,,235349.71,,,516185.0,46757.95,35560.08,46298.92,42602.72,29077.18,51496.96,1.11,1.22,1.5,0.86,1.41,0.51
2013-10-01,2013,10,759777.0,362940.71,254994.43,401115.29,,30256.57,4322689.86,46807.57,89985.57,1627213.43,582586.43,206329.71,19962.14,,,,1096195.71,,260878.86,17397.29,178182.0,,,218942.71,,,535673.29,46757.95,35560.08,46298.92,42602.72,29077.18,51496.96,1.11,1.22,1.5,0.86,1.41,0.51
2013-11-01,2013,11,737710.14,344370.86,254232.14,402178.86,,46895.57,4278039.29,42745.29,98262.86,1644493.29,537861.14,217017.57,21181.43,,,,1098468.71,,265781.71,24199.71,180283.29,,,222344.29,,,582109.86,46757.95,35560.08,46298.92,42602.72,29077.18,51496.96,1.11,1.22,1.5,0.86,1.41,0.51
2013-12-01,2013,12,652821.0,359691.57,,363826.14,,50498.0,3914171.14,41669.14,88311.86,1509922.14,446457.14,74785.14,17915.86,,,,1003270.29,,266322.71,23979.14,172703.43,,41804.86,217690.86,,,587102.14,46757.95,35560.08,46298.92,42602.72,29077.18,51496.96,1.11,1.22,1.5,0.86,1.41,0.51
2014-01-01,2014,1,663836.86,317552.43,227576.43,345113.71,,56698.86,3975664.57,36186.71,92292.0,1569603.43,419164.86,70944.0,17790.43,,,,1027179.0,44031.0,259453.0,24418.71,166412.43,,48287.57,212548.29,,,570201.29,46901.68,35560.89,46545.34,42669.27,29139.53,52104.93,1.0,1.08,1.42,0.81,1.19,0.46
2014-02-01,2014,2,577735.29,301240.57,250531.86,304527.29,,63166.43,3830779.57,27350.57,88435.57,1562788.43,413236.29,78725.86,29414.29,,,,1066171.71,46762.86,273937.43,20309.0,159777.57,,43906.57,230675.0,,,572356.29,47045.41,35561.69,46791.76,42735.81,29201.89,52712.91,0.89,0.94,1.33,0.76,0.96,0.42
2014-03-01,2014,3,642485.71,310846.71,263970.0,342335.43,,66040.71,4266033.29,28435.14,91347.0,1773784.0,468273.71,80686.57,39012.71,60042.86,,,1198413.71,51428.0,311716.0,31004.86,181767.71,,54538.29,246680.43,,,584104.86,,35562.5,,42802.36,,,,,,0.71,,0.37
2014-04-01,2014,4,636281.86,323633.86,259507.0,356347.71,,69983.86,4344256.14,27011.0,81874.86,1807669.43,499135.86,65820.43,37813.71,54959.71,,11888.43,1187604.86,54958.14,,29409.86,171149.29,62100.71,54591.71,264303.14,34309.29,48147.14,645248.86,47332.88,35563.3,47284.61,42868.91,29326.59,53928.85,0.67,0.66,1.16,0.66,0.52,0.32
2014-05-01,2014,5,644315.29,319048.29,266947.57,354165.86,,73995.57,4348225.71,26795.86,66736.29,1687391.14,490989.86,77403.29,41010.57,54912.71,,15396.0,1201676.57,50703.43,361442.71,29215.86,175997.43,58882.29,62419.29,293809.57,45731.57,55659.57,670769.0,47476.61,35564.11,47531.03,42935.45,29388.95,54536.82,0.56,0.52,1.08,0.61,0.29,0.28
2014-06-01,2014,6,652708.86,318954.71,263839.14,359525.29,,71958.0,4347421.86,29813.29,68105.29,1665290.14,525757.43,83122.14,51246.86,64795.14,,22053.71,1218133.29,54923.0,377835.14,20222.43,183177.29,73690.43,61930.29,298236.86,52365.71,50900.71,700724.71,47620.34,35564.92,47777.45,43002.0,29451.3,55144.79,0.45,0.38,0.99,0.56,0.07,0.23
2014-07-01,2014,7,705901.71,296745.0,273597.43,401600.0,,102449.86,4754421.71,39855.71,82123.86,1731387.29,608106.57,84912.71,50886.71,59711.86,,27110.86,1305686.43,55610.0,420203.14,21507.0,209380.43,78602.14,71634.43,320302.71,63613.14,59829.29,756041.43,47764.07,35565.72,48023.87,43068.55,29513.65,55752.76,0.34,0.24,0.91,0.51,-0.15,0.18
2014-08-01,2014,8,642898.14,321880.0,245824.14,377880.14,13390.71,,4263684.43,40678.86,97632.0,1491266.0,586081.71,74026.86,53001.43,56318.29,,,1142867.71,,414331.57,19120.57,200945.14,78783.43,61051.0,304191.86,,71865.29,802368.0,47764.07,35565.72,48023.87,43068.55,29513.65,55752.76,0.34,0.24,0.91,0.51,-0.15,0.18
2014-09-01,2014,9,643299.43,322495.86,233859.14,370918.86,11279.0,,4361495.14,40278.14,95226.86,1454951.57,601555.71,66353.43,41923.43,46271.86,,,1098079.43,,417837.57,19801.86,225107.86,74974.57,69489.14,290788.57,,81338.14,781152.86,47764.07,35565.72,48023.87,43068.55,29513.65,55752.76,0.34,0.24,0.91,0.51,-0.15,0.18
2014-10-01,2014,10,642942.29,296695.43,263971.57,402937.29,9292.43,,4482644.29,47864.29,103239.29,1411003.14,604182.43,79117.57,35069.0,34613.43,,,1103462.29,,389996.57,21211.43,247427.57,78614.57,66699.71,306134.86,,98476.0,838179.43,47764.07,35565.72,48023.87,43068.55,29513.65,55752.76,0.34,0.24,0.91,0.51,-0.15,0.18
2014-11-01,2014,11,619814.86,260184.71,249860.14,410926.14,6238.14,,4547504.0,44204.29,120237.0,1437079.14,590131.71,81383.29,33413.71,50680.71,,,1134106.0,,367691.71,23256.71,242082.29,110962.86,63386.86,306553.0,,109553.71,855280.43,47764.07,35565.72,48023.87,43068.55,29513.65,55752.76,0.34,0.24,0.91,0.51,-0.15,0.18
2014-12-01,2014,12,,272026.43,223744.43,422141.86,8455.71,,4259847.57,42529.57,129179.43,1409858.14,593952.43,69758.29,31235.43,41309.57,,,1087346.57,,325829.0,25567.71,219188.0,111750.14,53864.14,289978.0,,139031.57,901434.0,47764.07,35565.72,48023.87,43068.55,29513.65,55752.76,0.34,0.24,0.91,0.51,-0.15,0.18
2015-01-01,2015,1,521751.14,267372.14,219485.71,406300.14,,,4372003.0,39191.29,136003.14,1421827.71,602178.0,64514.57,26162.57,29817.71,,,1055064.43,,310595.0,27421.71,228063.43,89876.57,54962.43,284716.14,,142177.14,895926.43,46798.96,,47035.21,,28976.61,56670.84,0.37,0.21,0.85,0.44,-0.2,0.12
2015-02-01,2015,2,506937.29,250717.29,237326.0,381900.0,,,4253779.14,38414.57,116296.86,1529285.43,580251.57,71690.86,39483.14,33031.29,,,1029746.43,,301103.0,26959.71,218287.43,88023.0,61643.57,266682.14,,135800.14,851909.14,,,46046.55,,,57588.91,0.4,0.18,0.79,0.37,-0.25,0.05
2015-03-01,2015,3,587000.86,262343.0,280469.14,410858.0,,95731.86,4787893.14,40376.43,129884.57,1662898.86,624422.71,82488.57,54279.57,35600.14,,,1196280.71,,315244.0,27364.86,249934.43,87543.29,76815.57,306340.43,,140347.29,887108.57,,,45057.89,,,,0.43,0.15,,,-0.3,
2015-04-01,2015,4,629969.71,285309.57,282780.86,420006.29,,113841.43,4853672.86,40958.0,140080.86,1694257.43,613778.43,74409.14,67450.0,39017.57,42082.57,,1187880.86,48169.57,304903.14,31906.0,236662.43,78181.43,69595.0,291627.14,,137396.71,973057.57,43903.63,32523.82,44069.23,39402.48,27365.49,59425.05,0.47,0.13,0.68,0.24,-0.35,-0.09
2015-05-01,2015,5,614240.86,289757.0,285225.0,391219.14,,127374.57,4761272.14,34286.29,155856.86,1674507.43,620557.86,80034.14,82034.14,38046.86,36051.43,,1144268.0,38661.14,313579.29,28600.57,210470.0,79260.57,65152.29,288898.86,,128570.57,974291.14,42938.52,31763.34,43080.57,38485.96,26828.44,60343.12,0.5,0.1,0.63,0.17,-0.4,-0.15
2015-06-01,2015,6,620079.0,269140.14,300116.0,402235.86,,126864.86,4723147.0,37241.57,149987.29,1611612.57,604413.0,89007.0,94471.29,25350.0,,,1171412.86,,365950.14,32801.86,207443.29,,74680.29,287335.29,,134565.71,1003661.14,41973.41,31002.86,42091.92,37569.44,26291.4,61261.19,0.53,0.07,0.57,0.1,-0.45,-0.22
2015-07-01,2015,7,658305.86,258324.86,316614.71,433799.71,,138154.14,5197000.43,37054.71,154896.57,1744223.57,633951.29,89086.29,121512.29,26199.43,,,1287841.86,,411041.29,39946.43,231937.43,108127.43,77062.71,275899.57,59364.71,117513.14,1053100.71,41008.3,30242.39,41103.26,36652.92,25754.36,62179.26,0.56,0.04,0.51,0.04,-0.5,-0.29
2015-08-01,2015,8,635854.0,290935.43,290609.71,401342.0,,130191.71,4678975.29,45828.57,142974.71,1538004.71,574833.0,83230.0,120774.86,22959.86,,,1179153.57,,382450.43,,195669.86,121547.43,,,62891.57,114525.71,1014386.57,41008.3,30242.39,41103.26,36652.92,25754.36,62179.26,0.56,0.04,0.51,0.04,-0.5,-0.29
2015-09-01,2015,9,616922.71,323022.43,301773.0,407287.29,,124851.57,4863527.57,37882.29,162064.57,1474667.86,551668.57,85288.57,134096.0,23839.0,,,1177251.43,,364405.57,,189053.14,116617.71,,255860.43,65108.86,129656.0,1024176.71,41008.3,30242.39,41103.26,36652.92,25754.36,62179.26,0.56,0.04,0.51,0.04,-0.5,-0.29
2015-10-01,2015,10,608897.86,311871.0,309065.29,430578.0,,157743.57,4986904.86,56385.86,146095.71,1540735.29,543845.14,86281.43,124738.71,25491.57,,,1142137.86,,400570.57,,184807.29,116869.57,,239604.57,60439.0,148079.43,1054877.86,41008.3,30242.39,41103.26,36652.92,25754.36,62179.26,0.56,0.04,0.51,0.04,-0.5,-0.29
2015-11-01,2015,11,611355.43,346694.71,332417.43,435472.86,,143589.0,4953882.71,53813.29,142740.57,1579817.14,550872.43,90019.86,121150.57,28666.71,,,1171139.0,,426447.86,,193614.71,,,249170.57,59919.14,161984.86,1002691.43,41008.3,30242.39,41103.26,36652.92,25754.36,62179.26,0.56,0.04,0.51,0.04,-0.5,-0.29
2015-12-01,2015,12,588319.43,362202.29,302254.0,421992.0,,147374.29,4690418.29,52470.14,116255.0,1522934.14,496628.86,73246.14,110232.43,27699.14,,,1151880.57,,409683.14,,201809.14,,,241393.57,59210.57,156900.0,1095350.29,41008.3,30242.39,41103.26,36652.92,25754.36,62179.26,0.56,0.04,0.51,0.04,-0.5,-0.29
2016-01-01,2016,1,583245.71,378434.29,288468.86,393999.43,,153384.86,4684498.29,56569.43,117130.71,1559784.43,532638.57,64375.43,101166.14,23696.14,,38442.43,1122313.14,,361566.71,,194200.43,,,225545.57,54998.86,129930.43,1043837.29,41151.77,30345.01,41250.81,36711.44,25866.19,62265.66,0.76,0.02,0.51,0.06,-0.46,-0.25
2016-02-01,2016,2,626361.86,381679.86,292572.43,344363.57,,153510.57,4658375.71,60470.29,125745.43,1619717.29,525480.29,69210.57,84868.43,28820.57,,32906.0,1086706.57,,353050.86,,168345.86,,,235983.43,60195.86,125893.0,964087.71,41295.25,30447.63,41398.36,36769.95,25978.02,62352.06,,0.0,0.51,0.08,-0.42,-0.2
2016-03-01,2016,3,667856.14,385917.86,348771.86,406224.43,,179245.43,5437710.71,53040.0,150836.43,1871553.29,564821.29,70540.86,92125.71,33714.0,,31763.86,1238636.29,48152.0,389651.86,51559.29,190109.86,,59935.29,276382.86,69988.71,139811.0,986058.43,41438.72,30550.25,41545.91,36828.47,26089.85,62438.46,,,0.5,0.1,-0.37,-0.16
2016-04-01,2016,4,692241.43,364315.0,345441.29,400458.29,,180450.43,5418199.86,63435.86,146646.71,1945096.0,609756.86,63045.0,78602.29,33458.0,,34975.57,1309614.29,48326.0,418235.0,54379.71,187514.29,,55340.71,271122.71,74761.86,133386.71,1049201.29,41582.2,30652.87,41693.46,36886.99,26201.67,62524.87,1.37,-0.04,0.5,0.12,-0.33,-0.12
2016-05-01,2016,5,676596.57,349057.29,327385.14,389306.57,,160590.29,5429086.86,62071.0,159328.71,2021916.86,634072.43,61572.14,89094.86,29276.0,,30211.86,1338874.29,47886.14,406233.43,48728.57,179751.43,,53458.14,289228.43,80051.86,127332.57,1039464.71,41725.67,30755.49,41841.02,36945.5,26313.5,62611.27,1.57,-0.06,0.5,0.14,-0.29,-0.08
2016-06-01,2016,6,667807.57,313985.57,296370.71,380612.86,,186188.29,5590342.29,70639.71,167116.0,2019744.71,625597.0,67891.14,94887.29,26038.86,,26042.43,1335079.29,48719.71,378473.57,46614.57,157810.86,,48376.86,301269.14,80368.86,108954.43,1111846.86,41869.15,30858.11,41988.57,37004.02,26425.33,62697.67,1.77,-0.08,0.49,0.16,-0.25,-0.03
2016-07-01,2016,7,731854.71,279956.29,311242.57,420261.0,,173563.0,6046184.0,,180617.43,2183755.86,687627.14,87710.0,100016.0,26295.29,,25094.43,1421541.57,54227.43,429292.29,48014.29,162022.14,,50307.71,309433.0,75723.29,108046.29,1104213.29,42012.62,30960.73,42136.12,37062.53,26537.16,62784.07,1.97,-0.09,0.49,0.18,-0.2,0.01
2016-08-01,2016,8,690863.29,284138.0,310738.29,404757.86,,150612.0,5705437.57,,163734.57,1960684.57,633264.43,80587.43,103990.0,26651.14,,26263.86,1316079.29,48172.86,397999.57,,150946.43,,44696.0,288431.14,76577.86,117113.86,1115773.29,42012.62,30960.73,42136.12,37062.53,26537.16,62784.07,1.97,-0.09,0.49,0.18,-0.2,0.01
2016-09-01,2016,9,664804.57,276764.71,326394.57,419291.43,,169583.57,5835052.29,103766.43,155932.57,1895000.86,668116.29,85067.86,101549.71,22480.71,,32378.71,1298976.71,47494.14,390156.86,,159511.43,496549.14,44803.14,298643.57,81286.86,111607.57,1185249.14,42012.62,30960.73,42136.12,37062.53,26537.16,62784.07,1.97,-0.09,0.49,0.18,-0.2,0.01
2016-10-01,2016,10,664286.29,282941.71,316353.14,403396.29,,162015.29,5802241.57,107372.86,140274.14,1880944.0,676610.71,87945.29,102812.29,24834.57,,31628.71,1265512.29,48471.86,403970.29,,149335.0,512615.86,40807.86,307865.57,81773.57,115536.0,1294474.71,42012.62,30960.73,42136.12,37062.53,26537.16,62784.07,1.97,-0.09,0.49,0.18,-0.2,0.01
2016-11-01,2016,11,639308.57,256426.57,302823.43,394664.14,,161113.0,5886805.14,94705.86,137958.14,1857486.0,658395.29,101150.86,106891.43,20829.29,56094.14,32432.43,1191354.14,51914.86,385179.57,,154433.0,408517.14,40620.57,322642.29,89065.71,113651.57,1398449.14,42012.62,30960.73,42136.12,37062.53,26537.16,62784.07,1.97,-0.09,0.49,0.18,-0.2,0.01
2016-12-01,2016,12,628892.14,260169.0,287253.29,377758.71,,165385.43,5582581.29,74520.0,114906.43,1782345.14,600548.71,106692.14,110794.71,22083.71,51494.86,32494.29,1108362.0,,337315.0,,137103.0,341408.0,37713.71,307925.43,80235.29,106743.71,1506076.14,42012.62,30960.73,42136.12,37062.53,26537.16,62784.07,1.97,-0.09,0.49,0.18,-0.2,0.01
2017-01-01,2017,1,661095.0,238825.0,286638.43,348695.57,,147423.43,5598980.14,63287.86,119724.86,1791315.71,613666.57,100994.14,123937.71,43774.71,,29251.71,1081506.14,,331065.86,,144317.29,298802.57,47468.29,314475.43,72956.71,109452.14,1469305.43,42324.89,31167.3,42495.62,37308.04,26772.61,,2.0,0.09,,0.3,,0.06
2017-02-01,2017,2,633160.14,232273.43,295524.57,305089.71,6916.71,155933.0,5674432.57,35067.29,121025.0,1795561.29,589239.86,86178.86,141060.29,,,28738.57,1024005.29,,301198.43,,123420.71,191606.57,51232.0,307558.43,86144.57,141039.86,1421409.71,,,,,,,2.02,,,,,0.1
2017-03-01,2017,3,725453.57,248108.57,330768.14,346515.57,5639.86,162953.71,6569078.0,31404.57,146654.29,2038641.29,641549.71,97601.14,,,,31177.29,1140103.71,,341653.29,40699.71,144493.86,149890.0,55001.14,,90186.57,134121.29,1521865.0,,,,,,,2.04,,,,,
2017-04-01,2017,4,704231.0,239597.43,333053.0,337498.43,3377.86,152483.86,6444806.29,21831.0,150285.71,2049537.86,607302.29,91122.14,184973.14,,,23566.14,1084301.57,,333618.57,37541.57,144924.86,146648.14,55285.57,350764.29,82510.29,148427.14,1527472.86,43261.69,31787.01,43574.1,38044.54,27478.97,66993.59,2.06,0.66,1.07,0.67,1.03,0.2
2017-05-01,2017,5,744657.43,249858.0,349170.57,363422.57,7563.29,149874.0,6498372.71,21631.57,153032.29,2145033.43,649232.86,86926.86,192895.86,186514.14,,20174.71,1120117.43,,333386.29,26483.57,157170.14,78494.71,60856.14,342601.43,86524.29,139495.57,1541832.86,43573.95,31993.58,43933.6,38290.04,27714.42,68045.97,2.08,0.85,1.22,0.79,1.34,0.25
2017-06-01,2017,6,795311.86,280524.57,376606.57,419393.0,9706.57,182306.14,6602065.43,35406.43,166776.71,2194320.14,668730.57,74371.57,199302.14,238576.29,,19992.0,1158005.71,,351883.14,25083.14,152173.86,72879.14,64108.43,332977.57,75812.29,132232.14,1497565.57,43886.22,32200.15,44293.09,38535.55,27949.87,69098.36,2.1,1.04,1.36,0.91,1.65,0.29
2017-07-01,2017,7,869171.43,303129.86,397380.71,445717.29,8952.14,201543.14,6988007.86,38578.29,170597.86,2244923.57,735957.29,64375.29,196420.71,285389.43,,21902.29,1203847.57,53682.29,405551.71,24634.0,165733.71,70978.14,61171.43,351604.71,94992.71,141190.86,1488034.86,44198.48,32406.72,44652.59,38781.05,28185.32,70150.74,2.13,1.23,1.51,1.03,1.96,0.34
2017-08-01,2017,8,801626.57,330436.29,389909.29,444206.0,8854.29,188911.57,6520570.0,41787.71,158959.57,2063871.86,670063.0,53823.29,181248.71,259274.43,,20276.29,1099118.14,47795.14,393763.0,,151553.0,70061.57,52763.14,310835.0,90702.29,136539.71,1473063.57,44198.48,32406.72,44652.59,38781.05,28185.32,70150.74,2.13,1.23,1.51,1.03,1.96,0.34
2017-09-01,2017,9,825402.71,348576.86,374340.14,477787.29,14129.43,187699.29,6607071.57,41289.71,156600.0,2143435.86,682710.71,60426.0,187109.57,258413.57,,22715.0,1137366.57,43104.71,400462.57,,166806.43,70386.29,46862.86,313436.57,78402.29,109279.57,1454800.71,44198.48,32406.72,44652.59,38781.05,28185.32,70150.74,2.13,1.23,1.51,1.03,1.96,0.34
2017-10-01,2017,10,830761.43,359402.57,353609.43,472991.57,16136.14,212354.29,6474404.14,42953.43,145109.43,2241330.0,692342.14,66859.71,191277.86,273550.86,,27663.57,1128657.14,47822.71,401294.29,,167108.0,69426.29,42366.43,310264.14,85072.57,112477.43,1370009.43,44198.48,32406.72,44652.59,38781.05,28185.32,70150.74,2.13,1.23,1.51,1.03,1.96,0.34
2017-11-01,2017,11,876520.71,358861.86,337631.71,489578.0,20453.14,235904.29,6663105.14,46730.43,153094.57,2213854.86,687121.86,63730.86,184993.71,273071.57,,34880.57,1184260.86,47315.29,414940.43,,166796.29,70677.0,41688.43,303171.14,95317.0,109355.71,1317551.0,44198.48,32406.72,44652.59,38781.05,28185.32,70150.74,2.13,1.23,1.51,1.03,1.96,0.34
2017-12-01,2017,12,814612.14,345069.57,303490.86,446384.14,22059.0,221323.0,6360858.86,49479.0,153722.29,2015193.57,604427.0,77881.0,194456.14,255186.86,,35768.14,1111092.29,53167.14,406935.0,,152750.14,78526.57,37335.0,292590.29,78467.14,104747.0,1361622.14,44198.48,32406.72,44652.59,38781.05,28185.32,70150.74,2.13,1.23,1.51,1.03,1.96,0.34
2018-01-01,2018,1,793198.86,364612.71,277990.14,418142.71,18012.86,179404.14,6328184.71,40599.29,146851.43,2011925.57,599888.14,78875.29,211156.86,227601.71,,39136.57,1072997.29,48787.14,355690.0,,151000.43,70664.0,39050.57,306634.14,80119.86,101386.86,1268068.57,44676.55,32723.21,45122.12,39177.74,28498.81,71478.77,2.12,1.21,1.54,1.15,1.92,0.36
2018-02-01,2018,2,814685.57,354774.0,272489.86,395471.71,23009.71,180376.57,6443336.86,37152.57,156271.14,2023191.43,582428.29,90005.86,227721.71,228296.14,68390.29,38189.57,1117946.86,52314.57,358144.0,,155357.57,65573.14,43733.86,312128.71,76147.43,80784.86,1179968.43,45154.62,33039.71,45591.64,39574.42,28812.29,72806.79,2.11,1.2,1.57,1.27,1.88,0.38
2018-03-01,2018,3,878257.57,359892.0,281836.29,432134.57,35722.29,212093.0,7077288.86,37969.0,167852.57,2252571.57,648743.14,103978.29,232540.71,287054.86,67768.0,48921.86,1262737.71,52856.43,363505.0,21732.43,170285.0,65946.57,44470.43,368669.71,93244.0,84204.0,1240697.86,,,,,,,2.09,1.19,1.6,,1.84,
2018-04-01,2018,4,865619.0,347644.71,296051.29,441167.0,32948.57,226630.0,7004962.71,45661.57,167861.86,2142137.86,655863.14,93761.29,219134.29,302691.57,71709.14,49432.0,1196394.14,52558.43,367850.14,20499.71,151880.14,63393.29,50884.0,377280.57,103905.0,86683.86,1173537.29,46110.77,33672.69,46530.7,40367.8,29439.26,75462.85,2.08,1.18,1.64,1.5,1.8,0.43
2018-05-01,2018,5,887649.14,345179.71,299540.57,434316.14,39191.86,233042.71,7007351.14,51912.0,183252.86,2083565.14,638205.57,97222.71,215897.71,290892.86,69122.29,56428.29,1190356.14,50391.43,406027.86,19262.0,154596.14,59009.0,47676.0,387455.29,98005.71,82834.0,1176841.57,46588.84,33989.18,47000.22,40764.48,29752.75,76790.88,2.07,1.16,1.67,1.62,1.76,0.45
2018-06-01,2018,6,903394.14,378860.71,301971.0,396354.0,56142.29,210479.86,7030417.14,64481.43,183673.86,2177415.14,647153.86,109750.86,220254.29,293732.0,57027.0,52268.43,1188598.57,46090.0,411621.0,17580.71,148179.86,,45739.43,395239.29,86299.86,87390.29,1208302.71,47066.91,34305.68,47469.75,41161.17,30066.24,78118.91,2.06,1.15,1.7,1.73,1.72,0.47
2018-07-01,2018,7,957250.57,381769.71,300950.43,418706.86,56912.14,266411.0,7456602.43,,191883.71,2309799.29,718184.14,104360.0,209639.86,319716.0,46763.14,51353.57,1311514.14,46444.43,454696.71,18713.29,145786.14,41345.29,44725.43,428491.43,94028.0,112423.43,1157285.14,47544.98,34622.17,47939.28,41557.85,30379.72,79446.94,2.05,1.14,1.73,1.85,1.67,0.49
2018-08-01,2018,8,949276.29,394987.0,287562.43,349708.57,59129.86,275501.43,6938345.43,,182050.0,2077362.14,664185.29,97586.14,179054.29,328164.29,,47923.71,1226190.43,46236.0,491110.43,18749.57,137433.86,67910.43,35761.14,387576.0,88404.14,108327.29,1153596.29,47544.98,34622.17,47939.28,41557.85,30379.72,79446.94,2.05,1.14,1.73,1.85,1.67,0.49
2018-09-01,2018,9,908878.86,370739.0,295723.29,363716.86,61636.71,270111.14,6837219.71,167875.43,182283.71,2099772.43,672229.71,100495.0,166957.43,324920.57,,59485.71,1255639.86,42092.57,486673.0,25401.29,119115.29,,35258.71,387774.57,87712.0,108475.71,1127656.0,47544.98,34622.17,47939.28,41557.85,30379.72,79446.94,2.05,1.14,1.73,1.85,1.67,0.49
2018-10-01,2018,10,927480.29,361114.57,309771.71,356569.57,62550.29,259380.0,6906634.29,213329.29,189636.71,2114811.86,669543.57,96493.86,150536.14,330491.0,,55805.57,1265928.29,43114.57,550048.86,44742.29,,,33169.0,389327.86,90175.86,120884.86,1160165.29,47544.98,34622.17,47939.28,41557.85,30379.72,79446.94,2.05,1.14,1.73,1.85,1.67,0.49
2018-11-01,2018,11,948056.14,360675.43,322206.71,364426.43,60860.86,231344.86,7072169.29,227295.43,199916.14,2194824.43,686029.29,101973.43,154963.29,335601.0,,59579.71,1316241.57,54839.57,573755.29,57183.43,120648.43,,32514.43,389162.0,86858.0,,1312700.43,47544.98,34622.17,47939.28,41557.85,30379.72,79446.94,2.05,1.14,1.73,1.85,1.67,0.49
2018-12-01,2018,12,881670.14,354044.86,305204.29,351620.71,57103.14,203573.86,6650284.57,221977.43,185330.57,2129175.71,650464.29,87416.57,126263.86,318905.86,,48424.71,1326617.14,51703.86,527077.86,57019.86,112123.0,,29282.43,388446.43,81813.14,,1358119.43,47544.98,34622.17,47939.28,41557.85,30379.72,79446.94,2.05,1.14,1.73,1.85,1.67,0.49
2019-01-01,2019,1,833944.14,307823.43,315381.29,364348.57,45926.57,208563.43,6658880.57,224895.71,198454.71,2108971.29,652040.71,84985.86,110816.29,316365.29,,53217.29,1340414.14,52887.14,543159.86,64801.57,111899.14,,36565.14,389581.86,87707.86,,1337593.57,47415.94,34486.68,47777.26,41406.0,30265.69,79647.13,,1.06,1.69,1.74,1.54,0.55
2019-02-01,2019,2,831571.0,302806.0,326144.71,336894.71,42054.14,183735.86,6678476.57,173238.43,214174.71,2130682.86,617361.43,88381.86,100277.86,301782.0,,56620.29,1257138.86,52824.71,554729.86,73658.29,113492.57,,36971.86,381113.86,83716.43,,1257650.14,47286.91,34351.19,47615.24,41254.15,30151.66,79847.33,,,1.65,1.64,,
2019-03-01,2019,3,872638.71,308058.29,366341.14,397309.14,42646.29,183311.86,7447548.43,156786.57,240367.57,,676912.43,93193.71,100526.14,312868.0,60170.14,54733.86,1377143.71,53119.86,591200.71,76527.14,120653.57,,38978.71,,96546.14,,1268087.71,47157.87,34215.7,47453.22,41102.3,30037.63,80047.52,,,1.61,1.53,,
2019-04-01,2019,4,862860.86,379318.14,353670.57,394307.43,45110.0,190489.29,7683578.14,137528.57,,2351448.71,669975.43,93592.29,87148.86,328493.71,74476.29,51273.29,1318493.43,59793.14,582264.86,81237.86,122425.14,,35972.29,421304.0,103925.0,,1225291.29,47028.83,34080.22,47291.2,40950.45,29923.61,80247.72,1.7,0.84,1.57,1.43,1.12,0.75
2019-05-01,2019,5,846764.29,378647.71,333262.71,399280.71,42592.0,208028.57,7767884.0,91416.14,272621.86,2464118.57,674851.29,96753.86,92773.0,320363.71,60796.29,56480.43,1344910.71,70077.0,624202.43,68823.29,134836.43,,40080.0,403258.86,93922.43,,1167306.86,46899.8,33944.73,47129.18,40798.6,29809.58,80447.91,1.61,0.76,1.53,1.32,0.98,0.81
2019-06-01,2019,6,845449.43,378910.43,340632.57,366428.86,44382.29,239359.29,7596385.29,80381.43,302549.71,2485216.43,655186.86,95181.43,80113.43,296988.14,42330.29,48803.71,1311302.86,61086.0,659493.57,67317.43,121026.86,,43562.29,405575.29,101367.29,90761.57,1111178.0,46770.76,33809.24,46967.16,40646.75,29695.55,80648.11,1.52,0.69,1.49,1.21,0.84,0.87
2019-07-01,2019,7,871475.57,361135.14,360907.43,435456.29,44745.71,293078.57,8097299.57,81827.71,343826.43,2610028.86,734736.0,100886.43,82384.71,321059.29,51055.86,58290.29,1409954.29,63912.71,,83630.86,128152.14,,49380.86,417271.14,97898.86,83105.14,1241132.71,46641.72,33673.75,46805.14,40494.9,29581.52,80848.3,1.44,0.61,1.45,1.11,0.7,0.94
2019-08-01,2019,8,832738.86,380852.29,307600.86,433130.43,35855.86,265597.43,7488531.29,70124.29,328050.57,2383106.43,693568.29,91776.57,69575.14,285017.29,62838.71,52957.43,1236518.14,,774507.29,74895.0,114455.71,,41413.14,385530.57,89614.43,116180.86,1225228.0,46641.72,33673.75,46805.14,40494.9,29581.52,80848.3,1.44,0.61,1.45,1.11,0.7,0.94
2019-09-01,2019,9,826936.71,336019.57,305916.71,443784.86,38284.29,270642.0,7408012.86,67066.0,332373.57,2446395.0,677092.57,91833.71,69227.71,312189.43,59410.14,58920.71,1325935.0,,769130.86,80940.86,119715.14,,41325.86,384814.57,104743.57,120045.71,1257699.0,46641.72,33673.75,46805.14,40494.9,29581.52,80848.3,1.44,0.61,1.45,1.11,0.7,0.94
2019-10-01,2019,10,831626.14,301385.0,301494.14,462432.43,39873.14,293898.0,7467017.71,72454.29,363138.14,2427980.86,691305.86,102338.14,67123.86,303665.86,68912.86,60062.86,1349112.0,,796762.0,96447.43,120012.71,,42714.57,360173.71,104572.86,111000.14,1357137.71,46641.72,33673.75,46805.14,40494.9,29581.52,80848.3,1.44,0.61,1.45,1.11,0.7,0.94
2019-11-01,2019,11,811705.43,209615.43,312369.86,469419.43,43902.29,268423.57,7369528.0,59366.57,354296.57,2500166.29,689057.14,92823.57,72400.57,281442.86,66007.0,54825.57,1391020.29,,782376.57,94391.57,124301.57,61120.57,44910.14,360449.86,107263.71,124405.71,1431081.0,46641.72,33673.75,46805.14,40494.9,29581.52,80848.3,1.44,0.61,1.45,1.11,0.7,0.94
2019-12-01,2019,12,,181690.29,306645.86,450112.57,35105.71,248669.71,6916959.0,77563.43,361623.14,2265937.43,650741.71,88742.43,69495.43,243468.43,74257.29,42730.0,1271606.43,,689353.29,95781.86,117864.71,64824.86,45317.29,347467.29,111396.0,125592.71,1438758.14,46641.72,33673.75,46805.14,40494.9,29581.52,80848.3,1.44,0.61,1.45,1.11,0.7,0.94
2020-01-01,2020,1,,173737.86,268005.0,444412.86,40033.14,239419.29,6979605.14,74991.43,325417.29,2300138.86,662264.57,89080.43,65953.14,264265.29,80959.57,46112.29,1329340.86,,637262.86,100622.14,109883.0,48709.71,39670.57,354792.86,100506.29,122785.71,1352890.86,46494.19,33423.63,46797.19,40307.02,29210.49,81580.41,1.34,0.5,1.26,1.02,0.55,0.76
2020-02-01,2020,2,688038.0,163671.86,262297.14,392140.57,40387.29,182381.29,6917403.14,77150.57,290252.0,2353964.57,644327.29,94947.86,65435.86,225788.0,80254.43,48936.0,1216850.29,,548849.86,100951.14,,46458.0,36958.0,355100.0,,120442.86,1203496.0,46346.66,33173.51,46789.23,40119.14,,,1.24,0.4,,0.93,0.41,0.58
2020-03-01,2020,3,726973.86,131494.0,286329.43,417937.43,,224788.71,7605973.14,81365.43,300525.14,2558217.0,650491.0,100158.57,78417.29,275519.57,71547.57,53262.86,1368577.0,95448.86,618695.86,112407.0,104602.57,47451.57,39768.71,406987.0,,110303.29,1328445.43,,,46781.28,,,,,,,,,0.39
2020-04-01,2020,4,669614.43,132291.57,256901.29,401997.57,58476.43,189118.0,7059945.86,76511.86,255474.43,2288415.29,594308.71,85586.71,78905.14,217985.71,68408.14,42017.29,1286913.71,111260.14,591284.71,99646.71,90883.71,46698.29,40526.0,364518.71,133976.43,,1205083.43,46051.6,32673.28,46773.33,39743.38,28097.39,83776.75,1.04,0.18,0.7,0.75,0.12,0.21
2020-05-01,2020,5,611371.29,99124.43,232012.57,387647.14,54264.57,217744.86,6813504.43,77251.57,199897.0,2176798.71,,79954.43,83305.43,212262.57,58995.0,43073.43,1256220.43,105113.43,563430.43,85215.57,82805.0,42558.86,41540.14,363804.71,124320.71,,1082725.14,45904.07,32423.16,46765.38,39555.5,27726.36,84508.86,0.94,0.08,0.52,0.66,-0.03,0.03
2020-06-01,2020,6,569150.43,95207.43,201053.14,396936.29,44637.0,238818.57,6640409.14,78486.71,169675.29,2104595.57,,90513.71,76782.29,189670.43,68149.43,46807.14,1149433.29,106484.43,621880.0,86583.29,80809.29,52401.71,43224.86,356148.29,116119.43,,1010147.86,45756.53,32173.04,46757.43,39367.62,27355.33,85240.98,0.84,-0.03,0.33,0.57,-0.18,-0.15
2020-07-01,2020,7,576239.0,91103.57,195982.43,407530.57,48165.86,240787.71,7131037.29,73250.43,161533.71,2217314.43,450649.43,109228.0,86596.71,206716.71,56237.86,51545.0,1208902.71,99023.57,705809.43,88681.0,94671.43,50635.57,41397.71,357128.57,121237.43,,1006853.86,45609.0,31922.92,46749.48,39179.74,26984.3,85973.09,0.74,-0.14,0.14,0.48,-0.32,-0.33
2020-08-01,2020,8,533436.29,76828.57,191720.57,379305.86,45332.57,213366.0,6557544.0,67145.14,149936.71,1871708.71,400267.0,102942.0,80294.0,170346.29,50191.86,49019.57,1055500.86,86903.29,681925.43,77049.14,91711.57,,44417.57,,116781.14,,1030990.57,45609.0,31922.92,46749.48,39179.74,26984.3,85973.09,0.74,-0.14,0.14,0.48,-0.32,-0.33
2020-09-01,2020,9,516068.43,63346.57,161951.43,373499.29,45818.57,219785.14,6602323.0,65029.71,152890.43,1839309.14,388826.14,95636.71,85803.43,196649.0,42434.29,36428.57,1089266.14,74296.29,684933.14,82755.57,90371.57,,41562.57,,102276.86,,1094680.86,45609.0,31922.92,46749.48,39179.74,26984.3,85973.09,0.74,-0.14,0.14,0.48,-0.32,-0.33
2020-10-01,2020,10,459671.0,54760.29,156004.0,359556.29,22419.57,210983.0,6693847.57,61780.86,154750.86,1892252.57,436941.0,101551.14,85227.57,166900.86,38796.71,37154.0,1066752.14,70553.14,664141.57,80588.43,94471.0,,38834.0,277193.0,103147.0,,1025776.71,45609.0,31922.92,46749.48,39179.74,26984.3,85973.09,0.74,-0.14,0.14,0.48,-0.32,-0.33
2020-11-01,2020,11,491603.57,71555.29,158246.29,387436.57,34229.0,232556.57,7401001.71,59869.71,185854.57,2105301.0,542446.71,109817.14,85186.29,202471.57,37648.14,40431.71,1079007.29,59489.14,714693.14,84656.57,107309.0,,41121.86,308650.71,109500.29,173819.29,1138286.43,45609.0,31922.92,46749.48,39179.74,26984.3,85973.09,0.74,-0.14,0.14,0.48,-0.32,-0.33
2020-12-01,2020,12,456606.0,91212.0,126297.0,392095.86,49136.86,193320.57,7099557.29,51444.43,206827.71,2115115.57,591090.86,105359.57,83760.0,177802.57,33022.43,39176.0,1043963.57,,696536.43,98807.57,117830.86,,41235.71,320449.14,114931.86,122273.29,1218331.57,45609.0,31922.92,46749.48,39179.74,26984.3,85973.09,0.74,-0.14,0.14,0.48,-0.32,-0.33
2021-01-01,2021,1,490569.14,111541.0,138812.14,371352.14,45453.86,171506.71,7230588.14,60148.57,235917.57,2153711.29,651090.71,89603.0,84208.86,195373.86,11964.57,31321.43,1094105.0,,692710.29,101471.43,115860.0,,37541.14,316241.29,114389.57,110659.29,1286005.86,46500.63,32569.54,,39821.4,27484.94,88262.9,0.98,0.15,0.56,0.64,0.17,0.05
2021-02-01,2021,2,477738.71,114898.86,154664.29,385854.86,48201.0,164132.86,7175437.14,52504.0,243938.71,2276706.0,738483.29,83731.71,82615.57,189286.86,15026.71,35951.86,1124534.14,,667587.86,107120.86,112957.71,,36305.0,338560.86,108066.57,128609.86,1303196.29,47392.26,33216.16,,40463.05,27985.59,,1.23,0.44,0.98,0.81,0.65,0.43
2021-03-01,2021,3,577280.43,120291.86,155824.29,450441.29,44743.0,187533.14,8091289.0,61595.71,289853.29,2692050.14,817745.57,93948.71,,210017.0,14487.43,40619.0,1281293.71,,733445.43,116481.43,139213.71,,43251.57,393915.71,122203.14,147920.71,1362341.29,,33862.78,,41104.7,28486.24,,1.47,0.72,1.4,0.98,1.14,0.82
2021-04-01,2021,4,600057.43,137707.29,189211.14,460550.29,40119.14,211231.29,8147899.29,64112.86,310496.86,,864241.86,110331.43,,214210.43,23657.29,43774.0,1294921.29,,771309.71,115974.86,152419.14,,40828.14,378412.57,120631.14,149405.71,1270021.57,49175.51,34509.4,49422.2,41746.35,28986.88,95132.35,1.71,1.01,1.81,1.14,1.63,1.2
2021-05-01,2021,5,652655.43,203905.43,194683.43,470502.57,49693.57,223490.0,8124956.14,61277.57,338678.14,2800606.43,921069.29,100410.43,,229357.0,32437.43,44548.57,1345242.0,,767612.86,133600.86,150762.71,,43265.86,420803.0,117943.0,120777.71,1291085.0,50067.14,35156.02,50090.39,42388.0,29487.53,97422.17,1.95,1.3,2.23,1.31,2.12,1.59
2021-06-01,2021,6,682557.57,200629.57,213569.29,489873.0,42829.43,215221.57,8344859.0,69835.43,367985.29,2859684.86,938524.29,110584.57,164805.57,239004.43,32952.86,47521.71,1403663.14,,803409.14,152622.29,160053.29,,,439881.43,118735.43,118686.71,1306206.71,50958.77,35802.64,50758.57,43029.66,29988.17,99711.98,2.2,1.59,2.65,1.48,2.61,1.97
2021-07-01,2021,7,816325.57,188152.0,239849.43,512193.29,39300.57,215166.86,9098591.43,78558.43,419793.86,2959587.0,1038572.71,128197.29,183522.57,260849.29,33591.71,49588.71,1531183.86,77399.43,851355.57,156882.86,173015.57,,,483586.71,116056.14,126204.14,1303225.14,51850.4,36449.26,51426.75,43671.31,30488.82,102001.8,2.44,1.87,3.07,1.64,3.09,2.36
2021-08-01,2021,8,755176.57,181308.29,210064.57,496261.29,38840.86,219594.43,8514788.14,67935.43,410061.86,2772961.29,1011289.29,127803.14,190702.86,243260.14,34606.0,55973.86,1440838.43,,823232.86,141656.43,169247.29,,56560.29,473020.71,102405.14,126737.43,1223683.57,51850.4,36449.26,51426.75,43671.31,30488.82,102001.8,2.44,1.87,3.07,1.64,3.09,2.36
2021-09-01,2021,9,762742.57,193189.0,229676.57,476408.71,36840.14,254226.29,8831909.71,75527.57,427059.57,2784071.0,1002425.14,126216.86,212001.57,259366.14,35186.57,51515.57,1445139.14,,839827.43,133912.14,155211.43,,71624.14,486363.29,107367.14,113784.0,1147868.14,51850.4,36449.26,51426.75,43671.31,30488.82,102001.8,2.44,1.87,3.07,1.64,3.09,2.36
2021-10-01,2021,10,767380.29,209062.43,242218.29,498581.29,41651.29,276914.71,8855568.14,76015.29,450813.71,2874907.57,1035685.86,141934.29,227030.29,279316.14,32459.43,58505.86,1423157.29,,901666.0,140786.57,142164.43,48630.0,73460.0,471687.14,102366.29,102057.0,1128109.43,51850.4,36449.26,51426.75,43671.31,30488.82,102001.8,2.44,1.87,3.07,1.64,3.09,2.36
2021-11-01,2021,11,777767.71,197429.29,236217.86,538385.14,40708.14,271754.29,9258982.43,83589.43,517489.71,2955057.57,1037463.0,141832.29,231574.86,312620.29,28536.71,62967.43,1466282.0,,892833.14,139998.57,133064.0,52142.86,88489.71,474225.29,93950.29,103207.57,1137597.71,51850.4,36449.26,51426.75,43671.31,30488.82,102001.8,2.44,1.87,3.07,1.64,3.09,2.36
2021-12-01,2021,12,753501.29,163824.43,243260.14,510279.29,37527.71,237550.86,9028051.29,82845.14,515031.57,3002681.71,966862.86,168179.29,230702.43,292337.29,23677.29,58237.57,1473055.29,,885775.14,133908.14,135558.29,54221.57,96678.57,476046.86,88475.71,128422.0,1143573.57,51850.4,36449.26,51426.75,43671.31,30488.82,102001.8,2.44,1.87,3.07,1.64,3.09,2.36
2022-01-01,2022,1,947075.71,165374.0,246123.57,478226.57,39489.14,243689.57,9136406.14,93149.86,567972.43,3324980.57,924798.29,159551.43,203929.29,275395.29,23061.57,70365.14,1476505.14,,838322.71,109037.14,134024.0,45833.43,90929.43,454919.86,82623.71,106596.57,1064901.29,51575.6,36210.28,51039.78,43273.44,30372.5,102284.87,3.46,2.78,3.61,2.15,3.85,3.14
2022-02-01,2022,2,,190567.43,256698.86,450770.57,28766.86,272406.0,9670368.86,82835.57,583750.57,,893883.43,155994.57,193821.0,290131.86,38123.29,77647.14,1465361.71,,845678.0,135047.29,135051.29,49596.86,118611.57,432700.71,85374.29,105462.0,973232.57,51300.81,35971.31,50652.82,42875.58,30256.17,102567.94,,,4.15,,4.61,
2022-03-01,2022,3,,209654.29,322948.43,507298.86,40678.29,323685.0,,94211.0,640541.29,,947704.57,178018.71,225072.29,397234.29,45038.0,81148.57,1617135.29,,937762.0,,185605.14,40924.29,127499.57,520681.29,108057.43,112508.86,1046915.0,51026.01,35732.33,50265.85,42477.71,30139.85,102851.01,,,,,,
2022-04-01,2022,4,,217798.0,293379.29,547575.29,44271.71,333549.71,,93796.86,662727.43,4625898.0,927700.86,163397.0,213493.57,,,88816.43,,,983098.0,,233167.86,44835.29,134600.43,550310.71,126354.0,115364.71,1187716.86,50751.21,35493.35,49878.89,42079.85,30023.52,103134.08,6.53,5.49,5.24,3.69,6.12,5.47
2022-05-01,2022,5,2255931.43,,296922.57,,45853.43,347090.43,12489730.86,92703.0,680972.14,4869978.57,1005399.29,152823.29,217747.71,532794.71,,78255.86,1855638.0,,895232.43,,256277.29,,141365.57,,152529.43,106782.29,1257813.0,50476.42,35254.38,49491.92,41681.98,29907.19,103417.15,7.55,6.39,5.79,4.2,6.88,6.25
2022-06-01,2022,6,2449164.43,,350927.57,,48893.86,377859.29,12926666.71,88111.57,655212.14,4872576.29,1192703.14,156352.14,212722.0,556930.57,74410.57,74511.29,1942039.57,,921997.29,318570.14,289077.29,,156840.86,641476.14,,120184.86,1373055.86,50201.62,35015.4,49104.96,41284.12,29790.87,103700.22,8.58,7.3,6.33,4.71,7.63,7.03
2022-07-01,2022,7,2602901.14,,348397.0,863281.57,41943.86,458293.43,14044960.0,92357.43,716286.0,5120496.0,1282574.86,156846.0,204000.86,666710.71,87350.0,82499.29,2048747.71,,986122.0,360417.0,318950.43,,172208.0,681193.71,218066.29,104260.43,1302981.86,49926.83,34776.42,48717.99,40886.25,29674.54,103983.29,9.6,8.2,6.87,5.22,8.39,7.81
2022-08-01,2022,8,2436699.57,415645.43,342694.14,884445.43,42834.86,450824.14,13274145.14,76182.71,646759.14,4574579.86,1303987.29,153660.57,200800.43,700123.29,87373.57,80555.43,1876736.57,386339.43,891497.57,361262.14,302769.71,,,645469.71,214733.0,123684.57,1223859.14,49926.83,34776.42,48717.99,40886.25,29674.54,103983.29,9.6,8.2,6.87,5.22,8.39,7.81
2022-09-01,2022,9,2403085.29,405608.43,375175.86,911555.71,46552.71,448351.71,13225754.43,87545.71,638446.14,4529896.71,1395864.0,138301.71,227653.14,802000.29,72037.57,74242.43,1985114.71,410057.57,870689.29,339881.14,297401.43,,,653090.14,218929.57,118836.43,1197335.29,49926.83,34776.42,48717.99,40886.25,29674.54,103983.29,9.6,8.2,6.87,5.22,8.39,7.81
2022-10-01,2022,10,2136094.43,408264.43,371435.57,912167.57,34624.43,382723.14,12608395.86,93829.43,627257.43,4346480.57,1485311.86,144177.57,,809136.14,73379.14,76630.14,2029054.29,410546.29,840316.71,335969.57,272772.14,,,602302.0,205947.86,125209.14,1224331.43,49926.83,34776.42,48717.99,40886.25,29674.54,103983.29,9.6,8.2,6.87,5.22,8.39,7.81
2022-11-01,2022,11,1874756.71,391570.57,378658.86,933266.43,38847.86,364403.0,12703971.86,99415.71,625407.71,4492351.71,1581075.57,178991.57,,884648.14,65860.71,76587.43,2025477.86,432260.86,816584.43,334043.71,282754.86,,,567679.86,186914.71,120462.0,1220751.29,49926.83,34776.42,48717.99,40886.25,29674.54,103983.29,9.6,8.2,6.87,5.22,8.39,7.81
2022-12-01,2022,12,1990925.71,364722.86,371998.0,688439.0,,339145.71,11801740.71,106057.14,561919.29,4264507.29,1403192.43,196411.29,352167.43,826115.86,72482.43,94144.14,1858184.57,395611.29,790453.29,308288.43,282045.0,,,563391.29,164437.0,131870.0,1204519.71,49926.83,34776.42,48717.99,40886.25,29674.54,103983.29,9.6,8.2,6.87,5.22,8.39,7.81
2023-01-01,2023,1,1974013.14,332258.86,330103.14,742117.57,,308678.57,11661386.57,95039.29,570825.86,4238213.14,1216232.43,175878.86,336468.57,854284.0,,89028.71,1740106.29,350948.43,704758.14,269530.29,242738.14,,,515860.43,103172.71,107553.86,1000444.43,,,,,,,,,,,,
2023-02-01,2023,2,2015944.0,300275.71,371506.0,847587.57,,231039.0,11616189.43,,566042.43,4345751.71,1180006.71,165813.43,339060.71,806665.71,,95204.57,1716964.71,247928.14,692865.43,248866.43,205832.29,,,474706.57,114135.14,100805.0,961296.0,,,,,,,,,,,,
2023-03-01,2023,3,2245661.0,314547.43,394899.0,1034302.86,,278363.29,12842222.14,,684812.57,5052470.0,1259071.14,184801.57,371279.0,899246.71,,104172.57,1943695.86,241203.0,798562.14,293528.29,214760.29,,162150.14,581606.86,130639.14,110723.86,1046921.14,,,,,,,,,,,,
2023-04-01,2023,4,2102472.57,387387.57,370235.0,1089259.71,,252925.29,12430264.86,,675044.86,5034161.14,1173140.0,215324.57,348292.71,860560.43,,99785.71,1890480.0,221580.14,825597.29,308863.86,193872.57,,149050.86,601578.43,127728.0,100999.86,1050865.0,,,,,,,,,,,,
2023-05-01,2023,5,2230921.14,431206.43,356918.71,1213072.43,,285905.71,12631678.71,,726207.71,5106848.14,1074923.29,206473.29,245684.14,887493.43,,103045.29,1932440.43,220245.86,825146.71,288357.14,203707.86,,137703.86,612153.0,134835.14,104187.14,993850.14,,,,,,,,,,,,
2023-06-01,2023,6,2320851.14,464457.43,387757.29,1313399.57,,290743.29,12676002.29,,760736.71,5104105.86,1077105.0,199573.86,245123.57,789393.14,,93930.29,1972985.71,214769.86,861571.14,294049.86,154061.0,,124006.0,659723.43,136627.86,94609.43,881476.43,,,,,,,,,,,,
2023-07-01,2023,7,2060081.71,483267.29,375815.86,1492916.57,38155.43,288108.29,13197229.0,,862019.0,5323675.0,1195288.86,181657.29,213953.57,835144.57,,84382.86,1998678.0,250823.29,967211.14,307041.86,141136.14,,119402.14,710399.29,127913.71,93964.0,808244.57,,,,,,,,,,,,
2023-08-01,2023,8,1938652.29,530636.29,,1397687.0,48204.0,269013.43,12147919.71,,810654.0,5051472.86,1161219.71,178933.71,223001.71,735501.14,67399.86,81899.0,1867923.57,226757.0,1056045.14,286642.14,131592.29,,117584.29,668963.0,132611.0,117007.57,842166.57,,,,,,,,,,,,
2023-09-01,2023,9,2031433.43,524149.43,328330.14,1350493.0,51949.43,298836.86,11715993.29,127552.71,834857.86,5112878.0,1194406.71,166679.0,230312.29,739631.29,57368.14,69174.14,1828743.29,200064.57,1091739.71,290963.14,140995.57,,109869.57,706799.0,106536.43,127410.29,777421.0,,,,,,,,,,,,
2023-10-01,2023,10,1932367.57,470122.71,325126.86,1349881.86,53639.14,311388.14,11766508.14,93310.0,781353.57,4978464.71,1255642.86,175539.43,228246.29,640570.86,67481.0,53532.14,1837073.14,213767.43,1143397.57,273012.86,157370.71,,112645.71,661107.71,96392.57,119667.14,791232.0,,,,,,,,,,,,
2023-11-01,2023,11,2064428.57,432312.71,337279.57,1376069.29,67438.0,310045.29,12052655.57,80527.71,794358.0,4895411.14,1286125.71,147908.86,240639.14,607314.29,68259.43,53467.71,1721866.14,218016.86,1222411.71,278749.43,171157.71,,115035.57,695589.71,99275.29,165140.57,804454.86,,,,,,,,,,,,
2023-12-01,2023,12,1993139.43,436988.29,311806.86,1267629.71,72074.57,300974.0,11334682.71,81754.29,779722.86,4707401.29,1244700.57,143364.14,238977.14,489252.0,65857.86,42275.71,1587472.14,190549.71,1237918.43,266249.14,143323.57,,115666.57,708082.86,93648.57,173692.29,850163.14,,,,,,,,,,,,
2024-01-01,2024,1,,457626.0,,1252320.0,,,,,,,1163433.57,,,,44740.29,,,151490.57,,,,,,,,,802138.86,,,,,,,,,,,,
