TIME,year,month,T#ES#apples_fuji,T#IT#apples_fuji,C#BEL#inflazione,C#ITA#inflazione,C#DEU#inflazione,C#FRA#inflazione,C#ESP#inflazione,C#IRL#inflazione,C#BEL#gdp,C#ITA#gdp,C#DEU#gdp,C#FRA#gdp,C#ESP#gdp,C#IRL#gdp
2004-11-22,2004,11,,,2.1,2.21,1.67,2.14,3.04,2.2,35429.41,31317.2,34106.66,33797.16,24907.0,47754.2
2004-11-29,2004,11,62.47,,2.1,2.21,1.67,2.14,3.04,2.2,35429.41,31317.2,34106.66,33797.16,24907.0,47754.2
2004-12-06,2004,12,63.89,,2.1,2.21,1.67,2.14,3.04,2.2,35429.41,31317.2,34106.66,33797.16,24907.0,47754.2
2004-12-13,2004,12,64.02,,2.1,2.21,1.67,2.14,3.04,2.2,35429.41,31317.2,34106.66,33797.16,24907.0,47754.2
2004-12-20,2004,12,,,2.1,2.21,1.67,2.14,3.04,2.2,35429.41,31317.2,34106.66,33797.16,24907.0,47754.2
2004-12-27,2004,12,,,2.1,2.21,1.67,2.14,3.04,2.2,35429.41,31317.2,34106.66,33797.16,24907.0,47754.2
2005-01-03,2005,1,,,2.2,2.18,1.65,2.09,3.09,2.23,35626.59,31422.61,34165.74,33935.88,25124.45,48208.32
2005-01-10,2005,1,,,2.29,2.14,1.63,2.03,3.13,2.27,35823.78,31528.03,34224.82,34074.59,25341.9,48662.44
2005-01-17,2005,1,,,2.39,2.11,1.61,1.97,3.18,2.3,36020.96,31633.44,34283.91,34213.31,25559.35,49116.55
2005-01-24,2005,1,,,2.49,2.08,1.6,1.92,3.23,2.33,36218.15,31738.85,34342.99,34352.03,25776.8,49570.67
2005-01-31,2005,1,,,2.59,2.05,1.58,1.86,3.27,2.36,36415.33,31844.27,34402.07,34490.74,25994.25,50024.79
2005-02-07,2005,2,,,2.68,2.02,1.56,1.8,3.32,2.4,36612.52,31949.68,34461.16,34629.46,26211.7,50478.9
2005-02-14,2005,2,61.95,88.29,2.78,1.99,1.55,1.75,3.37,2.43,36809.7,32055.09,34520.24,34768.18,26429.15,50933.02
2005-02-21,2005,2,61.56,88.0,2.78,1.99,1.55,1.75,3.37,2.43,36809.7,32055.09,34520.24,34768.18,26429.15,50933.02
2005-02-28,2005,2,61.18,88.0,2.78,1.99,1.55,1.75,3.37,2.43,36809.7,32055.09,34520.24,34768.18,26429.15,50933.02
2005-03-07,2005,3,60.51,,2.78,1.99,1.55,1.75,3.37,2.43,36809.7,32055.09,34520.24,34768.18,26429.15,50933.02
2005-03-14,2005,3,59.18,,2.78,1.99,1.55,1.75,3.37,2.43,36809.7,32055.09,34520.24,34768.18,26429.15,50933.02
2005-03-21,2005,3,59.57,,2.78,1.99,1.55,1.75,3.37,2.43,36809.7,32055.09,34520.24,34768.18,26429.15,50933.02
2005-03-28,2005,3,58.76,,2.78,1.99,1.55,1.75,3.37,2.43,36809.7,32055.09,34520.24,34768.18,26429.15,50933.02
2005-04-04,2005,4,57.32,,2.78,1.99,1.55,1.75,3.37,2.43,36809.7,32055.09,34520.24,34768.18,26429.15,50933.02
2005-04-11,2005,4,56.89,,2.78,1.99,1.55,1.75,3.37,2.43,36809.7,32055.09,34520.24,34768.18,26429.15,50933.02
2005-04-18,2005,4,54.46,,2.78,1.99,1.55,1.75,3.37,2.43,36809.7,32055.09,34520.24,34768.18,26429.15,50933.02
2005-04-25,2005,4,52.7,82.0,2.78,1.99,1.55,1.75,3.37,2.43,36809.7,32055.09,34520.24,34768.18,26429.15,50933.02
2005-05-02,2005,5,,80.57,2.78,1.99,1.55,1.75,3.37,2.43,36809.7,32055.09,34520.24,34768.18,26429.15,50933.02
2005-05-09,2005,5,,79.14,2.78,1.99,1.55,1.75,3.37,2.43,36809.7,32055.09,34520.24,34768.18,26429.15,50933.02
2005-05-16,2005,5,,78.0,2.78,1.99,1.55,1.75,3.37,2.43,36809.7,32055.09,34520.24,34768.18,26429.15,50933.02
2005-05-23,2005,5,,77.71,2.78,1.99,1.55,1.75,3.37,2.43,36809.7,32055.09,34520.24,34768.18,26429.15,50933.02
2005-05-30,2005,5,,77.43,2.78,1.99,1.55,1.75,3.37,2.43,36809.7,32055.09,34520.24,34768.18,26429.15,50933.02
2005-06-06,2005,6,,77.14,2.78,1.99,1.55,1.75,3.37,2.43,36809.7,32055.09,34520.24,34768.18,26429.15,50933.02
2005-06-13,2005,6,,76.43,2.78,1.99,1.55,1.75,3.37,2.43,36809.7,32055.09,34520.24,34768.18,26429.15,50933.02
2005-06-20,2005,6,,75.71,2.78,1.99,1.55,1.75,3.37,2.43,36809.7,32055.09,34520.24,34768.18,26429.15,50933.02
2005-10-03,2005,10,,,2.78,1.99,1.55,1.75,3.37,2.43,36809.7,32055.09,34520.24,34768.18,26429.15,50933.02
2005-10-10,2005,10,,,2.78,1.99,1.55,1.75,3.37,2.43,36809.7,32055.09,34520.24,34768.18,26429.15,50933.02
2005-10-17,2005,10,,,2.78,1.99,1.55,1.75,3.37,2.43,36809.7,32055.09,34520.24,34768.18,26429.15,50933.02
2005-10-24,2005,10,,,2.78,1.99,1.55,1.75,3.37,2.43,36809.7,32055.09,34520.24,34768.18,26429.15,50933.02
2005-10-31,2005,10,,,2.78,1.99,1.55,1.75,3.37,2.43,36809.7,32055.09,34520.24,34768.18,26429.15,50933.02
2005-11-07,2005,11,,,2.78,1.99,1.55,1.75,3.37,2.43,36809.7,32055.09,34520.24,34768.18,26429.15,50933.02
2005-11-14,2005,11,57.29,,2.78,1.99,1.55,1.75,3.37,2.43,36809.7,32055.09,34520.24,34768.18,26429.15,50933.02
2005-11-21,2005,11,53.78,70.86,2.78,1.99,1.55,1.75,3.37,2.43,36809.7,32055.09,34520.24,34768.18,26429.15,50933.02
2005-11-28,2005,11,51.26,69.43,2.78,1.99,1.55,1.75,3.37,2.43,36809.7,32055.09,34520.24,34768.18,26429.15,50933.02
2005-12-05,2005,12,48.77,68.0,2.78,1.99,1.55,1.75,3.37,2.43,36809.7,32055.09,34520.24,34768.18,26429.15,50933.02
2005-12-12,2005,12,46.88,68.0,2.78,1.99,1.55,1.75,3.37,2.43,36809.7,32055.09,34520.24,34768.18,26429.15,50933.02
2005-12-19,2005,12,46.31,,2.78,1.99,1.55,1.75,3.37,2.43,36809.7,32055.09,34520.24,34768.18,26429.15,50933.02
2006-01-02,2006,1,45.67,,,,,,,,,,,,,
2006-01-09,2006,1,45.77,,,,,,,,,,,,,
2006-01-16,2006,1,46.05,,,,,,,,,,,,,
2006-01-23,2006,1,45.48,,2.22,2.05,1.56,1.71,3.45,3.29,37892.79,32897.74,35568.03,35740.77,27549.11,52873.67
2006-01-30,2006,1,45.13,,2.07,2.06,1.57,1.7,3.47,3.5,38163.56,33108.4,35829.98,35983.92,27829.1,53358.84
2006-02-06,2006,2,44.59,,1.93,2.08,1.57,1.69,3.49,3.72,38434.33,33319.06,36091.93,36227.06,28109.09,53844.0
2006-02-13,2006,2,44.55,,1.79,2.09,1.58,1.68,3.52,3.93,38705.11,33529.73,36353.88,36470.21,28389.08,54329.16
2006-02-20,2006,2,44.13,,1.79,2.09,1.58,1.68,3.52,3.93,38705.11,33529.73,36353.88,36470.21,28389.08,54329.16
2006-02-27,2006,2,43.71,,1.79,2.09,1.58,1.68,3.52,3.93,38705.11,33529.73,36353.88,36470.21,28389.08,54329.16
2006-03-06,2006,3,43.27,,1.79,2.09,1.58,1.68,3.52,3.93,38705.11,33529.73,36353.88,36470.21,28389.08,54329.16
2006-03-13,2006,3,42.93,61.29,1.79,2.09,1.58,1.68,3.52,3.93,38705.11,33529.73,36353.88,36470.21,28389.08,54329.16
2006-03-20,2006,3,42.77,60.71,1.79,2.09,1.58,1.68,3.52,3.93,38705.11,33529.73,36353.88,36470.21,28389.08,54329.16
2006-03-27,2006,3,42.67,60.43,1.79,2.09,1.58,1.68,3.52,3.93,38705.11,33529.73,36353.88,36470.21,28389.08,54329.16
2006-04-03,2006,4,42.43,60.14,1.79,2.09,1.58,1.68,3.52,3.93,38705.11,33529.73,36353.88,36470.21,28389.08,54329.16
2006-04-10,2006,4,42.29,59.86,1.79,2.09,1.58,1.68,3.52,3.93,38705.11,33529.73,36353.88,36470.21,28389.08,54329.16
2006-04-17,2006,4,42.18,59.57,1.79,2.09,1.58,1.68,3.52,3.93,38705.11,33529.73,36353.88,36470.21,28389.08,54329.16
2006-04-24,2006,4,42.0,59.29,1.79,2.09,1.58,1.68,3.52,3.93,38705.11,33529.73,36353.88,36470.21,28389.08,54329.16
2006-05-01,2006,5,42.04,59.0,1.79,2.09,1.58,1.68,3.52,3.93,38705.11,33529.73,36353.88,36470.21,28389.08,54329.16
2006-05-08,2006,5,42.46,59.0,1.79,2.09,1.58,1.68,3.52,3.93,38705.11,33529.73,36353.88,36470.21,28389.08,54329.16
2006-05-15,2006,5,42.88,59.43,1.79,2.09,1.58,1.68,3.52,3.93,38705.11,33529.73,36353.88,36470.21,28389.08,54329.16
2006-05-22,2006,5,42.87,59.86,1.79,2.09,1.58,1.68,3.52,3.93,38705.11,33529.73,36353.88,36470.21,28389.08,54329.16
2006-05-29,2006,5,,60.29,1.79,2.09,1.58,1.68,3.52,3.93,38705.11,33529.73,36353.88,36470.21,28389.08,54329.16
2006-06-05,2006,6,,60.71,1.79,2.09,1.58,1.68,3.52,3.93,38705.11,33529.73,36353.88,36470.21,28389.08,54329.16
2006-06-12,2006,6,,61.14,1.79,2.09,1.58,1.68,3.52,3.93,38705.11,33529.73,36353.88,36470.21,28389.08,54329.16
2006-06-19,2006,6,,61.57,1.79,2.09,1.58,1.68,3.52,3.93,38705.11,33529.73,36353.88,36470.21,28389.08,54329.16
2006-06-26,2006,6,,62.0,1.79,2.09,1.58,1.68,3.52,3.93,38705.11,33529.73,36353.88,36470.21,28389.08,54329.16
2006-07-03,2006,7,,,1.79,2.09,1.58,1.68,3.52,3.93,38705.11,33529.73,36353.88,36470.21,28389.08,54329.16
2006-07-10,2006,7,,,1.79,2.09,1.58,1.68,3.52,3.93,38705.11,33529.73,36353.88,36470.21,28389.08,54329.16
2006-07-24,2006,7,,,1.79,2.09,1.58,1.68,3.52,3.93,38705.11,33529.73,36353.88,36470.21,28389.08,54329.16
2006-08-07,2006,8,,,1.79,2.09,1.58,1.68,3.52,3.93,38705.11,33529.73,36353.88,36470.21,28389.08,54329.16
2006-10-02,2006,10,,,1.79,2.09,1.58,1.68,3.52,3.93,38705.11,33529.73,36353.88,36470.21,28389.08,54329.16
2006-10-09,2006,10,,,1.79,2.09,1.58,1.68,3.52,3.93,38705.11,33529.73,36353.88,36470.21,28389.08,54329.16
2006-10-16,2006,10,,,1.79,2.09,1.58,1.68,3.52,3.93,38705.11,33529.73,36353.88,36470.21,28389.08,54329.16
2006-10-23,2006,10,,,1.79,2.09,1.58,1.68,3.52,3.93,38705.11,33529.73,36353.88,36470.21,28389.08,54329.16
2006-10-30,2006,10,,,1.79,2.09,1.58,1.68,3.52,3.93,38705.11,33529.73,36353.88,36470.21,28389.08,54329.16
2006-11-06,2006,11,,,1.79,2.09,1.58,1.68,3.52,3.93,38705.11,33529.73,36353.88,36470.21,28389.08,54329.16
2006-11-13,2006,11,,,1.79,2.09,1.58,1.68,3.52,3.93,38705.11,33529.73,36353.88,36470.21,28389.08,54329.16
2006-11-20,2006,11,61.39,78.0,1.79,2.09,1.58,1.68,3.52,3.93,38705.11,33529.73,36353.88,36470.21,28389.08,54329.16
2006-11-27,2006,11,61.7,78.0,1.79,2.09,1.58,1.68,3.52,3.93,38705.11,33529.73,36353.88,36470.21,28389.08,54329.16
2006-12-04,2006,12,62.09,78.0,1.79,2.09,1.58,1.68,3.52,3.93,38705.11,33529.73,36353.88,36470.21,28389.08,54329.16
2006-12-11,2006,12,62.87,78.0,1.79,2.09,1.58,1.68,3.52,3.93,38705.11,33529.73,36353.88,36470.21,28389.08,54329.16
2006-12-18,2006,12,62.81,78.0,1.79,2.09,1.58,1.68,3.52,3.93,38705.11,33529.73,36353.88,36470.21,28389.08,54329.16
2006-12-25,2006,12,62.96,78.0,1.79,2.09,1.58,1.68,3.52,3.93,38705.11,33529.73,36353.88,36470.21,28389.08,54329.16
2007-01-01,2007,1,63.64,78.0,,,,,,,,,,,,
2007-01-08,2007,1,63.8,78.0,,,,,,,,,,,,
2007-01-15,2007,1,63.7,78.0,,,,,,,,,,,,
2007-01-22,2007,1,63.02,78.0,1.81,1.94,1.99,1.57,3.1,4.48,41913.14,36010.31,39374.57,39377.3,30790.38,58367.59
2007-01-29,2007,1,62.19,78.0,1.81,1.9,2.09,1.54,3.0,4.62,42715.15,36630.46,40129.74,40104.08,31390.7,59377.2
2007-02-05,2007,2,61.81,78.0,1.82,1.87,2.2,1.51,2.89,4.76,43517.16,37250.6,40884.91,40830.85,31991.03,60386.81
2007-02-12,2007,2,61.39,78.0,1.82,1.83,2.3,1.49,2.79,4.9,44319.17,37870.75,41640.08,41557.62,32591.35,61396.42
2007-02-19,2007,2,60.37,78.0,1.82,1.83,2.3,1.49,2.79,4.9,44319.17,37870.75,41640.08,41557.62,32591.35,61396.42
2007-02-26,2007,2,59.62,78.0,1.82,1.83,2.3,1.49,2.79,4.9,44319.17,37870.75,41640.08,41557.62,32591.35,61396.42
2007-03-05,2007,3,59.03,78.0,1.82,1.83,2.3,1.49,2.79,4.9,44319.17,37870.75,41640.08,41557.62,32591.35,61396.42
2007-03-12,2007,3,58.72,78.0,1.82,1.83,2.3,1.49,2.79,4.9,44319.17,37870.75,41640.08,41557.62,32591.35,61396.42
2007-03-19,2007,3,58.46,78.0,1.82,1.83,2.3,1.49,2.79,4.9,44319.17,37870.75,41640.08,41557.62,32591.35,61396.42
2007-03-26,2007,3,58.38,78.0,1.82,1.83,2.3,1.49,2.79,4.9,44319.17,37870.75,41640.08,41557.62,32591.35,61396.42
2007-04-02,2007,4,58.33,78.0,1.82,1.83,2.3,1.49,2.79,4.9,44319.17,37870.75,41640.08,41557.62,32591.35,61396.42
2007-04-09,2007,4,58.45,78.0,1.82,1.83,2.3,1.49,2.79,4.9,44319.17,37870.75,41640.08,41557.62,32591.35,61396.42
2007-04-16,2007,4,58.77,78.0,1.82,1.83,2.3,1.49,2.79,4.9,44319.17,37870.75,41640.08,41557.62,32591.35,61396.42
2007-04-23,2007,4,59.22,78.0,1.82,1.83,2.3,1.49,2.79,4.9,44319.17,37870.75,41640.08,41557.62,32591.35,61396.42
2007-04-30,2007,4,59.72,78.0,1.82,1.83,2.3,1.49,2.79,4.9,44319.17,37870.75,41640.08,41557.62,32591.35,61396.42
2007-05-07,2007,5,59.91,78.0,1.82,1.83,2.3,1.49,2.79,4.9,44319.17,37870.75,41640.08,41557.62,32591.35,61396.42
2007-05-14,2007,5,60.0,78.0,1.82,1.83,2.3,1.49,2.79,4.9,44319.17,37870.75,41640.08,41557.62,32591.35,61396.42
2007-05-21,2007,5,,78.0,1.82,1.83,2.3,1.49,2.79,4.9,44319.17,37870.75,41640.08,41557.62,32591.35,61396.42
2007-05-28,2007,5,,78.0,1.82,1.83,2.3,1.49,2.79,4.9,44319.17,37870.75,41640.08,41557.62,32591.35,61396.42
2007-06-04,2007,6,,,1.82,1.83,2.3,1.49,2.79,4.9,44319.17,37870.75,41640.08,41557.62,32591.35,61396.42
2007-06-25,2007,6,,,1.82,1.83,2.3,1.49,2.79,4.9,44319.17,37870.75,41640.08,41557.62,32591.35,61396.42
2007-07-02,2007,7,,,1.82,1.83,2.3,1.49,2.79,4.9,44319.17,37870.75,41640.08,41557.62,32591.35,61396.42
2007-10-01,2007,10,,,1.82,1.83,2.3,1.49,2.79,4.9,44319.17,37870.75,41640.08,41557.62,32591.35,61396.42
2007-10-08,2007,10,,,1.82,1.83,2.3,1.49,2.79,4.9,44319.17,37870.75,41640.08,41557.62,32591.35,61396.42
2007-10-15,2007,10,,,1.82,1.83,2.3,1.49,2.79,4.9,44319.17,37870.75,41640.08,41557.62,32591.35,61396.42
2007-10-22,2007,10,,,1.82,1.83,2.3,1.49,2.79,4.9,44319.17,37870.75,41640.08,41557.62,32591.35,61396.42
2007-10-29,2007,10,,,1.82,1.83,2.3,1.49,2.79,4.9,44319.17,37870.75,41640.08,41557.62,32591.35,61396.42
2007-11-05,2007,11,,,1.82,1.83,2.3,1.49,2.79,4.9,44319.17,37870.75,41640.08,41557.62,32591.35,61396.42
2007-11-12,2007,11,,88.0,1.82,1.83,2.3,1.49,2.79,4.9,44319.17,37870.75,41640.08,41557.62,32591.35,61396.42
2007-11-19,2007,11,,88.0,1.82,1.83,2.3,1.49,2.79,4.9,44319.17,37870.75,41640.08,41557.62,32591.35,61396.42
2007-11-26,2007,11,,88.0,1.82,1.83,2.3,1.49,2.79,4.9,44319.17,37870.75,41640.08,41557.62,32591.35,61396.42
2007-12-03,2007,12,,88.0,1.82,1.83,2.3,1.49,2.79,4.9,44319.17,37870.75,41640.08,41557.62,32591.35,61396.42
2007-12-10,2007,12,,,1.82,1.83,2.3,1.49,2.79,4.9,44319.17,37870.75,41640.08,41557.62,32591.35,61396.42
2007-12-17,2007,12,,,1.82,1.83,2.3,1.49,2.79,4.9,44319.17,37870.75,41640.08,41557.62,32591.35,61396.42
2007-12-24,2007,12,,,1.82,1.83,2.3,1.49,2.79,4.9,44319.17,37870.75,41640.08,41557.62,32591.35,61396.42
2007-12-31,2007,12,,,1.82,1.83,2.3,1.49,2.79,4.9,44319.17,37870.75,41640.08,41557.62,32591.35,61396.42
2008-01-07,2008,1,,,,,,,,,,,,,,
2008-01-14,2008,1,,,,,,,,,,,,,,
2008-01-21,2008,1,,,,,,,,,,,,,,
2008-01-28,2008,1,,,3.35,2.7,2.49,2.25,3.52,4.42,46595.87,39627.41,43910.16,43819.53,34259.56,61371.67
2008-02-04,2008,2,,,3.73,2.91,2.53,2.43,3.71,4.3,47165.05,40066.58,44477.67,44385.01,34676.62,61365.48
2008-02-11,2008,2,,,4.11,3.13,2.58,2.62,3.89,4.18,47734.22,40505.75,45045.19,44950.48,35093.67,61359.29
2008-02-18,2008,2,,,4.49,3.35,2.63,2.81,4.08,4.06,48303.4,40944.91,45612.71,45515.96,35510.72,61353.11
2008-02-25,2008,2,55.9,88.0,4.49,3.35,2.63,2.81,4.08,4.06,48303.4,40944.91,45612.71,45515.96,35510.72,61353.11
2008-03-03,2008,3,55.49,88.0,4.49,3.35,2.63,2.81,4.08,4.06,48303.4,40944.91,45612.71,45515.96,35510.72,61353.11
2008-03-10,2008,3,55.11,88.0,4.49,3.35,2.63,2.81,4.08,4.06,48303.4,40944.91,45612.71,45515.96,35510.72,61353.11
2008-03-17,2008,3,55.01,88.0,4.49,3.35,2.63,2.81,4.08,4.06,48303.4,40944.91,45612.71,45515.96,35510.72,61353.11
2008-03-24,2008,3,54.83,88.0,4.49,3.35,2.63,2.81,4.08,4.06,48303.4,40944.91,45612.71,45515.96,35510.72,61353.11
2008-03-31,2008,3,54.76,,4.49,3.35,2.63,2.81,4.08,4.06,48303.4,40944.91,45612.71,45515.96,35510.72,61353.11
2008-04-07,2008,4,54.43,,4.49,3.35,2.63,2.81,4.08,4.06,48303.4,40944.91,45612.71,45515.96,35510.72,61353.11
2008-04-14,2008,4,54.24,,4.49,3.35,2.63,2.81,4.08,4.06,48303.4,40944.91,45612.71,45515.96,35510.72,61353.11
2008-04-21,2008,4,53.95,,4.49,3.35,2.63,2.81,4.08,4.06,48303.4,40944.91,45612.71,45515.96,35510.72,61353.11
2008-04-28,2008,4,53.71,,4.49,3.35,2.63,2.81,4.08,4.06,48303.4,40944.91,45612.71,45515.96,35510.72,61353.11
2008-05-05,2008,5,,,4.49,3.35,2.63,2.81,4.08,4.06,48303.4,40944.91,45612.71,45515.96,35510.72,61353.11
2008-05-12,2008,5,,,4.49,3.35,2.63,2.81,4.08,4.06,48303.4,40944.91,45612.71,45515.96,35510.72,61353.11
2008-05-19,2008,5,,,4.49,3.35,2.63,2.81,4.08,4.06,48303.4,40944.91,45612.71,45515.96,35510.72,61353.11
2008-05-26,2008,5,,,4.49,3.35,2.63,2.81,4.08,4.06,48303.4,40944.91,45612.71,45515.96,35510.72,61353.11
2008-06-02,2008,6,,,4.49,3.35,2.63,2.81,4.08,4.06,48303.4,40944.91,45612.71,45515.96,35510.72,61353.11
2008-06-09,2008,6,,,4.49,3.35,2.63,2.81,4.08,4.06,48303.4,40944.91,45612.71,45515.96,35510.72,61353.11
2008-06-16,2008,6,,,4.49,3.35,2.63,2.81,4.08,4.06,48303.4,40944.91,45612.71,45515.96,35510.72,61353.11
2008-06-23,2008,6,,,4.49,3.35,2.63,2.81,4.08,4.06,48303.4,40944.91,45612.71,45515.96,35510.72,61353.11
2008-06-30,2008,6,,,4.49,3.35,2.63,2.81,4.08,4.06,48303.4,40944.91,45612.71,45515.96,35510.72,61353.11
2008-07-07,2008,7,,,4.49,3.35,2.63,2.81,4.08,4.06,48303.4,40944.91,45612.71,45515.96,35510.72,61353.11
2008-07-14,2008,7,,,4.49,3.35,2.63,2.81,4.08,4.06,48303.4,40944.91,45612.71,45515.96,35510.72,61353.11
2008-07-21,2008,7,,,4.49,3.35,2.63,2.81,4.08,4.06,48303.4,40944.91,45612.71,45515.96,35510.72,61353.11
2008-07-28,2008,7,,,4.49,3.35,2.63,2.81,4.08,4.06,48303.4,40944.91,45612.71,45515.96,35510.72,61353.11
2008-10-06,2008,10,,,4.49,3.35,2.63,2.81,4.08,4.06,48303.4,40944.91,45612.71,45515.96,35510.72,61353.11
2008-10-13,2008,10,,,4.49,3.35,2.63,2.81,4.08,4.06,48303.4,40944.91,45612.71,45515.96,35510.72,61353.11
2008-10-20,2008,10,,,4.49,3.35,2.63,2.81,4.08,4.06,48303.4,40944.91,45612.71,45515.96,35510.72,61353.11
2008-10-27,2008,10,,,4.49,3.35,2.63,2.81,4.08,4.06,48303.4,40944.91,45612.71,45515.96,35510.72,61353.11
2008-11-03,2008,11,,,4.49,3.35,2.63,2.81,4.08,4.06,48303.4,40944.91,45612.71,45515.96,35510.72,61353.11
2008-11-10,2008,11,,,4.49,3.35,2.63,2.81,4.08,4.06,48303.4,40944.91,45612.71,45515.96,35510.72,61353.11
2008-11-17,2008,11,,,4.49,3.35,2.63,2.81,4.08,4.06,48303.4,40944.91,45612.71,45515.96,35510.72,61353.11
2008-11-24,2008,11,,,4.49,3.35,2.63,2.81,4.08,4.06,48303.4,40944.91,45612.71,45515.96,35510.72,61353.11
2008-12-01,2008,12,57.58,,4.49,3.35,2.63,2.81,4.08,4.06,48303.4,40944.91,45612.71,45515.96,35510.72,61353.11
2008-12-08,2008,12,58.96,,4.49,3.35,2.63,2.81,4.08,4.06,48303.4,40944.91,45612.71,45515.96,35510.72,61353.11
2008-12-15,2008,12,60.03,,4.49,3.35,2.63,2.81,4.08,4.06,48303.4,40944.91,45612.71,45515.96,35510.72,61353.11
2008-12-22,2008,12,,,4.49,3.35,2.63,2.81,4.08,4.06,48303.4,40944.91,45612.71,45515.96,35510.72,61353.11
2008-12-29,2008,12,,,4.49,3.35,2.63,2.81,4.08,4.06,48303.4,40944.91,45612.71,45515.96,35510.72,61353.11
2009-01-05,2009,1,,,,,,,,,,,,,,
2009-01-12,2009,1,,,,,,,,,,,,,,
2009-01-19,2009,1,,,,,,,,,,,,,,
2009-01-26,2009,1,,,1.89,1.88,1.31,1.26,1.58,-0.82,46278.77,38820.25,43348.51,43356.99,33601.45,56084.53
2009-02-02,2009,2,,,1.24,1.51,0.97,0.87,0.96,-2.04,45772.61,38289.09,42782.47,42817.25,33124.14,54767.38
2009-02-09,2009,2,,,0.6,1.14,0.64,0.48,0.34,-3.26,45266.45,37757.92,42216.42,42277.51,32646.82,53450.24
2009-02-16,2009,2,,,-0.05,0.77,0.31,0.09,-0.29,-4.48,44760.29,37226.76,41650.37,41737.76,32169.5,52133.09
2009-02-23,2009,2,,,-0.05,0.77,0.31,0.09,-0.29,-4.48,44760.29,37226.76,41650.37,41737.76,32169.5,52133.09
2009-03-02,2009,3,,,-0.05,0.77,0.31,0.09,-0.29,-4.48,44760.29,37226.76,41650.37,41737.76,32169.5,52133.09
2009-03-09,2009,3,54.29,76.0,-0.05,0.77,0.31,0.09,-0.29,-4.48,44760.29,37226.76,41650.37,41737.76,32169.5,52133.09
2009-03-16,2009,3,54.3,76.0,-0.05,0.77,0.31,0.09,-0.29,-4.48,44760.29,37226.76,41650.37,41737.76,32169.5,52133.09
2009-03-23,2009,3,53.76,76.0,-0.05,0.77,0.31,0.09,-0.29,-4.48,44760.29,37226.76,41650.37,41737.76,32169.5,52133.09
2009-03-30,2009,3,53.26,76.0,-0.05,0.77,0.31,0.09,-0.29,-4.48,44760.29,37226.76,41650.37,41737.76,32169.5,52133.09
2009-04-06,2009,4,54.08,76.0,-0.05,0.77,0.31,0.09,-0.29,-4.48,44760.29,37226.76,41650.37,41737.76,32169.5,52133.09
2009-04-13,2009,4,52.85,,-0.05,0.77,0.31,0.09,-0.29,-4.48,44760.29,37226.76,41650.37,41737.76,32169.5,52133.09
2009-04-20,2009,4,,,-0.05,0.77,0.31,0.09,-0.29,-4.48,44760.29,37226.76,41650.37,41737.76,32169.5,52133.09
2009-04-27,2009,4,,,-0.05,0.77,0.31,0.09,-0.29,-4.48,44760.29,37226.76,41650.37,41737.76,32169.5,52133.09
2009-05-04,2009,5,,,-0.05,0.77,0.31,0.09,-0.29,-4.48,44760.29,37226.76,41650.37,41737.76,32169.5,52133.09
2009-05-11,2009,5,,,-0.05,0.77,0.31,0.09,-0.29,-4.48,44760.29,37226.76,41650.37,41737.76,32169.5,52133.09
2009-05-18,2009,5,,,-0.05,0.77,0.31,0.09,-0.29,-4.48,44760.29,37226.76,41650.37,41737.76,32169.5,52133.09
2009-05-25,2009,5,,,-0.05,0.77,0.31,0.09,-0.29,-4.48,44760.29,37226.76,41650.37,41737.76,32169.5,52133.09
2009-06-01,2009,6,,76.0,-0.05,0.77,0.31,0.09,-0.29,-4.48,44760.29,37226.76,41650.37,41737.76,32169.5,52133.09
2009-06-08,2009,6,,76.0,-0.05,0.77,0.31,0.09,-0.29,-4.48,44760.29,37226.76,41650.37,41737.76,32169.5,52133.09
2009-06-15,2009,6,,76.0,-0.05,0.77,0.31,0.09,-0.29,-4.48,44760.29,37226.76,41650.37,41737.76,32169.5,52133.09
2009-06-22,2009,6,,76.0,-0.05,0.77,0.31,0.09,-0.29,-4.48,44760.29,37226.76,41650.37,41737.76,32169.5,52133.09
2009-10-05,2009,10,,74.43,-0.05,0.77,0.31,0.09,-0.29,-4.48,44760.29,37226.76,41650.37,41737.76,32169.5,52133.09
2009-10-12,2009,10,,72.86,-0.05,0.77,0.31,0.09,-0.29,-4.48,44760.29,37226.76,41650.37,41737.76,32169.5,52133.09
2009-10-19,2009,10,,,-0.05,0.77,0.31,0.09,-0.29,-4.48,44760.29,37226.76,41650.37,41737.76,32169.5,52133.09
2009-10-26,2009,10,,,-0.05,0.77,0.31,0.09,-0.29,-4.48,44760.29,37226.76,41650.37,41737.76,32169.5,52133.09
2009-11-02,2009,11,,,-0.05,0.77,0.31,0.09,-0.29,-4.48,44760.29,37226.76,41650.37,41737.76,32169.5,52133.09
2009-11-09,2009,11,,,-0.05,0.77,0.31,0.09,-0.29,-4.48,44760.29,37226.76,41650.37,41737.76,32169.5,52133.09
2009-11-16,2009,11,,,-0.05,0.77,0.31,0.09,-0.29,-4.48,44760.29,37226.76,41650.37,41737.76,32169.5,52133.09
2009-11-23,2009,11,,,-0.05,0.77,0.31,0.09,-0.29,-4.48,44760.29,37226.76,41650.37,41737.76,32169.5,52133.09
2009-11-30,2009,11,,,-0.05,0.77,0.31,0.09,-0.29,-4.48,44760.29,37226.76,41650.37,41737.76,32169.5,52133.09
2009-12-07,2009,12,53.26,,-0.05,0.77,0.31,0.09,-0.29,-4.48,44760.29,37226.76,41650.37,41737.76,32169.5,52133.09
2009-12-14,2009,12,52.28,,-0.05,0.77,0.31,0.09,-0.29,-4.48,44760.29,37226.76,41650.37,41737.76,32169.5,52133.09
2009-12-21,2009,12,53.33,,-0.05,0.77,0.31,0.09,-0.29,-4.48,44760.29,37226.76,41650.37,41737.76,32169.5,52133.09
2009-12-28,2009,12,52.96,,-0.05,0.77,0.31,0.09,-0.29,-4.48,44760.29,37226.76,41650.37,41737.76,32169.5,52133.09
2010-01-04,2010,1,51.73,,,,,,,,,,,,,
2010-01-11,2010,1,50.84,,,,,,,,,,,,,
2010-01-18,2010,1,50.4,,,,,,,,,,,,,
2010-01-25,2010,1,50.6,,1.23,1.2,0.76,0.91,0.91,-2.45,44431.52,36546.12,41605.85,41131.08,31234.06,50150.52
2010-02-01,2010,2,50.11,,1.55,1.31,0.88,1.12,1.2,-1.94,44349.33,36375.96,41594.72,40979.41,31000.2,49654.88
2010-02-08,2010,2,48.13,,1.87,1.42,0.99,1.32,1.5,-1.43,44267.14,36205.8,41583.59,40827.74,30766.34,49159.24
2010-02-15,2010,2,47.61,,2.19,1.53,1.1,1.53,1.8,-0.92,44184.95,36035.64,41572.46,40676.06,30532.48,48663.6
2010-02-22,2010,2,49.69,,2.19,1.53,1.1,1.53,1.8,-0.92,44184.95,36035.64,41572.46,40676.06,30532.48,48663.6
2010-03-01,2010,3,49.83,,2.19,1.53,1.1,1.53,1.8,-0.92,44184.95,36035.64,41572.46,40676.06,30532.48,48663.6
2010-03-08,2010,3,50.06,,2.19,1.53,1.1,1.53,1.8,-0.92,44184.95,36035.64,41572.46,40676.06,30532.48,48663.6
2010-03-15,2010,3,50.83,,2.19,1.53,1.1,1.53,1.8,-0.92,44184.95,36035.64,41572.46,40676.06,30532.48,48663.6
2010-03-22,2010,3,,,2.19,1.53,1.1,1.53,1.8,-0.92,44184.95,36035.64,41572.46,40676.06,30532.48,48663.6
2010-03-29,2010,3,,,2.19,1.53,1.1,1.53,1.8,-0.92,44184.95,36035.64,41572.46,40676.06,30532.48,48663.6
2010-04-05,2010,4,,,2.19,1.53,1.1,1.53,1.8,-0.92,44184.95,36035.64,41572.46,40676.06,30532.48,48663.6
2010-04-12,2010,4,,,2.19,1.53,1.1,1.53,1.8,-0.92,44184.95,36035.64,41572.46,40676.06,30532.48,48663.6
2010-04-19,2010,4,,,2.19,1.53,1.1,1.53,1.8,-0.92,44184.95,36035.64,41572.46,40676.06,30532.48,48663.6
2010-04-26,2010,4,,,2.19,1.53,1.1,1.53,1.8,-0.92,44184.95,36035.64,41572.46,40676.06,30532.48,48663.6
2010-05-03,2010,5,,,2.19,1.53,1.1,1.53,1.8,-0.92,44184.95,36035.64,41572.46,40676.06,30532.48,48663.6
2010-05-10,2010,5,,,2.19,1.53,1.1,1.53,1.8,-0.92,44184.95,36035.64,41572.46,40676.06,30532.48,48663.6
2010-05-17,2010,5,,,2.19,1.53,1.1,1.53,1.8,-0.92,44184.95,36035.64,41572.46,40676.06,30532.48,48663.6
2010-05-24,2010,5,,,2.19,1.53,1.1,1.53,1.8,-0.92,44184.95,36035.64,41572.46,40676.06,30532.48,48663.6
2010-05-31,2010,5,,,2.19,1.53,1.1,1.53,1.8,-0.92,44184.95,36035.64,41572.46,40676.06,30532.48,48663.6
2010-06-07,2010,6,,,2.19,1.53,1.1,1.53,1.8,-0.92,44184.95,36035.64,41572.46,40676.06,30532.48,48663.6
2010-06-14,2010,6,,,2.19,1.53,1.1,1.53,1.8,-0.92,44184.95,36035.64,41572.46,40676.06,30532.48,48663.6
2010-06-21,2010,6,,,2.19,1.53,1.1,1.53,1.8,-0.92,44184.95,36035.64,41572.46,40676.06,30532.48,48663.6
2010-06-28,2010,6,,,2.19,1.53,1.1,1.53,1.8,-0.92,44184.95,36035.64,41572.46,40676.06,30532.48,48663.6
2010-07-05,2010,7,,,2.19,1.53,1.1,1.53,1.8,-0.92,44184.95,36035.64,41572.46,40676.06,30532.48,48663.6
2010-07-12,2010,7,,,2.19,1.53,1.1,1.53,1.8,-0.92,44184.95,36035.64,41572.46,40676.06,30532.48,48663.6
2010-07-19,2010,7,,,2.19,1.53,1.1,1.53,1.8,-0.92,44184.95,36035.64,41572.46,40676.06,30532.48,48663.6
2010-10-11,2010,10,,,2.19,1.53,1.1,1.53,1.8,-0.92,44184.95,36035.64,41572.46,40676.06,30532.48,48663.6
2010-10-18,2010,10,,,2.19,1.53,1.1,1.53,1.8,-0.92,44184.95,36035.64,41572.46,40676.06,30532.48,48663.6
2010-10-25,2010,10,,,2.19,1.53,1.1,1.53,1.8,-0.92,44184.95,36035.64,41572.46,40676.06,30532.48,48663.6
2010-11-01,2010,11,,,2.19,1.53,1.1,1.53,1.8,-0.92,44184.95,36035.64,41572.46,40676.06,30532.48,48663.6
2010-11-08,2010,11,,,2.19,1.53,1.1,1.53,1.8,-0.92,44184.95,36035.64,41572.46,40676.06,30532.48,48663.6
2010-11-15,2010,11,,,2.19,1.53,1.1,1.53,1.8,-0.92,44184.95,36035.64,41572.46,40676.06,30532.48,48663.6
2010-11-22,2010,11,73.83,85.71,2.19,1.53,1.1,1.53,1.8,-0.92,44184.95,36035.64,41572.46,40676.06,30532.48,48663.6
2010-11-29,2010,11,71.79,85.14,2.19,1.53,1.1,1.53,1.8,-0.92,44184.95,36035.64,41572.46,40676.06,30532.48,48663.6
2010-12-06,2010,12,70.73,84.57,2.19,1.53,1.1,1.53,1.8,-0.92,44184.95,36035.64,41572.46,40676.06,30532.48,48663.6
2010-12-13,2010,12,69.51,84.0,2.19,1.53,1.1,1.53,1.8,-0.92,44184.95,36035.64,41572.46,40676.06,30532.48,48663.6
2010-12-20,2010,12,,,2.19,1.53,1.1,1.53,1.8,-0.92,44184.95,36035.64,41572.46,40676.06,30532.48,48663.6
2010-12-27,2010,12,,,2.19,1.53,1.1,1.53,1.8,-0.92,44184.95,36035.64,41572.46,40676.06,30532.48,48663.6
2011-01-03,2011,1,,,,,,,,,,,,,,
2011-01-10,2011,1,,,,,,,,,,,,,,
2011-01-17,2011,1,,,,,,,,,,,,,,
2011-01-24,2011,1,,,2.96,2.24,1.66,1.86,2.6,1.07,46028.16,37529.36,44505.85,42487.72,31187.01,50695.66
2011-01-31,2011,1,,,3.15,2.42,1.8,1.95,2.8,1.56,46488.96,37902.78,45239.2,42940.64,31350.64,51203.68
2011-02-07,2011,2,,,3.34,2.6,1.94,2.03,3.0,2.06,46949.76,38276.21,45972.55,43393.55,31514.27,51711.69
2011-02-14,2011,2,58.73,84.0,3.53,2.78,2.08,2.11,3.2,2.56,47410.57,38649.64,46705.9,43846.47,31677.9,52219.71
2011-02-21,2011,2,57.21,83.9,3.53,2.78,2.08,2.11,3.2,2.56,47410.57,38649.64,46705.9,43846.47,31677.9,52219.71
2011-02-28,2011,2,56.75,83.9,3.53,2.78,2.08,2.11,3.2,2.56,47410.57,38649.64,46705.9,43846.47,31677.9,52219.71
2011-03-07,2011,3,56.4,83.9,3.53,2.78,2.08,2.11,3.2,2.56,47410.57,38649.64,46705.9,43846.47,31677.9,52219.71
2011-03-14,2011,3,56.78,83.9,3.53,2.78,2.08,2.11,3.2,2.56,47410.57,38649.64,46705.9,43846.47,31677.9,52219.71
2011-03-21,2011,3,,83.9,3.53,2.78,2.08,2.11,3.2,2.56,47410.57,38649.64,46705.9,43846.47,31677.9,52219.71
2011-03-28,2011,3,,83.9,3.53,2.78,2.08,2.11,3.2,2.56,47410.57,38649.64,46705.9,43846.47,31677.9,52219.71
2011-04-04,2011,4,,83.9,3.53,2.78,2.08,2.11,3.2,2.56,47410.57,38649.64,46705.9,43846.47,31677.9,52219.71
2011-04-11,2011,4,,,3.53,2.78,2.08,2.11,3.2,2.56,47410.57,38649.64,46705.9,43846.47,31677.9,52219.71
2011-04-18,2011,4,,,3.53,2.78,2.08,2.11,3.2,2.56,47410.57,38649.64,46705.9,43846.47,31677.9,52219.71
2011-04-25,2011,4,,,3.53,2.78,2.08,2.11,3.2,2.56,47410.57,38649.64,46705.9,43846.47,31677.9,52219.71
2011-05-02,2011,5,,,3.53,2.78,2.08,2.11,3.2,2.56,47410.57,38649.64,46705.9,43846.47,31677.9,52219.71
2011-05-09,2011,5,,,3.53,2.78,2.08,2.11,3.2,2.56,47410.57,38649.64,46705.9,43846.47,31677.9,52219.71
2011-05-16,2011,5,,,3.53,2.78,2.08,2.11,3.2,2.56,47410.57,38649.64,46705.9,43846.47,31677.9,52219.71
2011-05-23,2011,5,,,3.53,2.78,2.08,2.11,3.2,2.56,47410.57,38649.64,46705.9,43846.47,31677.9,52219.71
2011-05-30,2011,5,,79.74,3.53,2.78,2.08,2.11,3.2,2.56,47410.57,38649.64,46705.9,43846.47,31677.9,52219.71
2011-06-06,2011,6,,79.02,3.53,2.78,2.08,2.11,3.2,2.56,47410.57,38649.64,46705.9,43846.47,31677.9,52219.71
2011-06-13,2011,6,,79.02,3.53,2.78,2.08,2.11,3.2,2.56,47410.57,38649.64,46705.9,43846.47,31677.9,52219.71
2011-06-20,2011,6,,78.88,3.53,2.78,2.08,2.11,3.2,2.56,47410.57,38649.64,46705.9,43846.47,31677.9,52219.71
2011-06-27,2011,6,,,3.53,2.78,2.08,2.11,3.2,2.56,47410.57,38649.64,46705.9,43846.47,31677.9,52219.71
2011-07-04,2011,7,,,3.53,2.78,2.08,2.11,3.2,2.56,47410.57,38649.64,46705.9,43846.47,31677.9,52219.71
2011-07-11,2011,7,,,3.53,2.78,2.08,2.11,3.2,2.56,47410.57,38649.64,46705.9,43846.47,31677.9,52219.71
2011-07-18,2011,7,,,3.53,2.78,2.08,2.11,3.2,2.56,47410.57,38649.64,46705.9,43846.47,31677.9,52219.71
2011-07-25,2011,7,,,3.53,2.78,2.08,2.11,3.2,2.56,47410.57,38649.64,46705.9,43846.47,31677.9,52219.71
2011-08-01,2011,8,,,3.53,2.78,2.08,2.11,3.2,2.56,47410.57,38649.64,46705.9,43846.47,31677.9,52219.71
2011-08-15,2011,8,,,3.53,2.78,2.08,2.11,3.2,2.56,47410.57,38649.64,46705.9,43846.47,31677.9,52219.71
2011-08-29,2011,8,,,3.53,2.78,2.08,2.11,3.2,2.56,47410.57,38649.64,46705.9,43846.47,31677.9,52219.71
2011-09-05,2011,9,,,3.53,2.78,2.08,2.11,3.2,2.56,47410.57,38649.64,46705.9,43846.47,31677.9,52219.71
2011-09-12,2011,9,,,3.53,2.78,2.08,2.11,3.2,2.56,47410.57,38649.64,46705.9,43846.47,31677.9,52219.71
2011-09-19,2011,9,,,3.53,2.78,2.08,2.11,3.2,2.56,47410.57,38649.64,46705.9,43846.47,31677.9,52219.71
2011-09-26,2011,9,,,3.53,2.78,2.08,2.11,3.2,2.56,47410.57,38649.64,46705.9,43846.47,31677.9,52219.71
2011-10-03,2011,10,,,3.53,2.78,2.08,2.11,3.2,2.56,47410.57,38649.64,46705.9,43846.47,31677.9,52219.71
2011-10-10,2011,10,,,3.53,2.78,2.08,2.11,3.2,2.56,47410.57,38649.64,46705.9,43846.47,31677.9,52219.71
2011-10-17,2011,10,,,3.53,2.78,2.08,2.11,3.2,2.56,47410.57,38649.64,46705.9,43846.47,31677.9,52219.71
2011-10-24,2011,10,,,3.53,2.78,2.08,2.11,3.2,2.56,47410.57,38649.64,46705.9,43846.47,31677.9,52219.71
2011-10-31,2011,10,,,3.53,2.78,2.08,2.11,3.2,2.56,47410.57,38649.64,46705.9,43846.47,31677.9,52219.71
2011-11-07,2011,11,,,3.53,2.78,2.08,2.11,3.2,2.56,47410.57,38649.64,46705.9,43846.47,31677.9,52219.71
2011-11-14,2011,11,,,3.53,2.78,2.08,2.11,3.2,2.56,47410.57,38649.64,46705.9,43846.47,31677.9,52219.71
2011-11-21,2011,11,,72.43,3.53,2.78,2.08,2.11,3.2,2.56,47410.57,38649.64,46705.9,43846.47,31677.9,52219.71
2011-11-28,2011,11,,72.43,3.53,2.78,2.08,2.11,3.2,2.56,47410.57,38649.64,46705.9,43846.47,31677.9,52219.71
2011-12-05,2011,12,69.68,71.5,3.53,2.78,2.08,2.11,3.2,2.56,47410.57,38649.64,46705.9,43846.47,31677.9,52219.71
2011-12-12,2011,12,67.99,71.5,3.53,2.78,2.08,2.11,3.2,2.56,47410.57,38649.64,46705.9,43846.47,31677.9,52219.71
2011-12-19,2011,12,65.63,,3.53,2.78,2.08,2.11,3.2,2.56,47410.57,38649.64,46705.9,43846.47,31677.9,52219.71
2011-12-26,2011,12,64.15,,3.53,2.78,2.08,2.11,3.2,2.56,47410.57,38649.64,46705.9,43846.47,31677.9,52219.71
2012-01-02,2012,1,62.0,,,,,,,,,,,,,
2012-01-09,2012,1,61.18,,,,,,,,,,,,,
2012-01-16,2012,1,61.13,,,,,,,,,,,,,
2012-01-23,2012,1,61.23,,3.14,2.93,2.04,2.02,2.77,2.07,45844.85,36593.57,45077.3,42146.12,29760.78,50347.77
2012-01-30,2012,1,,,3.04,2.97,2.03,2.0,2.66,1.94,45453.42,36079.56,44670.15,41721.03,29281.5,49879.79
2012-02-06,2012,2,,72.43,2.94,3.0,2.02,1.98,2.55,1.82,45061.99,35565.54,44263.0,41295.94,28802.23,49411.8
2012-02-13,2012,2,,72.43,2.84,3.04,2.01,1.95,2.45,1.7,44670.56,35051.52,43855.85,40870.85,28322.95,48943.82
2012-02-20,2012,2,,72.43,2.84,3.04,2.01,1.95,2.45,1.7,44670.56,35051.52,43855.85,40870.85,28322.95,48943.82
2012-02-27,2012,2,,72.43,2.84,3.04,2.01,1.95,2.45,1.7,44670.56,35051.52,43855.85,40870.85,28322.95,48943.82
2012-03-05,2012,3,,72.43,2.84,3.04,2.01,1.95,2.45,1.7,44670.56,35051.52,43855.85,40870.85,28322.95,48943.82
2012-03-12,2012,3,,72.43,2.84,3.04,2.01,1.95,2.45,1.7,44670.56,35051.52,43855.85,40870.85,28322.95,48943.82
2012-03-19,2012,3,61.84,71.5,2.84,3.04,2.01,1.95,2.45,1.7,44670.56,35051.52,43855.85,40870.85,28322.95,48943.82
2012-03-26,2012,3,63.12,71.5,2.84,3.04,2.01,1.95,2.45,1.7,44670.56,35051.52,43855.85,40870.85,28322.95,48943.82
2012-04-02,2012,4,64.52,71.5,2.84,3.04,2.01,1.95,2.45,1.7,44670.56,35051.52,43855.85,40870.85,28322.95,48943.82
2012-04-09,2012,4,65.09,71.5,2.84,3.04,2.01,1.95,2.45,1.7,44670.56,35051.52,43855.85,40870.85,28322.95,48943.82
2012-04-16,2012,4,64.25,71.5,2.84,3.04,2.01,1.95,2.45,1.7,44670.56,35051.52,43855.85,40870.85,28322.95,48943.82
2012-04-23,2012,4,64.67,71.5,2.84,3.04,2.01,1.95,2.45,1.7,44670.56,35051.52,43855.85,40870.85,28322.95,48943.82
2012-04-30,2012,4,64.43,71.71,2.84,3.04,2.01,1.95,2.45,1.7,44670.56,35051.52,43855.85,40870.85,28322.95,48943.82
2012-05-07,2012,5,,71.93,2.84,3.04,2.01,1.95,2.45,1.7,44670.56,35051.52,43855.85,40870.85,28322.95,48943.82
2012-05-14,2012,5,,73.0,2.84,3.04,2.01,1.95,2.45,1.7,44670.56,35051.52,43855.85,40870.85,28322.95,48943.82
2012-05-21,2012,5,,74.07,2.84,3.04,2.01,1.95,2.45,1.7,44670.56,35051.52,43855.85,40870.85,28322.95,48943.82
2012-05-28,2012,5,,75.14,2.84,3.04,2.01,1.95,2.45,1.7,44670.56,35051.52,43855.85,40870.85,28322.95,48943.82
2012-06-04,2012,6,,76.21,2.84,3.04,2.01,1.95,2.45,1.7,44670.56,35051.52,43855.85,40870.85,28322.95,48943.82
2012-06-11,2012,6,,78.57,2.84,3.04,2.01,1.95,2.45,1.7,44670.56,35051.52,43855.85,40870.85,28322.95,48943.82
2012-06-18,2012,6,,80.71,2.84,3.04,2.01,1.95,2.45,1.7,44670.56,35051.52,43855.85,40870.85,28322.95,48943.82
2012-06-25,2012,6,,82.86,2.84,3.04,2.01,1.95,2.45,1.7,44670.56,35051.52,43855.85,40870.85,28322.95,48943.82
2012-07-02,2012,7,,,2.84,3.04,2.01,1.95,2.45,1.7,44670.56,35051.52,43855.85,40870.85,28322.95,48943.82
2012-07-09,2012,7,,,2.84,3.04,2.01,1.95,2.45,1.7,44670.56,35051.52,43855.85,40870.85,28322.95,48943.82
2012-07-23,2012,7,,,2.84,3.04,2.01,1.95,2.45,1.7,44670.56,35051.52,43855.85,40870.85,28322.95,48943.82
2012-07-30,2012,7,,,2.84,3.04,2.01,1.95,2.45,1.7,44670.56,35051.52,43855.85,40870.85,28322.95,48943.82
2012-08-06,2012,8,,,2.84,3.04,2.01,1.95,2.45,1.7,44670.56,35051.52,43855.85,40870.85,28322.95,48943.82
2012-08-13,2012,8,,,2.84,3.04,2.01,1.95,2.45,1.7,44670.56,35051.52,43855.85,40870.85,28322.95,48943.82
2012-08-20,2012,8,,,2.84,3.04,2.01,1.95,2.45,1.7,44670.56,35051.52,43855.85,40870.85,28322.95,48943.82
2012-10-08,2012,10,,,2.84,3.04,2.01,1.95,2.45,1.7,44670.56,35051.52,43855.85,40870.85,28322.95,48943.82
2012-10-15,2012,10,,,2.84,3.04,2.01,1.95,2.45,1.7,44670.56,35051.52,43855.85,40870.85,28322.95,48943.82
2012-10-22,2012,10,,,2.84,3.04,2.01,1.95,2.45,1.7,44670.56,35051.52,43855.85,40870.85,28322.95,48943.82
2012-10-29,2012,10,,,2.84,3.04,2.01,1.95,2.45,1.7,44670.56,35051.52,43855.85,40870.85,28322.95,48943.82
2012-11-05,2012,11,,,2.84,3.04,2.01,1.95,2.45,1.7,44670.56,35051.52,43855.85,40870.85,28322.95,48943.82
2012-11-12,2012,11,,,2.84,3.04,2.01,1.95,2.45,1.7,44670.56,35051.52,43855.85,40870.85,28322.95,48943.82
2012-11-19,2012,11,,90.0,2.84,3.04,2.01,1.95,2.45,1.7,44670.56,35051.52,43855.85,40870.85,28322.95,48943.82
2012-11-26,2012,11,,90.0,2.84,3.04,2.01,1.95,2.45,1.7,44670.56,35051.52,43855.85,40870.85,28322.95,48943.82
2012-12-03,2012,12,,90.0,2.84,3.04,2.01,1.95,2.45,1.7,44670.56,35051.52,43855.85,40870.85,28322.95,48943.82
2012-12-10,2012,12,77.54,90.0,2.84,3.04,2.01,1.95,2.45,1.7,44670.56,35051.52,43855.85,40870.85,28322.95,48943.82
2012-12-17,2012,12,77.19,,2.84,3.04,2.01,1.95,2.45,1.7,44670.56,35051.52,43855.85,40870.85,28322.95,48943.82
2012-12-24,2012,12,76.82,,2.84,3.04,2.01,1.95,2.45,1.7,44670.56,35051.52,43855.85,40870.85,28322.95,48943.82
2012-12-31,2012,12,,,2.84,3.04,2.01,1.95,2.45,1.7,44670.56,35051.52,43855.85,40870.85,28322.95,48943.82
2013-01-07,2013,1,,,,,,,,,,,,,,
2013-01-14,2013,1,,,,,,,,,,,,,,
2013-01-21,2013,1,,,,,,,,,,,,,,
2013-01-28,2013,1,,,1.85,2.0,1.72,1.33,1.85,1.02,45863.36,35342.13,45251.89,41860.49,28753.94,50402.76
2013-02-04,2013,2,,,1.61,1.74,1.65,1.18,1.71,0.85,46161.55,35414.78,45600.9,42107.9,28861.69,50767.49
2013-02-11,2013,2,,91.14,1.36,1.48,1.58,1.02,1.56,0.68,46459.75,35487.43,45949.91,42355.31,28969.43,51132.23
2013-02-18,2013,2,80.46,92.29,1.11,1.22,1.5,0.86,1.41,0.51,46757.95,35560.08,46298.92,42602.72,29077.18,51496.96
2013-02-25,2013,2,81.14,93.43,1.11,1.22,1.5,0.86,1.41,0.51,46757.95,35560.08,46298.92,42602.72,29077.18,51496.96
2013-03-04,2013,3,,94.57,1.11,1.22,1.5,0.86,1.41,0.51,46757.95,35560.08,46298.92,42602.72,29077.18,51496.96
2013-03-11,2013,3,,95.71,1.11,1.22,1.5,0.86,1.41,0.51,46757.95,35560.08,46298.92,42602.72,29077.18,51496.96
2013-03-18,2013,3,,96.86,1.11,1.22,1.5,0.86,1.41,0.51,46757.95,35560.08,46298.92,42602.72,29077.18,51496.96
2013-03-25,2013,3,,98.0,1.11,1.22,1.5,0.86,1.41,0.51,46757.95,35560.08,46298.92,42602.72,29077.18,51496.96
2013-04-01,2013,4,,98.0,1.11,1.22,1.5,0.86,1.41,0.51,46757.95,35560.08,46298.92,42602.72,29077.18,51496.96
2013-04-08,2013,4,,98.0,1.11,1.22,1.5,0.86,1.41,0.51,46757.95,35560.08,46298.92,42602.72,29077.18,51496.96
2013-04-15,2013,4,,98.0,1.11,1.22,1.5,0.86,1.41,0.51,46757.95,35560.08,46298.92,42602.72,29077.18,51496.96
2013-04-22,2013,4,95.26,98.0,1.11,1.22,1.5,0.86,1.41,0.51,46757.95,35560.08,46298.92,42602.72,29077.18,51496.96
2013-04-29,2013,4,97.07,98.0,1.11,1.22,1.5,0.86,1.41,0.51,46757.95,35560.08,46298.92,42602.72,29077.18,51496.96
2013-05-06,2013,5,,98.0,1.11,1.22,1.5,0.86,1.41,0.51,46757.95,35560.08,46298.92,42602.72,29077.18,51496.96
2013-05-13,2013,5,,99.14,1.11,1.22,1.5,0.86,1.41,0.51,46757.95,35560.08,46298.92,42602.72,29077.18,51496.96
2013-05-20,2013,5,,,1.11,1.22,1.5,0.86,1.41,0.51,46757.95,35560.08,46298.92,42602.72,29077.18,51496.96
2013-05-27,2013,5,,,1.11,1.22,1.5,0.86,1.41,0.51,46757.95,35560.08,46298.92,42602.72,29077.18,51496.96
2013-06-03,2013,6,,,1.11,1.22,1.5,0.86,1.41,0.51,46757.95,35560.08,46298.92,42602.72,29077.18,51496.96
2013-06-10,2013,6,,,1.11,1.22,1.5,0.86,1.41,0.51,46757.95,35560.08,46298.92,42602.72,29077.18,51496.96
2013-06-17,2013,6,,,1.11,1.22,1.5,0.86,1.41,0.51,46757.95,35560.08,46298.92,42602.72,29077.18,51496.96
2013-06-24,2013,6,,,1.11,1.22,1.5,0.86,1.41,0.51,46757.95,35560.08,46298.92,42602.72,29077.18,51496.96
2013-07-01,2013,7,,,1.11,1.22,1.5,0.86,1.41,0.51,46757.95,35560.08,46298.92,42602.72,29077.18,51496.96
2013-07-08,2013,7,,,1.11,1.22,1.5,0.86,1.41,0.51,46757.95,35560.08,46298.92,42602.72,29077.18,51496.96
2013-10-14,2013,10,,,1.11,1.22,1.5,0.86,1.41,0.51,46757.95,35560.08,46298.92,42602.72,29077.18,51496.96
2013-10-21,2013,10,,,1.11,1.22,1.5,0.86,1.41,0.51,46757.95,35560.08,46298.92,42602.72,29077.18,51496.96
2013-10-28,2013,10,,,1.11,1.22,1.5,0.86,1.41,0.51,46757.95,35560.08,46298.92,42602.72,29077.18,51496.96
2013-11-04,2013,11,,,1.11,1.22,1.5,0.86,1.41,0.51,46757.95,35560.08,46298.92,42602.72,29077.18,51496.96
2013-11-11,2013,11,,,1.11,1.22,1.5,0.86,1.41,0.51,46757.95,35560.08,46298.92,42602.72,29077.18,51496.96
2013-11-18,2013,11,,,1.11,1.22,1.5,0.86,1.41,0.51,46757.95,35560.08,46298.92,42602.72,29077.18,51496.96
2013-11-25,2013,11,,90.0,1.11,1.22,1.5,0.86,1.41,0.51,46757.95,35560.08,46298.92,42602.72,29077.18,51496.96
2013-12-02,2013,12,,90.0,1.11,1.22,1.5,0.86,1.41,0.51,46757.95,35560.08,46298.92,42602.72,29077.18,51496.96
2013-12-09,2013,12,,90.0,1.11,1.22,1.5,0.86,1.41,0.51,46757.95,35560.08,46298.92,42602.72,29077.18,51496.96
2013-12-16,2013,12,,90.0,1.11,1.22,1.5,0.86,1.41,0.51,46757.95,35560.08,46298.92,42602.72,29077.18,51496.96
2013-12-23,2013,12,74.61,,1.11,1.22,1.5,0.86,1.41,0.51,46757.95,35560.08,46298.92,42602.72,29077.18,51496.96
2013-12-30,2013,12,74.86,,1.11,1.22,1.5,0.86,1.41,0.51,46757.95,35560.08,46298.92,42602.72,29077.18,51496.96
2014-01-06,2014,1,73.89,,,,,,,,,,,,,
2014-01-13,2014,1,72.97,,,,,,,,,,,,,
2014-01-20,2014,1,71.57,,,,,,,,,,,,,
2014-01-27,2014,1,70.04,,0.67,0.66,1.16,0.66,0.52,0.32,47332.88,35563.3,47284.61,42868.91,29326.59,53928.85
2014-02-03,2014,2,68.68,,0.56,0.52,1.08,0.61,0.29,0.28,47476.61,35564.11,47531.03,42935.45,29388.95,54536.82
2014-02-10,2014,2,67.9,88.36,0.45,0.38,0.99,0.56,0.07,0.23,47620.34,35564.92,47777.45,43002.0,29451.3,55144.79
2014-02-17,2014,2,66.36,87.86,0.34,0.24,0.91,0.51,-0.15,0.18,47764.07,35565.72,48023.87,43068.55,29513.65,55752.76
2014-02-24,2014,2,65.79,87.36,0.34,0.24,0.91,0.51,-0.15,0.18,47764.07,35565.72,48023.87,43068.55,29513.65,55752.76
2014-03-03,2014,3,65.39,87.0,0.34,0.24,0.91,0.51,-0.15,0.18,47764.07,35565.72,48023.87,43068.55,29513.65,55752.76
2014-03-10,2014,3,65.31,86.64,0.34,0.24,0.91,0.51,-0.15,0.18,47764.07,35565.72,48023.87,43068.55,29513.65,55752.76
2014-03-17,2014,3,65.45,85.93,0.34,0.24,0.91,0.51,-0.15,0.18,47764.07,35565.72,48023.87,43068.55,29513.65,55752.76
2014-03-24,2014,3,65.66,84.5,0.34,0.24,0.91,0.51,-0.15,0.18,47764.07,35565.72,48023.87,43068.55,29513.65,55752.76
2014-03-31,2014,3,65.48,83.29,0.34,0.24,0.91,0.51,-0.15,0.18,47764.07,35565.72,48023.87,43068.55,29513.65,55752.76
2014-04-07,2014,4,65.42,82.07,0.34,0.24,0.91,0.51,-0.15,0.18,47764.07,35565.72,48023.87,43068.55,29513.65,55752.76
2014-04-14,2014,4,65.35,80.86,0.34,0.24,0.91,0.51,-0.15,0.18,47764.07,35565.72,48023.87,43068.55,29513.65,55752.76
2014-04-21,2014,4,65.32,79.79,0.34,0.24,0.91,0.51,-0.15,0.18,47764.07,35565.72,48023.87,43068.55,29513.65,55752.76
2014-04-28,2014,4,,78.71,0.34,0.24,0.91,0.51,-0.15,0.18,47764.07,35565.72,48023.87,43068.55,29513.65,55752.76
2014-05-05,2014,5,,77.71,0.34,0.24,0.91,0.51,-0.15,0.18,47764.07,35565.72,48023.87,43068.55,29513.65,55752.76
2014-05-12,2014,5,,77.36,0.34,0.24,0.91,0.51,-0.15,0.18,47764.07,35565.72,48023.87,43068.55,29513.65,55752.76
2014-05-19,2014,5,,77.0,0.34,0.24,0.91,0.51,-0.15,0.18,47764.07,35565.72,48023.87,43068.55,29513.65,55752.76
2014-05-26,2014,5,,76.64,0.34,0.24,0.91,0.51,-0.15,0.18,47764.07,35565.72,48023.87,43068.55,29513.65,55752.76
2014-06-02,2014,6,,76.29,0.34,0.24,0.91,0.51,-0.15,0.18,47764.07,35565.72,48023.87,43068.55,29513.65,55752.76
2014-06-09,2014,6,,75.57,0.34,0.24,0.91,0.51,-0.15,0.18,47764.07,35565.72,48023.87,43068.55,29513.65,55752.76
2014-06-16,2014,6,,74.86,0.34,0.24,0.91,0.51,-0.15,0.18,47764.07,35565.72,48023.87,43068.55,29513.65,55752.76
2014-06-23,2014,6,,74.43,0.34,0.24,0.91,0.51,-0.15,0.18,47764.07,35565.72,48023.87,43068.55,29513.65,55752.76
2014-06-30,2014,6,,73.43,0.34,0.24,0.91,0.51,-0.15,0.18,47764.07,35565.72,48023.87,43068.55,29513.65,55752.76
2014-07-07,2014,7,,72.21,0.34,0.24,0.91,0.51,-0.15,0.18,47764.07,35565.72,48023.87,43068.55,29513.65,55752.76
2014-07-14,2014,7,,71.0,0.34,0.24,0.91,0.51,-0.15,0.18,47764.07,35565.72,48023.87,43068.55,29513.65,55752.76
2014-07-21,2014,7,,,0.34,0.24,0.91,0.51,-0.15,0.18,47764.07,35565.72,48023.87,43068.55,29513.65,55752.76
2014-07-28,2014,7,,,0.34,0.24,0.91,0.51,-0.15,0.18,47764.07,35565.72,48023.87,43068.55,29513.65,55752.76
2014-08-04,2014,8,,,0.34,0.24,0.91,0.51,-0.15,0.18,47764.07,35565.72,48023.87,43068.55,29513.65,55752.76
2014-08-11,2014,8,,,0.34,0.24,0.91,0.51,-0.15,0.18,47764.07,35565.72,48023.87,43068.55,29513.65,55752.76
2014-08-18,2014,8,,,0.34,0.24,0.91,0.51,-0.15,0.18,47764.07,35565.72,48023.87,43068.55,29513.65,55752.76
2014-08-25,2014,8,,,0.34,0.24,0.91,0.51,-0.15,0.18,47764.07,35565.72,48023.87,43068.55,29513.65,55752.76
2014-09-01,2014,9,,,0.34,0.24,0.91,0.51,-0.15,0.18,47764.07,35565.72,48023.87,43068.55,29513.65,55752.76
2014-09-08,2014,9,,,0.34,0.24,0.91,0.51,-0.15,0.18,47764.07,35565.72,48023.87,43068.55,29513.65,55752.76
2014-09-15,2014,9,,,0.34,0.24,0.91,0.51,-0.15,0.18,47764.07,35565.72,48023.87,43068.55,29513.65,55752.76
2014-09-22,2014,9,,,0.34,0.24,0.91,0.51,-0.15,0.18,47764.07,35565.72,48023.87,43068.55,29513.65,55752.76
2014-09-29,2014,9,,,0.34,0.24,0.91,0.51,-0.15,0.18,47764.07,35565.72,48023.87,43068.55,29513.65,55752.76
2014-10-06,2014,10,,,0.34,0.24,0.91,0.51,-0.15,0.18,47764.07,35565.72,48023.87,43068.55,29513.65,55752.76
2014-10-13,2014,10,,,0.34,0.24,0.91,0.51,-0.15,0.18,47764.07,35565.72,48023.87,43068.55,29513.65,55752.76
2014-10-20,2014,10,,,0.34,0.24,0.91,0.51,-0.15,0.18,47764.07,35565.72,48023.87,43068.55,29513.65,55752.76
2014-10-27,2014,10,,,0.34,0.24,0.91,0.51,-0.15,0.18,47764.07,35565.72,48023.87,43068.55,29513.65,55752.76
2014-11-03,2014,11,,,0.34,0.24,0.91,0.51,-0.15,0.18,47764.07,35565.72,48023.87,43068.55,29513.65,55752.76
2014-11-10,2014,11,,,0.34,0.24,0.91,0.51,-0.15,0.18,47764.07,35565.72,48023.87,43068.55,29513.65,55752.76
2014-11-17,2014,11,,54.93,0.34,0.24,0.91,0.51,-0.15,0.18,47764.07,35565.72,48023.87,43068.55,29513.65,55752.76
2014-11-24,2014,11,,55.86,0.34,0.24,0.91,0.51,-0.15,0.18,47764.07,35565.72,48023.87,43068.55,29513.65,55752.76
2014-12-01,2014,12,,56.07,0.34,0.24,0.91,0.51,-0.15,0.18,47764.07,35565.72,48023.87,43068.55,29513.65,55752.76
2014-12-08,2014,12,,56.29,0.34,0.24,0.91,0.51,-0.15,0.18,47764.07,35565.72,48023.87,43068.55,29513.65,55752.76
2014-12-15,2014,12,,56.5,0.34,0.24,0.91,0.51,-0.15,0.18,47764.07,35565.72,48023.87,43068.55,29513.65,55752.76
2014-12-22,2014,12,,56.5,0.34,0.24,0.91,0.51,-0.15,0.18,47764.07,35565.72,48023.87,43068.55,29513.65,55752.76
2014-12-29,2014,12,71.38,56.5,0.34,0.24,0.91,0.51,-0.15,0.18,47764.07,35565.72,48023.87,43068.55,29513.65,55752.76
2015-01-05,2015,1,70.73,56.5,,,,,,,,,,,,
2015-01-12,2015,1,70.05,56.5,,,,,,,,,,,,
2015-01-19,2015,1,69.18,56.5,,,,,,,,,,,,
2015-01-26,2015,1,67.22,56.5,0.47,0.13,0.68,0.24,-0.35,-0.09,43903.63,32523.82,44069.23,39402.48,27365.49,59425.05
2015-02-02,2015,2,65.86,56.5,0.5,0.1,0.63,0.17,-0.4,-0.15,42938.52,31763.34,43080.57,38485.96,26828.44,60343.12
2015-02-09,2015,2,65.24,56.5,0.53,0.07,0.57,0.1,-0.45,-0.22,41973.41,31002.86,42091.92,37569.44,26291.4,61261.19
2015-02-16,2015,2,,56.5,0.56,0.04,0.51,0.04,-0.5,-0.29,41008.3,30242.39,41103.26,36652.92,25754.36,62179.26
2015-02-23,2015,2,,56.5,0.56,0.04,0.51,0.04,-0.5,-0.29,41008.3,30242.39,41103.26,36652.92,25754.36,62179.26
2015-03-02,2015,3,,56.5,0.56,0.04,0.51,0.04,-0.5,-0.29,41008.3,30242.39,41103.26,36652.92,25754.36,62179.26
2015-03-09,2015,3,,56.5,0.56,0.04,0.51,0.04,-0.5,-0.29,41008.3,30242.39,41103.26,36652.92,25754.36,62179.26
2015-03-16,2015,3,,56.5,0.56,0.04,0.51,0.04,-0.5,-0.29,41008.3,30242.39,41103.26,36652.92,25754.36,62179.26
2015-03-23,2015,3,,56.5,0.56,0.04,0.51,0.04,-0.5,-0.29,41008.3,30242.39,41103.26,36652.92,25754.36,62179.26
2015-03-30,2015,3,,,0.56,0.04,0.51,0.04,-0.5,-0.29,41008.3,30242.39,41103.26,36652.92,25754.36,62179.26
2015-04-06,2015,4,65.66,,0.56,0.04,0.51,0.04,-0.5,-0.29,41008.3,30242.39,41103.26,36652.92,25754.36,62179.26
2015-04-13,2015,4,65.67,55.79,0.56,0.04,0.51,0.04,-0.5,-0.29,41008.3,30242.39,41103.26,36652.92,25754.36,62179.26
2015-04-20,2015,4,66.34,55.93,0.56,0.04,0.51,0.04,-0.5,-0.29,41008.3,30242.39,41103.26,36652.92,25754.36,62179.26
2015-04-27,2015,4,66.64,56.64,0.56,0.04,0.51,0.04,-0.5,-0.29,41008.3,30242.39,41103.26,36652.92,25754.36,62179.26
2015-05-04,2015,5,67.79,57.36,0.56,0.04,0.51,0.04,-0.5,-0.29,41008.3,30242.39,41103.26,36652.92,25754.36,62179.26
2015-05-11,2015,5,69.48,,0.56,0.04,0.51,0.04,-0.5,-0.29,41008.3,30242.39,41103.26,36652.92,25754.36,62179.26
2015-05-18,2015,5,71.18,,0.56,0.04,0.51,0.04,-0.5,-0.29,41008.3,30242.39,41103.26,36652.92,25754.36,62179.26
2015-05-25,2015,5,72.45,,0.56,0.04,0.51,0.04,-0.5,-0.29,41008.3,30242.39,41103.26,36652.92,25754.36,62179.26
2015-06-01,2015,6,74.46,66.71,0.56,0.04,0.51,0.04,-0.5,-0.29,41008.3,30242.39,41103.26,36652.92,25754.36,62179.26
2015-06-08,2015,6,74.62,69.64,0.56,0.04,0.51,0.04,-0.5,-0.29,41008.3,30242.39,41103.26,36652.92,25754.36,62179.26
2015-06-15,2015,6,,72.0,0.56,0.04,0.51,0.04,-0.5,-0.29,41008.3,30242.39,41103.26,36652.92,25754.36,62179.26
2015-06-22,2015,6,,74.36,0.56,0.04,0.51,0.04,-0.5,-0.29,41008.3,30242.39,41103.26,36652.92,25754.36,62179.26
2015-06-29,2015,6,,75.43,0.56,0.04,0.51,0.04,-0.5,-0.29,41008.3,30242.39,41103.26,36652.92,25754.36,62179.26
2015-07-06,2015,7,,76.29,0.56,0.04,0.51,0.04,-0.5,-0.29,41008.3,30242.39,41103.26,36652.92,25754.36,62179.26
2015-07-13,2015,7,,77.14,0.56,0.04,0.51,0.04,-0.5,-0.29,41008.3,30242.39,41103.26,36652.92,25754.36,62179.26
2015-07-20,2015,7,,78.0,0.56,0.04,0.51,0.04,-0.5,-0.29,41008.3,30242.39,41103.26,36652.92,25754.36,62179.26
2015-07-27,2015,7,,,0.56,0.04,0.51,0.04,-0.5,-0.29,41008.3,30242.39,41103.26,36652.92,25754.36,62179.26
2015-08-03,2015,8,,,0.56,0.04,0.51,0.04,-0.5,-0.29,41008.3,30242.39,41103.26,36652.92,25754.36,62179.26
2015-08-10,2015,8,,,0.56,0.04,0.51,0.04,-0.5,-0.29,41008.3,30242.39,41103.26,36652.92,25754.36,62179.26
2015-08-17,2015,8,,,0.56,0.04,0.51,0.04,-0.5,-0.29,41008.3,30242.39,41103.26,36652.92,25754.36,62179.26
2015-08-24,2015,8,,,0.56,0.04,0.51,0.04,-0.5,-0.29,41008.3,30242.39,41103.26,36652.92,25754.36,62179.26
2015-08-31,2015,8,,,0.56,0.04,0.51,0.04,-0.5,-0.29,41008.3,30242.39,41103.26,36652.92,25754.36,62179.26
2015-09-07,2015,9,,,0.56,0.04,0.51,0.04,-0.5,-0.29,41008.3,30242.39,41103.26,36652.92,25754.36,62179.26
2015-09-14,2015,9,,,0.56,0.04,0.51,0.04,-0.5,-0.29,41008.3,30242.39,41103.26,36652.92,25754.36,62179.26
2015-09-21,2015,9,,,0.56,0.04,0.51,0.04,-0.5,-0.29,41008.3,30242.39,41103.26,36652.92,25754.36,62179.26
2015-09-28,2015,9,,,0.56,0.04,0.51,0.04,-0.5,-0.29,41008.3,30242.39,41103.26,36652.92,25754.36,62179.26
2015-10-05,2015,10,,,0.56,0.04,0.51,0.04,-0.5,-0.29,41008.3,30242.39,41103.26,36652.92,25754.36,62179.26
2015-10-12,2015,10,,,0.56,0.04,0.51,0.04,-0.5,-0.29,41008.3,30242.39,41103.26,36652.92,25754.36,62179.26
2015-10-19,2015,10,,,0.56,0.04,0.51,0.04,-0.5,-0.29,41008.3,30242.39,41103.26,36652.92,25754.36,62179.26
2015-10-26,2015,10,,,0.56,0.04,0.51,0.04,-0.5,-0.29,41008.3,30242.39,41103.26,36652.92,25754.36,62179.26
2015-11-02,2015,11,,,0.56,0.04,0.51,0.04,-0.5,-0.29,41008.3,30242.39,41103.26,36652.92,25754.36,62179.26
2015-11-09,2015,11,,,0.56,0.04,0.51,0.04,-0.5,-0.29,41008.3,30242.39,41103.26,36652.92,25754.36,62179.26
2015-11-16,2015,11,,75.0,0.56,0.04,0.51,0.04,-0.5,-0.29,41008.3,30242.39,41103.26,36652.92,25754.36,62179.26
2015-11-23,2015,11,,75.79,0.56,0.04,0.51,0.04,-0.5,-0.29,41008.3,30242.39,41103.26,36652.92,25754.36,62179.26
2015-11-30,2015,11,,75.64,0.56,0.04,0.51,0.04,-0.5,-0.29,41008.3,30242.39,41103.26,36652.92,25754.36,62179.26
2015-12-07,2015,12,,75.5,0.56,0.04,0.51,0.04,-0.5,-0.29,41008.3,30242.39,41103.26,36652.92,25754.36,62179.26
2015-12-14,2015,12,,75.5,0.56,0.04,0.51,0.04,-0.5,-0.29,41008.3,30242.39,41103.26,36652.92,25754.36,62179.26
2015-12-21,2015,12,,,0.56,0.04,0.51,0.04,-0.5,-0.29,41008.3,30242.39,41103.26,36652.92,25754.36,62179.26
2015-12-28,2015,12,,,0.56,0.04,0.51,0.04,-0.5,-0.29,41008.3,30242.39,41103.26,36652.92,25754.36,62179.26
2016-01-04,2016,1,,,,,,,,,,,,,,
2016-01-11,2016,1,,,,,,,,,,,,,,
2016-01-18,2016,1,,,,,,,,,,,,,,
2016-01-25,2016,1,,,1.37,-0.04,0.5,0.12,-0.33,-0.12,41582.2,30652.87,41693.46,36886.99,26201.67,62524.87
2016-02-01,2016,2,,,1.57,-0.06,0.5,0.14,-0.29,-0.08,41725.67,30755.49,41841.02,36945.5,26313.5,62611.27
2016-02-08,2016,2,,,1.77,-0.08,0.49,0.16,-0.25,-0.03,41869.15,30858.11,41988.57,37004.02,26425.33,62697.67
2016-02-15,2016,2,,75.5,1.97,-0.09,0.49,0.18,-0.2,0.01,42012.62,30960.73,42136.12,37062.53,26537.16,62784.07
2016-02-22,2016,2,,75.29,1.97,-0.09,0.49,0.18,-0.2,0.01,42012.62,30960.73,42136.12,37062.53,26537.16,62784.07
2016-02-29,2016,2,,74.93,1.97,-0.09,0.49,0.18,-0.2,0.01,42012.62,30960.73,42136.12,37062.53,26537.16,62784.07
2016-03-07,2016,3,,74.57,1.97,-0.09,0.49,0.18,-0.2,0.01,42012.62,30960.73,42136.12,37062.53,26537.16,62784.07
2016-03-14,2016,3,,74.21,1.97,-0.09,0.49,0.18,-0.2,0.01,42012.62,30960.73,42136.12,37062.53,26537.16,62784.07
2016-03-21,2016,3,,73.86,1.97,-0.09,0.49,0.18,-0.2,0.01,42012.62,30960.73,42136.12,37062.53,26537.16,62784.07
2016-03-28,2016,3,,73.5,1.97,-0.09,0.49,0.18,-0.2,0.01,42012.62,30960.73,42136.12,37062.53,26537.16,62784.07
2016-04-04,2016,4,,73.14,1.97,-0.09,0.49,0.18,-0.2,0.01,42012.62,30960.73,42136.12,37062.53,26537.16,62784.07
2016-04-11,2016,4,,72.79,1.97,-0.09,0.49,0.18,-0.2,0.01,42012.62,30960.73,42136.12,37062.53,26537.16,62784.07
2016-04-18,2016,4,,72.57,1.97,-0.09,0.49,0.18,-0.2,0.01,42012.62,30960.73,42136.12,37062.53,26537.16,62784.07
2016-04-25,2016,4,,72.36,1.97,-0.09,0.49,0.18,-0.2,0.01,42012.62,30960.73,42136.12,37062.53,26537.16,62784.07
2016-05-02,2016,5,,72.14,1.97,-0.09,0.49,0.18,-0.2,0.01,42012.62,30960.73,42136.12,37062.53,26537.16,62784.07
2016-05-09,2016,5,,71.93,1.97,-0.09,0.49,0.18,-0.2,0.01,42012.62,30960.73,42136.12,37062.53,26537.16,62784.07
2016-05-16,2016,5,,71.71,1.97,-0.09,0.49,0.18,-0.2,0.01,42012.62,30960.73,42136.12,37062.53,26537.16,62784.07
2016-05-23,2016,5,,71.5,1.97,-0.09,0.49,0.18,-0.2,0.01,42012.62,30960.73,42136.12,37062.53,26537.16,62784.07
2016-05-30,2016,5,,71.5,1.97,-0.09,0.49,0.18,-0.2,0.01,42012.62,30960.73,42136.12,37062.53,26537.16,62784.07
2016-06-06,2016,6,,71.5,1.97,-0.09,0.49,0.18,-0.2,0.01,42012.62,30960.73,42136.12,37062.53,26537.16,62784.07
2016-06-13,2016,6,,71.71,1.97,-0.09,0.49,0.18,-0.2,0.01,42012.62,30960.73,42136.12,37062.53,26537.16,62784.07
2016-06-20,2016,6,,71.93,1.97,-0.09,0.49,0.18,-0.2,0.01,42012.62,30960.73,42136.12,37062.53,26537.16,62784.07
2016-06-27,2016,6,,72.14,1.97,-0.09,0.49,0.18,-0.2,0.01,42012.62,30960.73,42136.12,37062.53,26537.16,62784.07
2016-07-04,2016,7,,72.36,1.97,-0.09,0.49,0.18,-0.2,0.01,42012.62,30960.73,42136.12,37062.53,26537.16,62784.07
2016-07-11,2016,7,,72.57,1.97,-0.09,0.49,0.18,-0.2,0.01,42012.62,30960.73,42136.12,37062.53,26537.16,62784.07
2016-07-18,2016,7,,71.36,1.97,-0.09,0.49,0.18,-0.2,0.01,42012.62,30960.73,42136.12,37062.53,26537.16,62784.07
2016-07-25,2016,7,,70.14,1.97,-0.09,0.49,0.18,-0.2,0.01,42012.62,30960.73,42136.12,37062.53,26537.16,62784.07
2016-09-05,2016,9,,,1.97,-0.09,0.49,0.18,-0.2,0.01,42012.62,30960.73,42136.12,37062.53,26537.16,62784.07
2016-10-10,2016,10,,,1.97,-0.09,0.49,0.18,-0.2,0.01,42012.62,30960.73,42136.12,37062.53,26537.16,62784.07
2016-10-17,2016,10,,,1.97,-0.09,0.49,0.18,-0.2,0.01,42012.62,30960.73,42136.12,37062.53,26537.16,62784.07
2016-10-24,2016,10,,,1.97,-0.09,0.49,0.18,-0.2,0.01,42012.62,30960.73,42136.12,37062.53,26537.16,62784.07
2016-10-31,2016,10,,,1.97,-0.09,0.49,0.18,-0.2,0.01,42012.62,30960.73,42136.12,37062.53,26537.16,62784.07
2016-11-07,2016,11,,,1.97,-0.09,0.49,0.18,-0.2,0.01,42012.62,30960.73,42136.12,37062.53,26537.16,62784.07
2016-11-14,2016,11,,,1.97,-0.09,0.49,0.18,-0.2,0.01,42012.62,30960.73,42136.12,37062.53,26537.16,62784.07
2016-11-21,2016,11,,76.79,1.97,-0.09,0.49,0.18,-0.2,0.01,42012.62,30960.73,42136.12,37062.53,26537.16,62784.07
2016-11-28,2016,11,,78.43,1.97,-0.09,0.49,0.18,-0.2,0.01,42012.62,30960.73,42136.12,37062.53,26537.16,62784.07
2016-12-05,2016,12,,79.93,1.97,-0.09,0.49,0.18,-0.2,0.01,42012.62,30960.73,42136.12,37062.53,26537.16,62784.07
2016-12-12,2016,12,,79.93,1.97,-0.09,0.49,0.18,-0.2,0.01,42012.62,30960.73,42136.12,37062.53,26537.16,62784.07
2016-12-19,2016,12,,,1.97,-0.09,0.49,0.18,-0.2,0.01,42012.62,30960.73,42136.12,37062.53,26537.16,62784.07
2016-12-26,2016,12,,,1.97,-0.09,0.49,0.18,-0.2,0.01,42012.62,30960.73,42136.12,37062.53,26537.16,62784.07
2017-01-02,2017,1,,,,,,,,,,,,,,
2017-01-09,2017,1,,,,,,,,,,,,,,
2017-01-16,2017,1,,,,,,,,,,,,,,
2017-01-23,2017,1,,,2.06,0.66,1.07,0.67,1.03,0.2,43261.69,31787.01,43574.1,38044.54,27478.97,66993.59
2017-01-30,2017,1,,,2.08,0.85,1.22,0.79,1.34,0.25,43573.95,31993.58,43933.6,38290.04,27714.42,68045.97
2017-02-06,2017,2,,,2.1,1.04,1.36,0.91,1.65,0.29,43886.22,32200.15,44293.09,38535.55,27949.87,69098.36
2017-02-13,2017,2,,76.5,2.13,1.23,1.51,1.03,1.96,0.34,44198.48,32406.72,44652.59,38781.05,28185.32,70150.74
2017-02-20,2017,2,,75.79,2.13,1.23,1.51,1.03,1.96,0.34,44198.48,32406.72,44652.59,38781.05,28185.32,70150.74
2017-02-27,2017,2,,75.07,2.13,1.23,1.51,1.03,1.96,0.34,44198.48,32406.72,44652.59,38781.05,28185.32,70150.74
2017-03-06,2017,3,,74.36,2.13,1.23,1.51,1.03,1.96,0.34,44198.48,32406.72,44652.59,38781.05,28185.32,70150.74
2017-03-13,2017,3,,73.71,2.13,1.23,1.51,1.03,1.96,0.34,44198.48,32406.72,44652.59,38781.05,28185.32,70150.74
2017-03-20,2017,3,,73.43,2.13,1.23,1.51,1.03,1.96,0.34,44198.48,32406.72,44652.59,38781.05,28185.32,70150.74
2017-03-27,2017,3,,73.14,2.13,1.23,1.51,1.03,1.96,0.34,44198.48,32406.72,44652.59,38781.05,28185.32,70150.74
2017-04-03,2017,4,,73.21,2.13,1.23,1.51,1.03,1.96,0.34,44198.48,32406.72,44652.59,38781.05,28185.32,70150.74
2017-04-10,2017,4,,73.29,2.13,1.23,1.51,1.03,1.96,0.34,44198.48,32406.72,44652.59,38781.05,28185.32,70150.74
2017-04-17,2017,4,,73.36,2.13,1.23,1.51,1.03,1.96,0.34,44198.48,32406.72,44652.59,38781.05,28185.32,70150.74
2017-04-24,2017,4,,73.79,2.13,1.23,1.51,1.03,1.96,0.34,44198.48,32406.72,44652.59,38781.05,28185.32,70150.74
2017-05-01,2017,5,,74.5,2.13,1.23,1.51,1.03,1.96,0.34,44198.48,32406.72,44652.59,38781.05,28185.32,70150.74
2017-05-08,2017,5,,75.36,2.13,1.23,1.51,1.03,1.96,0.34,44198.48,32406.72,44652.59,38781.05,28185.32,70150.74
2017-05-15,2017,5,,77.36,2.13,1.23,1.51,1.03,1.96,0.34,44198.48,32406.72,44652.59,38781.05,28185.32,70150.74
2017-05-22,2017,5,,,2.13,1.23,1.51,1.03,1.96,0.34,44198.48,32406.72,44652.59,38781.05,28185.32,70150.74
2017-05-29,2017,5,,81.21,2.13,1.23,1.51,1.03,1.96,0.34,44198.48,32406.72,44652.59,38781.05,28185.32,70150.74
2017-06-05,2017,6,,83.14,2.13,1.23,1.51,1.03,1.96,0.34,44198.48,32406.72,44652.59,38781.05,28185.32,70150.74
2017-06-12,2017,6,,84.71,2.13,1.23,1.51,1.03,1.96,0.34,44198.48,32406.72,44652.59,38781.05,28185.32,70150.74
2017-06-19,2017,6,,86.29,2.13,1.23,1.51,1.03,1.96,0.34,44198.48,32406.72,44652.59,38781.05,28185.32,70150.74
2017-06-26,2017,6,,87.43,2.13,1.23,1.51,1.03,1.96,0.34,44198.48,32406.72,44652.59,38781.05,28185.32,70150.74
2017-09-11,2017,9,,,2.13,1.23,1.51,1.03,1.96,0.34,44198.48,32406.72,44652.59,38781.05,28185.32,70150.74
2017-09-18,2017,9,,,2.13,1.23,1.51,1.03,1.96,0.34,44198.48,32406.72,44652.59,38781.05,28185.32,70150.74
2017-09-25,2017,9,,,2.13,1.23,1.51,1.03,1.96,0.34,44198.48,32406.72,44652.59,38781.05,28185.32,70150.74
2017-10-02,2017,10,,,2.13,1.23,1.51,1.03,1.96,0.34,44198.48,32406.72,44652.59,38781.05,28185.32,70150.74
2017-10-09,2017,10,,,2.13,1.23,1.51,1.03,1.96,0.34,44198.48,32406.72,44652.59,38781.05,28185.32,70150.74
2017-10-16,2017,10,,,2.13,1.23,1.51,1.03,1.96,0.34,44198.48,32406.72,44652.59,38781.05,28185.32,70150.74
2017-10-23,2017,10,97.65,,2.13,1.23,1.51,1.03,1.96,0.34,44198.48,32406.72,44652.59,38781.05,28185.32,70150.74
2017-10-30,2017,10,99.91,,2.13,1.23,1.51,1.03,1.96,0.34,44198.48,32406.72,44652.59,38781.05,28185.32,70150.74
2017-11-06,2017,11,101.22,,2.13,1.23,1.51,1.03,1.96,0.34,44198.48,32406.72,44652.59,38781.05,28185.32,70150.74
2017-11-13,2017,11,102.73,,2.13,1.23,1.51,1.03,1.96,0.34,44198.48,32406.72,44652.59,38781.05,28185.32,70150.74
2017-11-20,2017,11,102.81,92.21,2.13,1.23,1.51,1.03,1.96,0.34,44198.48,32406.72,44652.59,38781.05,28185.32,70150.74
2017-11-27,2017,11,102.3,93.36,2.13,1.23,1.51,1.03,1.96,0.34,44198.48,32406.72,44652.59,38781.05,28185.32,70150.74
2017-12-04,2017,12,102.32,94.5,2.13,1.23,1.51,1.03,1.96,0.34,44198.48,32406.72,44652.59,38781.05,28185.32,70150.74
2017-12-11,2017,12,102.05,95.64,2.13,1.23,1.51,1.03,1.96,0.34,44198.48,32406.72,44652.59,38781.05,28185.32,70150.74
2017-12-18,2017,12,102.64,96.79,2.13,1.23,1.51,1.03,1.96,0.34,44198.48,32406.72,44652.59,38781.05,28185.32,70150.74
2017-12-25,2017,12,102.46,97.93,2.13,1.23,1.51,1.03,1.96,0.34,44198.48,32406.72,44652.59,38781.05,28185.32,70150.74
2018-01-01,2018,1,102.4,98.0,,,,,,,,,,,,
2018-01-08,2018,1,102.77,97.79,,,,,,,,,,,,
2018-01-15,2018,1,103.3,97.57,,,,,,,,,,,,
2018-01-22,2018,1,103.65,97.21,2.08,1.18,1.64,1.5,1.8,0.43,46110.77,33672.69,46530.7,40367.8,29439.26,75462.85
2018-01-29,2018,1,103.84,96.86,2.07,1.16,1.67,1.62,1.76,0.45,46588.84,33989.18,47000.22,40764.48,29752.75,76790.88
2018-02-05,2018,2,103.85,96.5,2.06,1.15,1.7,1.73,1.72,0.47,47066.91,34305.68,47469.75,41161.17,30066.24,78118.91
2018-02-12,2018,2,104.23,96.14,2.05,1.14,1.73,1.85,1.67,0.49,47544.98,34622.17,47939.28,41557.85,30379.72,79446.94
2018-02-19,2018,2,103.74,95.79,2.05,1.14,1.73,1.85,1.67,0.49,47544.98,34622.17,47939.28,41557.85,30379.72,79446.94
2018-02-26,2018,2,103.21,,2.05,1.14,1.73,1.85,1.67,0.49,47544.98,34622.17,47939.28,41557.85,30379.72,79446.94
2018-03-05,2018,3,102.89,,2.05,1.14,1.73,1.85,1.67,0.49,47544.98,34622.17,47939.28,41557.85,30379.72,79446.94
2018-03-12,2018,3,102.37,,2.05,1.14,1.73,1.85,1.67,0.49,47544.98,34622.17,47939.28,41557.85,30379.72,79446.94
2018-03-19,2018,3,101.23,,2.05,1.14,1.73,1.85,1.67,0.49,47544.98,34622.17,47939.28,41557.85,30379.72,79446.94
2018-03-26,2018,3,100.28,,2.05,1.14,1.73,1.85,1.67,0.49,47544.98,34622.17,47939.28,41557.85,30379.72,79446.94
2018-04-02,2018,4,99.66,,2.05,1.14,1.73,1.85,1.67,0.49,47544.98,34622.17,47939.28,41557.85,30379.72,79446.94
2018-04-09,2018,4,101.25,,2.05,1.14,1.73,1.85,1.67,0.49,47544.98,34622.17,47939.28,41557.85,30379.72,79446.94
2018-04-16,2018,4,102.57,93.95,2.05,1.14,1.73,1.85,1.67,0.49,47544.98,34622.17,47939.28,41557.85,30379.72,79446.94
2018-04-23,2018,4,104.26,95.29,2.05,1.14,1.73,1.85,1.67,0.49,47544.98,34622.17,47939.28,41557.85,30379.72,79446.94
2018-04-30,2018,4,104.86,96.29,2.05,1.14,1.73,1.85,1.67,0.49,47544.98,34622.17,47939.28,41557.85,30379.72,79446.94
2018-05-07,2018,5,106.71,97.19,2.05,1.14,1.73,1.85,1.67,0.49,47544.98,34622.17,47939.28,41557.85,30379.72,79446.94
2018-05-14,2018,5,109.14,98.67,2.05,1.14,1.73,1.85,1.67,0.49,47544.98,34622.17,47939.28,41557.85,30379.72,79446.94
2018-05-21,2018,5,110.91,100.14,2.05,1.14,1.73,1.85,1.67,0.49,47544.98,34622.17,47939.28,41557.85,30379.72,79446.94
2018-05-28,2018,5,111.72,100.71,2.05,1.14,1.73,1.85,1.67,0.49,47544.98,34622.17,47939.28,41557.85,30379.72,79446.94
2018-06-04,2018,6,111.98,,2.05,1.14,1.73,1.85,1.67,0.49,47544.98,34622.17,47939.28,41557.85,30379.72,79446.94
2018-06-11,2018,6,113.48,,2.05,1.14,1.73,1.85,1.67,0.49,47544.98,34622.17,47939.28,41557.85,30379.72,79446.94
2018-06-18,2018,6,115.75,,2.05,1.14,1.73,1.85,1.67,0.49,47544.98,34622.17,47939.28,41557.85,30379.72,79446.94
2018-06-25,2018,6,115.04,,2.05,1.14,1.73,1.85,1.67,0.49,47544.98,34622.17,47939.28,41557.85,30379.72,79446.94
2018-07-02,2018,7,,,2.05,1.14,1.73,1.85,1.67,0.49,47544.98,34622.17,47939.28,41557.85,30379.72,79446.94
2018-07-09,2018,7,,,2.05,1.14,1.73,1.85,1.67,0.49,47544.98,34622.17,47939.28,41557.85,30379.72,79446.94
2018-07-16,2018,7,,,2.05,1.14,1.73,1.85,1.67,0.49,47544.98,34622.17,47939.28,41557.85,30379.72,79446.94
2018-07-23,2018,7,,,2.05,1.14,1.73,1.85,1.67,0.49,47544.98,34622.17,47939.28,41557.85,30379.72,79446.94
2018-07-30,2018,7,,,2.05,1.14,1.73,1.85,1.67,0.49,47544.98,34622.17,47939.28,41557.85,30379.72,79446.94
2018-08-06,2018,8,,,2.05,1.14,1.73,1.85,1.67,0.49,47544.98,34622.17,47939.28,41557.85,30379.72,79446.94
2018-08-13,2018,8,,,2.05,1.14,1.73,1.85,1.67,0.49,47544.98,34622.17,47939.28,41557.85,30379.72,79446.94
2018-08-20,2018,8,,,2.05,1.14,1.73,1.85,1.67,0.49,47544.98,34622.17,47939.28,41557.85,30379.72,79446.94
2018-08-27,2018,8,,,2.05,1.14,1.73,1.85,1.67,0.49,47544.98,34622.17,47939.28,41557.85,30379.72,79446.94
2018-09-03,2018,9,,,2.05,1.14,1.73,1.85,1.67,0.49,47544.98,34622.17,47939.28,41557.85,30379.72,79446.94
2018-09-10,2018,9,,,2.05,1.14,1.73,1.85,1.67,0.49,47544.98,34622.17,47939.28,41557.85,30379.72,79446.94
2018-09-17,2018,9,,,2.05,1.14,1.73,1.85,1.67,0.49,47544.98,34622.17,47939.28,41557.85,30379.72,79446.94
2018-09-24,2018,9,,,2.05,1.14,1.73,1.85,1.67,0.49,47544.98,34622.17,47939.28,41557.85,30379.72,79446.94
2018-10-01,2018,10,,,2.05,1.14,1.73,1.85,1.67,0.49,47544.98,34622.17,47939.28,41557.85,30379.72,79446.94
2018-10-08,2018,10,,,2.05,1.14,1.73,1.85,1.67,0.49,47544.98,34622.17,47939.28,41557.85,30379.72,79446.94
2018-10-15,2018,10,,,2.05,1.14,1.73,1.85,1.67,0.49,47544.98,34622.17,47939.28,41557.85,30379.72,79446.94
2018-10-22,2018,10,,,2.05,1.14,1.73,1.85,1.67,0.49,47544.98,34622.17,47939.28,41557.85,30379.72,79446.94
2018-10-29,2018,10,,,2.05,1.14,1.73,1.85,1.67,0.49,47544.98,34622.17,47939.28,41557.85,30379.72,79446.94
2018-11-05,2018,11,,77.99,2.05,1.14,1.73,1.85,1.67,0.49,47544.98,34622.17,47939.28,41557.85,30379.72,79446.94
2018-11-12,2018,11,109.92,78.71,2.05,1.14,1.73,1.85,1.67,0.49,47544.98,34622.17,47939.28,41557.85,30379.72,79446.94
2018-11-19,2018,11,109.06,79.43,2.05,1.14,1.73,1.85,1.67,0.49,47544.98,34622.17,47939.28,41557.85,30379.72,79446.94
2018-11-26,2018,11,106.08,78.73,2.05,1.14,1.73,1.85,1.67,0.49,47544.98,34622.17,47939.28,41557.85,30379.72,79446.94
2018-12-03,2018,12,105.26,77.86,2.05,1.14,1.73,1.85,1.67,0.49,47544.98,34622.17,47939.28,41557.85,30379.72,79446.94
2018-12-10,2018,12,103.87,76.99,2.05,1.14,1.73,1.85,1.67,0.49,47544.98,34622.17,47939.28,41557.85,30379.72,79446.94
2018-12-17,2018,12,101.29,77.96,2.05,1.14,1.73,1.85,1.67,0.49,47544.98,34622.17,47939.28,41557.85,30379.72,79446.94
2018-12-24,2018,12,100.67,78.93,2.05,1.14,1.73,1.85,1.67,0.49,47544.98,34622.17,47939.28,41557.85,30379.72,79446.94
2018-12-31,2018,12,98.99,79.9,2.05,1.14,1.73,1.85,1.67,0.49,47544.98,34622.17,47939.28,41557.85,30379.72,79446.94
2019-01-07,2019,1,97.35,80.6,,,,,,,,,,,,
2019-01-14,2019,1,97.66,81.23,,,,,,,,,,,,
2019-01-21,2019,1,97.46,80.89,,,,,,,,,,,,
2019-01-28,2019,1,97.84,80.55,1.7,0.84,1.57,1.43,1.12,0.75,47028.83,34080.22,47291.2,40950.45,29923.61,80247.72
2019-02-04,2019,2,97.55,80.21,1.61,0.76,1.53,1.32,0.98,0.81,46899.8,33944.73,47129.18,40798.6,29809.58,80447.91
2019-02-11,2019,2,96.76,79.8,1.52,0.69,1.49,1.21,0.84,0.87,46770.76,33809.24,46967.16,40646.75,29695.55,80648.11
2019-02-18,2019,2,97.83,79.38,1.44,0.61,1.45,1.11,0.7,0.94,46641.72,33673.75,46805.14,40494.9,29581.52,80848.3
2019-02-25,2019,2,98.44,79.31,1.44,0.61,1.45,1.11,0.7,0.94,46641.72,33673.75,46805.14,40494.9,29581.52,80848.3
2019-03-04,2019,3,98.07,79.21,1.44,0.61,1.45,1.11,0.7,0.94,46641.72,33673.75,46805.14,40494.9,29581.52,80848.3
2019-03-11,2019,3,98.12,79.02,1.44,0.61,1.45,1.11,0.7,0.94,46641.72,33673.75,46805.14,40494.9,29581.52,80848.3
2019-03-18,2019,3,96.93,78.83,1.44,0.61,1.45,1.11,0.7,0.94,46641.72,33673.75,46805.14,40494.9,29581.52,80848.3
2019-03-25,2019,3,95.47,78.65,1.44,0.61,1.45,1.11,0.7,0.94,46641.72,33673.75,46805.14,40494.9,29581.52,80848.3
2019-04-01,2019,4,,78.61,1.44,0.61,1.45,1.11,0.7,0.94,46641.72,33673.75,46805.14,40494.9,29581.52,80848.3
2019-04-08,2019,4,,78.57,1.44,0.61,1.45,1.11,0.7,0.94,46641.72,33673.75,46805.14,40494.9,29581.52,80848.3
2019-04-15,2019,4,91.7,78.46,1.44,0.61,1.45,1.11,0.7,0.94,46641.72,33673.75,46805.14,40494.9,29581.52,80848.3
2019-04-22,2019,4,92.2,78.45,1.44,0.61,1.45,1.11,0.7,0.94,46641.72,33673.75,46805.14,40494.9,29581.52,80848.3
2019-04-29,2019,4,92.39,78.52,1.44,0.61,1.45,1.11,0.7,0.94,46641.72,33673.75,46805.14,40494.9,29581.52,80848.3
2019-05-06,2019,5,95.08,77.98,1.44,0.61,1.45,1.11,0.7,0.94,46641.72,33673.75,46805.14,40494.9,29581.52,80848.3
2019-05-13,2019,5,98.59,77.44,1.44,0.61,1.45,1.11,0.7,0.94,46641.72,33673.75,46805.14,40494.9,29581.52,80848.3
2019-05-20,2019,5,103.8,,1.44,0.61,1.45,1.11,0.7,0.94,46641.72,33673.75,46805.14,40494.9,29581.52,80848.3
2019-05-27,2019,5,105.98,76.21,1.44,0.61,1.45,1.11,0.7,0.94,46641.72,33673.75,46805.14,40494.9,29581.52,80848.3
2019-06-03,2019,6,108.15,75.55,1.44,0.61,1.45,1.11,0.7,0.94,46641.72,33673.75,46805.14,40494.9,29581.52,80848.3
2019-06-10,2019,6,108.56,74.9,1.44,0.61,1.45,1.11,0.7,0.94,46641.72,33673.75,46805.14,40494.9,29581.52,80848.3
2019-06-17,2019,6,110.18,74.24,1.44,0.61,1.45,1.11,0.7,0.94,46641.72,33673.75,46805.14,40494.9,29581.52,80848.3
2019-06-24,2019,6,110.29,74.21,1.44,0.61,1.45,1.11,0.7,0.94,46641.72,33673.75,46805.14,40494.9,29581.52,80848.3
2019-07-01,2019,7,113.8,,1.44,0.61,1.45,1.11,0.7,0.94,46641.72,33673.75,46805.14,40494.9,29581.52,80848.3
2019-07-08,2019,7,111.02,,1.44,0.61,1.45,1.11,0.7,0.94,46641.72,33673.75,46805.14,40494.9,29581.52,80848.3
2019-07-15,2019,7,112.2,,1.44,0.61,1.45,1.11,0.7,0.94,46641.72,33673.75,46805.14,40494.9,29581.52,80848.3
2019-07-22,2019,7,111.88,,1.44,0.61,1.45,1.11,0.7,0.94,46641.72,33673.75,46805.14,40494.9,29581.52,80848.3
2019-07-29,2019,7,113.07,,1.44,0.61,1.45,1.11,0.7,0.94,46641.72,33673.75,46805.14,40494.9,29581.52,80848.3
2019-08-05,2019,8,114.17,,1.44,0.61,1.45,1.11,0.7,0.94,46641.72,33673.75,46805.14,40494.9,29581.52,80848.3
2019-08-12,2019,8,111.74,,1.44,0.61,1.45,1.11,0.7,0.94,46641.72,33673.75,46805.14,40494.9,29581.52,80848.3
2019-08-19,2019,8,109.73,,1.44,0.61,1.45,1.11,0.7,0.94,46641.72,33673.75,46805.14,40494.9,29581.52,80848.3
2019-08-26,2019,8,110.46,,1.44,0.61,1.45,1.11,0.7,0.94,46641.72,33673.75,46805.14,40494.9,29581.52,80848.3
2019-09-02,2019,9,105.51,,1.44,0.61,1.45,1.11,0.7,0.94,46641.72,33673.75,46805.14,40494.9,29581.52,80848.3
2019-09-09,2019,9,,,1.44,0.61,1.45,1.11,0.7,0.94,46641.72,33673.75,46805.14,40494.9,29581.52,80848.3
2019-09-16,2019,9,104.98,,1.44,0.61,1.45,1.11,0.7,0.94,46641.72,33673.75,46805.14,40494.9,29581.52,80848.3
2019-09-23,2019,9,107.17,,1.44,0.61,1.45,1.11,0.7,0.94,46641.72,33673.75,46805.14,40494.9,29581.52,80848.3
2019-09-30,2019,9,,,1.44,0.61,1.45,1.11,0.7,0.94,46641.72,33673.75,46805.14,40494.9,29581.52,80848.3
2019-10-07,2019,10,,,1.44,0.61,1.45,1.11,0.7,0.94,46641.72,33673.75,46805.14,40494.9,29581.52,80848.3
2019-10-14,2019,10,,,1.44,0.61,1.45,1.11,0.7,0.94,46641.72,33673.75,46805.14,40494.9,29581.52,80848.3
2019-10-21,2019,10,,,1.44,0.61,1.45,1.11,0.7,0.94,46641.72,33673.75,46805.14,40494.9,29581.52,80848.3
2019-10-28,2019,10,,,1.44,0.61,1.45,1.11,0.7,0.94,46641.72,33673.75,46805.14,40494.9,29581.52,80848.3
2019-11-04,2019,11,,,1.44,0.61,1.45,1.11,0.7,0.94,46641.72,33673.75,46805.14,40494.9,29581.52,80848.3
2019-11-11,2019,11,,,1.44,0.61,1.45,1.11,0.7,0.94,46641.72,33673.75,46805.14,40494.9,29581.52,80848.3
2019-11-18,2019,11,,,1.44,0.61,1.45,1.11,0.7,0.94,46641.72,33673.75,46805.14,40494.9,29581.52,80848.3
2019-11-25,2019,11,,81.72,1.44,0.61,1.45,1.11,0.7,0.94,46641.72,33673.75,46805.14,40494.9,29581.52,80848.3
2019-12-02,2019,12,110.31,81.83,1.44,0.61,1.45,1.11,0.7,0.94,46641.72,33673.75,46805.14,40494.9,29581.52,80848.3
2019-12-09,2019,12,106.91,81.53,1.44,0.61,1.45,1.11,0.7,0.94,46641.72,33673.75,46805.14,40494.9,29581.52,80848.3
2019-12-16,2019,12,104.45,81.28,1.44,0.61,1.45,1.11,0.7,0.94,46641.72,33673.75,46805.14,40494.9,29581.52,80848.3
2019-12-23,2019,12,103.32,81.03,1.44,0.61,1.45,1.11,0.7,0.94,46641.72,33673.75,46805.14,40494.9,29581.52,80848.3
2019-12-30,2019,12,100.99,80.78,1.44,0.61,1.45,1.11,0.7,0.94,46641.72,33673.75,46805.14,40494.9,29581.52,80848.3
2020-01-06,2020,1,98.34,80.71,,,,,,,,,,,,
2020-01-13,2020,1,97.12,80.71,,,,,,,,,,,,
2020-01-20,2020,1,97.15,80.71,,,,,,,,,,,,
2020-01-27,2020,1,97.31,80.71,1.04,0.18,0.7,0.75,0.12,0.21,46051.6,32673.28,46773.33,39743.38,28097.39,83776.75
2020-02-03,2020,2,96.76,80.71,0.94,0.08,0.52,0.66,-0.03,0.03,45904.07,32423.16,46765.38,39555.5,27726.36,84508.86
2020-02-10,2020,2,95.65,80.71,0.84,-0.03,0.33,0.57,-0.18,-0.15,45756.53,32173.04,46757.43,39367.62,27355.33,85240.98
2020-02-17,2020,2,93.69,80.27,0.74,-0.14,0.14,0.48,-0.32,-0.33,45609.0,31922.92,46749.48,39179.74,26984.3,85973.09
2020-02-24,2020,2,93.67,,0.74,-0.14,0.14,0.48,-0.32,-0.33,45609.0,31922.92,46749.48,39179.74,26984.3,85973.09
2020-03-02,2020,3,92.82,,0.74,-0.14,0.14,0.48,-0.32,-0.33,45609.0,31922.92,46749.48,39179.74,26984.3,85973.09
2020-03-09,2020,3,,78.95,0.74,-0.14,0.14,0.48,-0.32,-0.33,45609.0,31922.92,46749.48,39179.74,26984.3,85973.09
2020-03-16,2020,3,,78.51,0.74,-0.14,0.14,0.48,-0.32,-0.33,45609.0,31922.92,46749.48,39179.74,26984.3,85973.09
2020-03-23,2020,3,,78.19,0.74,-0.14,0.14,0.48,-0.32,-0.33,45609.0,31922.92,46749.48,39179.74,26984.3,85973.09
2020-03-30,2020,3,,77.88,0.74,-0.14,0.14,0.48,-0.32,-0.33,45609.0,31922.92,46749.48,39179.74,26984.3,85973.09
2020-04-06,2020,4,,78.2,0.74,-0.14,0.14,0.48,-0.32,-0.33,45609.0,31922.92,46749.48,39179.74,26984.3,85973.09
2020-04-13,2020,4,,78.72,0.74,-0.14,0.14,0.48,-0.32,-0.33,45609.0,31922.92,46749.48,39179.74,26984.3,85973.09
2020-04-20,2020,4,,79.25,0.74,-0.14,0.14,0.48,-0.32,-0.33,45609.0,31922.92,46749.48,39179.74,26984.3,85973.09
2020-04-27,2020,4,91.92,79.77,0.74,-0.14,0.14,0.48,-0.32,-0.33,45609.0,31922.92,46749.48,39179.74,26984.3,85973.09
2020-05-04,2020,5,94.18,80.29,0.74,-0.14,0.14,0.48,-0.32,-0.33,45609.0,31922.92,46749.48,39179.74,26984.3,85973.09
2020-05-11,2020,5,96.23,81.21,0.74,-0.14,0.14,0.48,-0.32,-0.33,45609.0,31922.92,46749.48,39179.74,26984.3,85973.09
2020-05-18,2020,5,99.95,82.12,0.74,-0.14,0.14,0.48,-0.32,-0.33,45609.0,31922.92,46749.48,39179.74,26984.3,85973.09
2020-05-25,2020,5,103.43,83.0,0.74,-0.14,0.14,0.48,-0.32,-0.33,45609.0,31922.92,46749.48,39179.74,26984.3,85973.09
2020-06-01,2020,6,107.33,83.98,0.74,-0.14,0.14,0.48,-0.32,-0.33,45609.0,31922.92,46749.48,39179.74,26984.3,85973.09
2020-06-08,2020,6,111.2,84.95,0.74,-0.14,0.14,0.48,-0.32,-0.33,45609.0,31922.92,46749.48,39179.74,26984.3,85973.09
2020-06-15,2020,6,113.34,85.93,0.74,-0.14,0.14,0.48,-0.32,-0.33,45609.0,31922.92,46749.48,39179.74,26984.3,85973.09
2020-06-22,2020,6,114.98,86.46,0.74,-0.14,0.14,0.48,-0.32,-0.33,45609.0,31922.92,46749.48,39179.74,26984.3,85973.09
2020-06-29,2020,6,115.66,,0.74,-0.14,0.14,0.48,-0.32,-0.33,45609.0,31922.92,46749.48,39179.74,26984.3,85973.09
2020-07-06,2020,7,115.42,,0.74,-0.14,0.14,0.48,-0.32,-0.33,45609.0,31922.92,46749.48,39179.74,26984.3,85973.09
2020-07-13,2020,7,115.21,,0.74,-0.14,0.14,0.48,-0.32,-0.33,45609.0,31922.92,46749.48,39179.74,26984.3,85973.09
2020-07-20,2020,7,114.23,,0.74,-0.14,0.14,0.48,-0.32,-0.33,45609.0,31922.92,46749.48,39179.74,26984.3,85973.09
2020-07-27,2020,7,113.09,,0.74,-0.14,0.14,0.48,-0.32,-0.33,45609.0,31922.92,46749.48,39179.74,26984.3,85973.09
2020-08-03,2020,8,113.25,,0.74,-0.14,0.14,0.48,-0.32,-0.33,45609.0,31922.92,46749.48,39179.74,26984.3,85973.09
2020-08-10,2020,8,116.06,,0.74,-0.14,0.14,0.48,-0.32,-0.33,45609.0,31922.92,46749.48,39179.74,26984.3,85973.09
2020-08-17,2020,8,119.68,,0.74,-0.14,0.14,0.48,-0.32,-0.33,45609.0,31922.92,46749.48,39179.74,26984.3,85973.09
2020-08-24,2020,8,122.56,,0.74,-0.14,0.14,0.48,-0.32,-0.33,45609.0,31922.92,46749.48,39179.74,26984.3,85973.09
2020-08-31,2020,8,120.63,,0.74,-0.14,0.14,0.48,-0.32,-0.33,45609.0,31922.92,46749.48,39179.74,26984.3,85973.09
2020-09-21,2020,9,,,0.74,-0.14,0.14,0.48,-0.32,-0.33,45609.0,31922.92,46749.48,39179.74,26984.3,85973.09
2020-09-28,2020,9,,,0.74,-0.14,0.14,0.48,-0.32,-0.33,45609.0,31922.92,46749.48,39179.74,26984.3,85973.09
2020-10-05,2020,10,,,0.74,-0.14,0.14,0.48,-0.32,-0.33,45609.0,31922.92,46749.48,39179.74,26984.3,85973.09
2020-10-12,2020,10,,,0.74,-0.14,0.14,0.48,-0.32,-0.33,45609.0,31922.92,46749.48,39179.74,26984.3,85973.09
2020-10-19,2020,10,,,0.74,-0.14,0.14,0.48,-0.32,-0.33,45609.0,31922.92,46749.48,39179.74,26984.3,85973.09
2020-10-26,2020,10,,,0.74,-0.14,0.14,0.48,-0.32,-0.33,45609.0,31922.92,46749.48,39179.74,26984.3,85973.09
2020-11-02,2020,11,,,0.74,-0.14,0.14,0.48,-0.32,-0.33,45609.0,31922.92,46749.48,39179.74,26984.3,85973.09
2020-11-09,2020,11,,,0.74,-0.14,0.14,0.48,-0.32,-0.33,45609.0,31922.92,46749.48,39179.74,26984.3,85973.09
2020-11-16,2020,11,,85.58,0.74,-0.14,0.14,0.48,-0.32,-0.33,45609.0,31922.92,46749.48,39179.74,26984.3,85973.09
2020-11-23,2020,11,,85.87,0.74,-0.14,0.14,0.48,-0.32,-0.33,45609.0,31922.92,46749.48,39179.74,26984.3,85973.09
2020-11-30,2020,11,,86.16,0.74,-0.14,0.14,0.48,-0.32,-0.33,45609.0,31922.92,46749.48,39179.74,26984.3,85973.09
2020-12-07,2020,12,105.29,86.45,0.74,-0.14,0.14,0.48,-0.32,-0.33,45609.0,31922.92,46749.48,39179.74,26984.3,85973.09
2020-12-14,2020,12,101.59,86.74,0.74,-0.14,0.14,0.48,-0.32,-0.33,45609.0,31922.92,46749.48,39179.74,26984.3,85973.09
2020-12-21,2020,12,97.03,87.03,0.74,-0.14,0.14,0.48,-0.32,-0.33,45609.0,31922.92,46749.48,39179.74,26984.3,85973.09
2020-12-28,2020,12,93.08,87.03,0.74,-0.14,0.14,0.48,-0.32,-0.33,45609.0,31922.92,46749.48,39179.74,26984.3,85973.09
2021-01-04,2021,1,89.38,87.03,,,,,,,,,,,,
2021-01-11,2021,1,88.4,87.12,,,,,,,,,,,,
2021-01-18,2021,1,87.7,87.2,,,,,,,,,,,,
2021-01-25,2021,1,87.27,87.29,1.71,1.01,1.81,1.14,1.63,1.2,49175.51,34509.4,49422.2,41746.35,28986.88,95132.35
2021-02-01,2021,2,86.43,87.38,1.95,1.3,2.23,1.31,2.12,1.59,50067.14,35156.02,50090.39,42388.0,29487.53,97422.17
2021-02-08,2021,2,85.69,87.47,2.2,1.59,2.65,1.48,2.61,1.97,50958.77,35802.64,50758.57,43029.66,29988.17,99711.98
2021-02-15,2021,2,85.7,87.55,2.44,1.87,3.07,1.64,3.09,2.36,51850.4,36449.26,51426.75,43671.31,30488.82,102001.8
2021-02-22,2021,2,85.88,87.64,2.44,1.87,3.07,1.64,3.09,2.36,51850.4,36449.26,51426.75,43671.31,30488.82,102001.8
2021-03-01,2021,3,85.96,87.64,2.44,1.87,3.07,1.64,3.09,2.36,51850.4,36449.26,51426.75,43671.31,30488.82,102001.8
2021-03-08,2021,3,86.21,87.64,2.44,1.87,3.07,1.64,3.09,2.36,51850.4,36449.26,51426.75,43671.31,30488.82,102001.8
2021-03-15,2021,3,86.26,87.64,2.44,1.87,3.07,1.64,3.09,2.36,51850.4,36449.26,51426.75,43671.31,30488.82,102001.8
2021-03-22,2021,3,86.3,87.64,2.44,1.87,3.07,1.64,3.09,2.36,51850.4,36449.26,51426.75,43671.31,30488.82,102001.8
2021-03-29,2021,3,86.4,87.64,2.44,1.87,3.07,1.64,3.09,2.36,51850.4,36449.26,51426.75,43671.31,30488.82,102001.8
2021-04-05,2021,4,86.36,87.64,2.44,1.87,3.07,1.64,3.09,2.36,51850.4,36449.26,51426.75,43671.31,30488.82,102001.8
2021-04-12,2021,4,86.29,87.64,2.44,1.87,3.07,1.64,3.09,2.36,51850.4,36449.26,51426.75,43671.31,30488.82,102001.8
2021-04-19,2021,4,86.29,87.64,2.44,1.87,3.07,1.64,3.09,2.36,51850.4,36449.26,51426.75,43671.31,30488.82,102001.8
2021-04-26,2021,4,86.32,87.64,2.44,1.87,3.07,1.64,3.09,2.36,51850.4,36449.26,51426.75,43671.31,30488.82,102001.8
2021-05-03,2021,5,,,2.44,1.87,3.07,1.64,3.09,2.36,51850.4,36449.26,51426.75,43671.31,30488.82,102001.8
2021-05-10,2021,5,,,2.44,1.87,3.07,1.64,3.09,2.36,51850.4,36449.26,51426.75,43671.31,30488.82,102001.8
2021-05-17,2021,5,,,2.44,1.87,3.07,1.64,3.09,2.36,51850.4,36449.26,51426.75,43671.31,30488.82,102001.8
2021-05-24,2021,5,98.05,88.33,2.44,1.87,3.07,1.64,3.09,2.36,51850.4,36449.26,51426.75,43671.31,30488.82,102001.8
2021-05-31,2021,5,100.65,88.54,2.44,1.87,3.07,1.64,3.09,2.36,51850.4,36449.26,51426.75,43671.31,30488.82,102001.8
2021-06-07,2021,6,103.07,88.76,2.44,1.87,3.07,1.64,3.09,2.36,51850.4,36449.26,51426.75,43671.31,30488.82,102001.8
2021-06-14,2021,6,105.9,88.97,2.44,1.87,3.07,1.64,3.09,2.36,51850.4,36449.26,51426.75,43671.31,30488.82,102001.8
2021-06-21,2021,6,106.35,88.97,2.44,1.87,3.07,1.64,3.09,2.36,51850.4,36449.26,51426.75,43671.31,30488.82,102001.8
2021-06-28,2021,6,103.28,,2.44,1.87,3.07,1.64,3.09,2.36,51850.4,36449.26,51426.75,43671.31,30488.82,102001.8
2021-07-05,2021,7,100.46,,2.44,1.87,3.07,1.64,3.09,2.36,51850.4,36449.26,51426.75,43671.31,30488.82,102001.8
2021-07-12,2021,7,97.64,,2.44,1.87,3.07,1.64,3.09,2.36,51850.4,36449.26,51426.75,43671.31,30488.82,102001.8
2021-07-19,2021,7,,,2.44,1.87,3.07,1.64,3.09,2.36,51850.4,36449.26,51426.75,43671.31,30488.82,102001.8
2021-07-26,2021,7,,,2.44,1.87,3.07,1.64,3.09,2.36,51850.4,36449.26,51426.75,43671.31,30488.82,102001.8
2021-08-02,2021,8,,,2.44,1.87,3.07,1.64,3.09,2.36,51850.4,36449.26,51426.75,43671.31,30488.82,102001.8
2021-08-09,2021,8,,,2.44,1.87,3.07,1.64,3.09,2.36,51850.4,36449.26,51426.75,43671.31,30488.82,102001.8
2021-08-16,2021,8,,,2.44,1.87,3.07,1.64,3.09,2.36,51850.4,36449.26,51426.75,43671.31,30488.82,102001.8
2021-08-23,2021,8,,,2.44,1.87,3.07,1.64,3.09,2.36,51850.4,36449.26,51426.75,43671.31,30488.82,102001.8
2021-09-06,2021,9,,,2.44,1.87,3.07,1.64,3.09,2.36,51850.4,36449.26,51426.75,43671.31,30488.82,102001.8
2021-09-13,2021,9,88.95,,2.44,1.87,3.07,1.64,3.09,2.36,51850.4,36449.26,51426.75,43671.31,30488.82,102001.8
2021-09-20,2021,9,91.16,,2.44,1.87,3.07,1.64,3.09,2.36,51850.4,36449.26,51426.75,43671.31,30488.82,102001.8
2021-09-27,2021,9,93.38,,2.44,1.87,3.07,1.64,3.09,2.36,51850.4,36449.26,51426.75,43671.31,30488.82,102001.8
2021-10-04,2021,10,94.59,,2.44,1.87,3.07,1.64,3.09,2.36,51850.4,36449.26,51426.75,43671.31,30488.82,102001.8
2021-10-11,2021,10,97.15,,2.44,1.87,3.07,1.64,3.09,2.36,51850.4,36449.26,51426.75,43671.31,30488.82,102001.8
2021-10-18,2021,10,101.07,,2.44,1.87,3.07,1.64,3.09,2.36,51850.4,36449.26,51426.75,43671.31,30488.82,102001.8
2021-10-25,2021,10,102.25,,2.44,1.87,3.07,1.64,3.09,2.36,51850.4,36449.26,51426.75,43671.31,30488.82,102001.8
2021-11-01,2021,11,101.86,,2.44,1.87,3.07,1.64,3.09,2.36,51850.4,36449.26,51426.75,43671.31,30488.82,102001.8
2021-11-08,2021,11,100.59,,2.44,1.87,3.07,1.64,3.09,2.36,51850.4,36449.26,51426.75,43671.31,30488.82,102001.8
2021-11-15,2021,11,100.98,,2.44,1.87,3.07,1.64,3.09,2.36,51850.4,36449.26,51426.75,43671.31,30488.82,102001.8
2021-11-22,2021,11,100.27,86.05,2.44,1.87,3.07,1.64,3.09,2.36,51850.4,36449.26,51426.75,43671.31,30488.82,102001.8
2021-11-29,2021,11,97.55,86.24,2.44,1.87,3.07,1.64,3.09,2.36,51850.4,36449.26,51426.75,43671.31,30488.82,102001.8
2021-12-06,2021,12,93.49,86.43,2.44,1.87,3.07,1.64,3.09,2.36,51850.4,36449.26,51426.75,43671.31,30488.82,102001.8
2021-12-13,2021,12,90.07,86.06,2.44,1.87,3.07,1.64,3.09,2.36,51850.4,36449.26,51426.75,43671.31,30488.82,102001.8
2021-12-20,2021,12,87.44,85.79,2.44,1.87,3.07,1.64,3.09,2.36,51850.4,36449.26,51426.75,43671.31,30488.82,102001.8
2021-12-27,2021,12,85.65,85.53,2.44,1.87,3.07,1.64,3.09,2.36,51850.4,36449.26,51426.75,43671.31,30488.82,102001.8
2022-01-03,2022,1,82.22,85.26,,,,,,,,,,,,
2022-01-10,2022,1,80.22,85.0,,,,,,,,,,,,
2022-01-17,2022,1,79.44,84.73,,,,,,,,,,,,
2022-01-24,2022,1,78.78,84.47,6.53,5.49,5.24,3.69,6.12,5.47,50751.21,35493.35,49878.89,42079.85,30023.52,103134.08
2022-01-31,2022,1,77.84,84.29,7.55,6.39,5.79,4.2,6.88,6.25,50476.42,35254.38,49491.92,41681.98,29907.19,103417.15
2022-02-07,2022,2,77.81,84.12,8.58,7.3,6.33,4.71,7.63,7.03,50201.62,35015.4,49104.96,41284.12,29790.87,103700.22
2022-02-14,2022,2,77.83,83.94,9.6,8.2,6.87,5.22,8.39,7.81,49926.83,34776.42,48717.99,40886.25,29674.54,103983.29
2022-02-21,2022,2,77.85,83.69,9.6,8.2,6.87,5.22,8.39,7.81,49926.83,34776.42,48717.99,40886.25,29674.54,103983.29
2022-02-28,2022,2,78.27,83.44,9.6,8.2,6.87,5.22,8.39,7.81,49926.83,34776.42,48717.99,40886.25,29674.54,103983.29
2022-03-07,2022,3,78.11,82.93,9.6,8.2,6.87,5.22,8.39,7.81,49926.83,34776.42,48717.99,40886.25,29674.54,103983.29
2022-03-14,2022,3,77.83,82.15,9.6,8.2,6.87,5.22,8.39,7.81,49926.83,34776.42,48717.99,40886.25,29674.54,103983.29
2022-03-21,2022,3,77.5,81.55,9.6,8.2,6.87,5.22,8.39,7.81,49926.83,34776.42,48717.99,40886.25,29674.54,103983.29
2022-03-28,2022,3,76.83,80.94,9.6,8.2,6.87,5.22,8.39,7.81,49926.83,34776.42,48717.99,40886.25,29674.54,103983.29
2022-04-04,2022,4,,80.34,9.6,8.2,6.87,5.22,8.39,7.81,49926.83,34776.42,48717.99,40886.25,29674.54,103983.29
2022-04-11,2022,4,76.08,79.81,9.6,8.2,6.87,5.22,8.39,7.81,49926.83,34776.42,48717.99,40886.25,29674.54,103983.29
2022-04-18,2022,4,76.02,79.28,9.6,8.2,6.87,5.22,8.39,7.81,49926.83,34776.42,48717.99,40886.25,29674.54,103983.29
2022-04-25,2022,4,76.08,78.92,9.6,8.2,6.87,5.22,8.39,7.81,49926.83,34776.42,48717.99,40886.25,29674.54,103983.29
2022-05-02,2022,5,77.89,78.82,9.6,8.2,6.87,5.22,8.39,7.81,49926.83,34776.42,48717.99,40886.25,29674.54,103983.29
2022-05-09,2022,5,80.67,78.8,9.6,8.2,6.87,5.22,8.39,7.81,49926.83,34776.42,48717.99,40886.25,29674.54,103983.29
2022-05-16,2022,5,,78.76,9.6,8.2,6.87,5.22,8.39,7.81,49926.83,34776.42,48717.99,40886.25,29674.54,103983.29
2022-05-23,2022,5,,78.72,9.6,8.2,6.87,5.22,8.39,7.81,49926.83,34776.42,48717.99,40886.25,29674.54,103983.29
2022-05-30,2022,5,93.5,78.67,9.6,8.2,6.87,5.22,8.39,7.81,49926.83,34776.42,48717.99,40886.25,29674.54,103983.29
2022-06-06,2022,6,96.86,78.63,9.6,8.2,6.87,5.22,8.39,7.81,49926.83,34776.42,48717.99,40886.25,29674.54,103983.29
2022-06-13,2022,6,101.53,78.69,9.6,8.2,6.87,5.22,8.39,7.81,49926.83,34776.42,48717.99,40886.25,29674.54,103983.29
2022-06-20,2022,6,105.06,78.5,9.6,8.2,6.87,5.22,8.39,7.81,49926.83,34776.42,48717.99,40886.25,29674.54,103983.29
2022-06-27,2022,6,107.08,,9.6,8.2,6.87,5.22,8.39,7.81,49926.83,34776.42,48717.99,40886.25,29674.54,103983.29
2022-07-04,2022,7,106.0,,9.6,8.2,6.87,5.22,8.39,7.81,49926.83,34776.42,48717.99,40886.25,29674.54,103983.29
2022-07-11,2022,7,104.36,,9.6,8.2,6.87,5.22,8.39,7.81,49926.83,34776.42,48717.99,40886.25,29674.54,103983.29
2022-07-18,2022,7,103.55,,9.6,8.2,6.87,5.22,8.39,7.81,49926.83,34776.42,48717.99,40886.25,29674.54,103983.29
2022-07-25,2022,7,102.96,,9.6,8.2,6.87,5.22,8.39,7.81,49926.83,34776.42,48717.99,40886.25,29674.54,103983.29
2022-08-01,2022,8,99.41,,9.6,8.2,6.87,5.22,8.39,7.81,49926.83,34776.42,48717.99,40886.25,29674.54,103983.29
2022-08-08,2022,8,96.16,,9.6,8.2,6.87,5.22,8.39,7.81,49926.83,34776.42,48717.99,40886.25,29674.54,103983.29
2022-08-15,2022,8,96.95,,9.6,8.2,6.87,5.22,8.39,7.81,49926.83,34776.42,48717.99,40886.25,29674.54,103983.29
2022-08-22,2022,8,99.5,,9.6,8.2,6.87,5.22,8.39,7.81,49926.83,34776.42,48717.99,40886.25,29674.54,103983.29
2022-08-29,2022,8,106.19,,9.6,8.2,6.87,5.22,8.39,7.81,49926.83,34776.42,48717.99,40886.25,29674.54,103983.29
2022-09-05,2022,9,108.88,,9.6,8.2,6.87,5.22,8.39,7.81,49926.83,34776.42,48717.99,40886.25,29674.54,103983.29
2022-09-12,2022,9,110.11,,9.6,8.2,6.87,5.22,8.39,7.81,49926.83,34776.42,48717.99,40886.25,29674.54,103983.29
2022-09-19,2022,9,111.59,,9.6,8.2,6.87,5.22,8.39,7.81,49926.83,34776.42,48717.99,40886.25,29674.54,103983.29
2022-09-26,2022,9,109.5,,9.6,8.2,6.87,5.22,8.39,7.81,49926.83,34776.42,48717.99,40886.25,29674.54,103983.29
2022-10-03,2022,10,105.24,,9.6,8.2,6.87,5.22,8.39,7.81,49926.83,34776.42,48717.99,40886.25,29674.54,103983.29
2022-10-10,2022,10,101.48,,9.6,8.2,6.87,5.22,8.39,7.81,49926.83,34776.42,48717.99,40886.25,29674.54,103983.29
2022-10-17,2022,10,95.57,,9.6,8.2,6.87,5.22,8.39,7.81,49926.83,34776.42,48717.99,40886.25,29674.54,103983.29
2022-10-24,2022,10,94.29,,9.6,8.2,6.87,5.22,8.39,7.81,49926.83,34776.42,48717.99,40886.25,29674.54,103983.29
2022-10-31,2022,10,93.65,,9.6,8.2,6.87,5.22,8.39,7.81,49926.83,34776.42,48717.99,40886.25,29674.54,103983.29
2022-11-07,2022,11,93.86,,9.6,8.2,6.87,5.22,8.39,7.81,49926.83,34776.42,48717.99,40886.25,29674.54,103983.29
2022-11-14,2022,11,96.42,,9.6,8.2,6.87,5.22,8.39,7.81,49926.83,34776.42,48717.99,40886.25,29674.54,103983.29
2022-11-21,2022,11,98.11,95.71,9.6,8.2,6.87,5.22,8.39,7.81,49926.83,34776.42,48717.99,40886.25,29674.54,103983.29
2022-11-28,2022,11,98.44,97.13,9.6,8.2,6.87,5.22,8.39,7.81,49926.83,34776.42,48717.99,40886.25,29674.54,103983.29
2022-12-05,2022,12,97.17,96.58,9.6,8.2,6.87,5.22,8.39,7.81,49926.83,34776.42,48717.99,40886.25,29674.54,103983.29
2022-12-12,2022,12,95.11,96.04,9.6,8.2,6.87,5.22,8.39,7.81,49926.83,34776.42,48717.99,40886.25,29674.54,103983.29
2022-12-19,2022,12,93.99,95.49,9.6,8.2,6.87,5.22,8.39,7.81,49926.83,34776.42,48717.99,40886.25,29674.54,103983.29
2022-12-26,2022,12,93.17,94.95,9.6,8.2,6.87,5.22,8.39,7.81,49926.83,34776.42,48717.99,40886.25,29674.54,103983.29
2023-01-02,2023,1,92.03,94.95,,,,,,,,,,,,
2023-01-09,2023,1,90.65,95.02,,,,,,,,,,,,
2023-01-16,2023,1,89.64,95.1,,,,,,,,,,,,
2023-01-23,2023,1,88.65,95.17,,,,,,,,,,,,
2023-01-30,2023,1,87.73,95.25,,,,,,,,,,,,
2023-02-06,2023,2,86.65,95.32,,,,,,,,,,,,
2023-02-13,2023,2,85.8,95.4,,,,,,,,,,,,
2023-02-20,2023,2,85.43,95.47,,,,,,,,,,,,
2023-02-27,2023,2,85.08,95.47,,,,,,,,,,,,
2023-03-06,2023,3,84.93,95.47,,,,,,,,,,,,
2023-03-13,2023,3,84.85,95.47,,,,,,,,,,,,
2023-03-20,2023,3,84.84,95.47,,,,,,,,,,,,
2023-03-27,2023,3,84.84,95.47,,,,,,,,,,,,
2023-04-03,2023,4,84.93,95.47,,,,,,,,,,,,
2023-04-10,2023,4,85.08,95.47,,,,,,,,,,,,
2023-04-17,2023,4,85.37,95.47,,,,,,,,,,,,
2023-04-24,2023,4,85.46,95.47,,,,,,,,,,,,
2023-05-01,2023,5,86.92,95.47,,,,,,,,,,,,
2023-05-08,2023,5,,,,,,,,,,,,,,
2023-05-15,2023,5,,,,,,,,,,,,,,
2023-05-22,2023,5,,95.28,,,,,,,,,,,,
2023-05-29,2023,5,102.47,,,,,,,,,,,,,
2023-06-05,2023,6,106.25,,,,,,,,,,,,,
2023-06-12,2023,6,110.58,,,,,,,,,,,,,
2023-06-19,2023,6,113.67,,,,,,,,,,,,,
2023-06-26,2023,6,114.45,99.27,,,,,,,,,,,,
2023-07-03,2023,7,112.5,,,,,,,,,,,,,
2023-07-10,2023,7,111.15,,,,,,,,,,,,,
2023-07-17,2023,7,109.42,,,,,,,,,,,,,
2023-07-24,2023,7,107.83,,,,,,,,,,,,,
2023-07-31,2023,7,,,,,,,,,,,,,,
2023-08-07,2023,8,,,,,,,,,,,,,,
2023-08-14,2023,8,,,,,,,,,,,,,,
2023-08-21,2023,8,,,,,,,,,,,,,,
2023-08-28,2023,8,,,,,,,,,,,,,,
2023-09-04,2023,9,,,,,,,,,,,,,,
2023-09-11,2023,9,,,,,,,,,,,,,,
2023-09-18,2023,9,,,,,,,,,,,,,,
2023-09-25,2023,9,,,,,,,,,,,,,,
2023-10-02,2023,10,,,,,,,,,,,,,,
2023-10-09,2023,10,,,,,,,,,,,,,,
2023-10-16,2023,10,,,,,,,,,,,,,,
2023-10-23,2023,10,,,,,,,,,,,,,,
2023-10-30,2023,10,,,,,,,,,,,,,,
2023-11-06,2023,11,,,,,,,,,,,,,,
2023-11-13,2023,11,,,,,,,,,,,,,,
2023-11-20,2023,11,128.56,,,,,,,,,,,,,
2023-11-27,2023,11,130.69,97.29,,,,,,,,,,,,
2023-12-04,2023,12,127.8,97.62,,,,,,,,,,,,
2023-12-11,2023,12,124.85,97.45,,,,,,,,,,,,
2023-12-18,2023,12,121.67,97.29,,,,,,,,,,,,
2023-12-25,2023,12,120.66,97.29,,,,,,,,,,,,
2024-01-01,2024,1,118.46,97.29,,,,,,,,,,,,
2024-01-08,2024,1,115.8,97.29,,,,,,,,,,,,
2024-01-15,2024,1,113.43,97.29,,,,,,,,,,,,
2024-01-22,2024,1,112.04,97.29,,,,,,,,,,,,
2024-01-29,2024,1,110.98,97.29,,,,,,,,,,,,
2024-02-05,2024,2,109.17,97.29,,,,,,,,,,,,
2024-02-12,2024,2,107.63,97.29,,,,,,,,,,,,
2024-02-19,2024,2,107.58,97.29,,,,,,,,,,,,
2024-02-26,2024,2,107.11,97.29,,,,,,,,,,,,
2024-03-04,2024,3,106.35,97.29,,,,,,,,,,,,
2024-03-11,2024,3,106.66,97.29,,,,,,,,,,,,
