TIME,year,month,T#BE#eggs_cage,T#BG#eggs_cage,T#CY#eggs_cage,T#CZ#eggs_cage,T#EE#eggs_cage,T#EL#eggs_cage,T#ES#eggs_cage,T#FI#eggs_cage,T#FR#eggs_cage,T#HR#eggs_cage,T#HU#eggs_cage,T#IE#eggs_cage,T#IT#eggs_cage,T#LT#eggs_cage,T#LV#eggs_cage,T#MT#eggs_cage,T#PL#eggs_cage,T#PT#eggs_cage,T#RO#eggs_cage,T#SI#eggs_cage,T#SK#eggs_cage,C#BEL#inflazione,C#ITA#inflazione,C#DEU#inflazione,C#FRA#inflazione,C#ESP#inflazione,C#IRL#inflazione,C#BEL#gdp,C#ITA#gdp,C#DEU#gdp,C#FRA#gdp,C#ESP#gdp,C#IRL#gdp
2017-08-21,2017,8,102.87,107.29,176.41,101.07,,133.29,95.83,130.78,109.79,157.65,134.46,,165.22,97.04,105.66,159.97,126.0,117.92,106.34,139.9,99.66,2.13,1.23,1.51,1.03,1.96,0.34,44198.48,32406.72,44652.59,38781.05,28185.32,70150.74
2017-08-28,2017,8,105.65,118.37,176.41,102.52,,133.53,97.29,131.85,109.7,157.21,135.49,,167.94,98.61,106.33,161.55,128.29,120.56,109.05,140.6,101.04,2.13,1.23,1.51,1.03,1.96,0.34,44198.48,32406.72,44652.59,38781.05,28185.32,70150.74
2017-09-04,2017,9,109.14,121.64,176.41,104.29,,134.18,99.09,132.81,110.69,156.94,137.62,133.93,171.8,100.13,108.29,164.82,131.39,122.83,112.43,141.0,102.96,2.13,1.23,1.51,1.03,1.96,0.34,44198.48,32406.72,44652.59,38781.05,28185.32,70150.74
2017-09-11,2017,9,113.49,124.53,176.41,106.6,,134.67,101.44,135.13,113.27,156.56,139.54,133.93,177.81,101.83,109.42,168.1,132.88,125.1,114.98,141.19,105.77,2.13,1.23,1.51,1.03,1.96,0.34,44198.48,32406.72,44652.59,38781.05,28185.32,70150.74
2017-09-18,2017,9,118.72,126.34,176.41,108.11,,135.17,104.32,137.44,116.5,156.0,141.76,133.93,184.04,103.81,111.17,169.8,135.53,127.36,117.56,140.42,108.28,2.13,1.23,1.51,1.03,1.96,0.34,44198.48,32406.72,44652.59,38781.05,28185.32,70150.74
2017-09-25,2017,9,123.64,127.83,176.41,110.02,112.7,135.88,107.67,140.3,121.01,153.85,144.26,133.93,190.93,105.69,113.12,171.5,139.05,129.06,119.61,140.72,111.19,2.13,1.23,1.51,1.03,1.96,0.34,44198.48,32406.72,44652.59,38781.05,28185.32,70150.74
2017-10-02,2017,10,128.93,128.67,176.41,113.38,113.45,137.72,111.83,141.99,126.45,153.69,146.94,133.93,197.84,107.53,115.85,174.1,143.17,130.76,121.37,139.71,114.75,2.13,1.23,1.51,1.03,1.96,0.34,44198.48,32406.72,44652.59,38781.05,28185.32,70150.74
2017-10-09,2017,10,135.34,128.32,176.41,117.85,113.34,139.55,116.96,142.95,133.1,153.83,151.16,133.93,205.36,109.16,118.38,176.69,146.15,133.5,126.48,140.52,118.1,2.13,1.23,1.51,1.03,1.96,0.34,44198.48,32406.72,44652.59,38781.05,28185.32,70150.74
2017-10-16,2017,10,142.64,128.48,176.41,121.94,114.01,141.37,124.13,143.62,141.15,153.85,155.34,133.93,211.85,111.12,125.28,179.29,152.41,137.85,131.54,140.9,123.03,2.13,1.23,1.51,1.03,1.96,0.34,44198.48,32406.72,44652.59,38781.05,28185.32,70150.74
2017-10-23,2017,10,151.32,128.73,176.41,125.5,114.25,142.74,131.68,144.59,150.64,154.07,159.64,133.93,217.66,113.44,127.9,180.19,159.7,143.14,140.14,141.15,127.76,2.13,1.23,1.51,1.03,1.96,0.34,44198.48,32406.72,44652.59,38781.05,28185.32,70150.74
2017-10-30,2017,10,161.24,132.98,176.41,134.86,115.63,144.82,140.07,144.63,159.14,154.95,166.74,133.93,223.13,116.13,131.41,181.76,168.88,148.62,149.61,142.28,137.04,2.13,1.23,1.51,1.03,1.96,0.34,44198.48,32406.72,44652.59,38781.05,28185.32,70150.74
2017-11-06,2017,11,170.7,139.94,176.41,148.49,116.35,146.69,148.17,144.47,168.48,155.91,176.89,133.93,227.1,118.17,136.23,183.33,179.09,154.48,160.03,,149.43,2.13,1.23,1.51,1.03,1.96,0.34,44198.48,32406.72,44652.59,38781.05,28185.32,70150.74
2017-11-13,2017,11,179.52,,176.41,162.62,117.37,148.34,155.19,144.14,177.58,158.11,185.9,133.93,230.41,120.4,140.59,184.9,189.41,159.58,169.99,,164.86,2.13,1.23,1.51,1.03,1.96,0.34,44198.48,32406.72,44652.59,38781.05,28185.32,70150.74
2017-11-20,2017,11,186.85,152.04,176.41,175.03,118.8,148.8,161.21,144.83,185.97,159.5,196.08,133.93,234.16,122.73,143.35,185.58,197.36,163.74,180.46,146.7,180.62,2.13,1.23,1.51,1.03,1.96,0.34,44198.48,32406.72,44652.59,38781.05,28185.32,70150.74
2017-11-27,2017,11,192.51,158.13,176.41,186.61,120.23,149.39,165.64,145.16,193.28,160.39,205.43,,236.96,125.67,147.31,186.25,206.29,166.85,187.34,147.78,195.72,2.13,1.23,1.51,1.03,1.96,0.34,44198.48,32406.72,44652.59,38781.05,28185.32,70150.74
2017-12-04,2017,12,196.81,160.93,176.41,197.47,121.15,149.98,167.55,145.76,199.16,162.04,215.7,,242.11,127.46,146.36,187.22,211.81,168.55,193.74,147.98,208.18,2.13,1.23,1.51,1.03,1.96,0.34,44198.48,32406.72,44652.59,38781.05,28185.32,70150.74
2017-12-11,2017,12,199.14,166.31,176.41,208.11,122.48,150.48,168.04,145.69,202.7,163.65,225.71,,244.26,128.89,150.52,188.19,214.6,169.69,195.38,148.17,217.9,2.13,1.23,1.51,1.03,1.96,0.34,44198.48,32406.72,44652.59,38781.05,28185.32,70150.74
2017-12-18,2017,12,199.28,168.18,176.41,211.68,123.38,149.58,166.61,146.07,205.64,164.43,231.34,,244.6,129.72,154.08,188.48,215.02,170.63,195.07,147.74,219.81,2.13,1.23,1.51,1.03,1.96,0.34,44198.48,32406.72,44652.59,38781.05,28185.32,70150.74
2017-12-25,2017,12,198.61,166.27,176.41,210.98,124.63,148.9,164.55,146.36,206.99,165.66,234.82,141.49,245.68,130.88,154.29,188.78,214.07,170.63,193.68,147.93,214.46,2.13,1.23,1.51,1.03,1.96,0.34,44198.48,32406.72,44652.59,38781.05,28185.32,70150.74
2018-01-01,2018,1,197.32,164.87,176.41,204.12,125.6,148.52,162.72,146.33,206.87,166.22,237.1,143.85,246.76,130.43,157.34,186.38,210.79,170.63,190.1,147.91,204.04,,,,,,,,,,,,
2018-01-08,2018,1,194.29,162.59,176.41,196.74,127.32,147.97,157.89,146.72,205.84,166.1,233.85,146.21,245.54,129.22,158.44,183.97,206.28,169.87,183.83,147.45,190.73,,,,,,,,,,,,
2018-01-15,2018,1,187.81,160.82,176.41,188.01,128.9,147.26,152.22,146.65,203.69,166.79,228.24,148.1,241.85,127.38,157.9,181.57,200.03,168.17,176.34,147.28,176.59,,,,,,,,,,,,
2018-01-22,2018,1,179.58,155.56,176.41,179.58,130.13,146.47,145.02,146.79,200.62,166.66,221.07,149.99,233.31,125.91,157.42,178.88,194.32,165.91,167.34,147.03,162.07,2.08,1.18,1.64,1.5,1.8,0.43,46110.77,33672.69,46530.7,40367.8,29439.26,75462.85
2018-01-29,2018,1,169.08,149.99,176.41,169.13,131.38,145.8,137.88,147.23,197.02,166.09,211.6,151.88,225.94,123.38,152.21,176.18,188.32,162.51,157.55,146.9,150.39,2.07,1.16,1.67,1.62,1.76,0.45,46588.84,33989.18,47000.22,40764.48,29752.75,76790.88
2018-02-05,2018,2,157.41,142.05,176.41,158.12,132.62,145.44,131.09,147.84,192.65,165.06,203.23,152.35,218.57,120.14,147.16,173.92,182.59,157.5,148.48,146.74,141.11,2.06,1.15,1.7,1.73,1.72,0.47,47066.91,34305.68,47469.75,41161.17,30066.24,78118.91
2018-02-12,2018,2,145.84,136.82,176.41,144.67,133.47,145.11,125.05,148.24,187.65,164.07,193.54,152.82,211.62,116.58,143.88,171.66,177.6,152.21,138.89,145.52,135.93,2.05,1.14,1.73,1.85,1.67,0.49,47544.98,34622.17,47939.28,41557.85,30379.72,79446.94
2018-02-19,2018,2,135.08,130.23,176.41,136.28,134.19,144.39,119.09,149.24,182.63,162.82,184.81,152.82,204.25,114.66,137.3,172.09,172.0,147.2,131.2,144.02,132.71,2.05,1.14,1.73,1.85,1.67,0.49,47544.98,34622.17,47939.28,41557.85,30379.72,79446.94
2018-02-26,2018,2,127.01,125.63,176.41,129.3,134.24,143.83,116.2,149.42,177.67,162.61,179.22,152.82,199.6,113.12,133.56,172.52,168.92,142.95,125.55,143.03,130.85,2.05,1.14,1.73,1.85,1.67,0.49,47544.98,34622.17,47939.28,41557.85,30379.72,79446.94
2018-03-05,2018,3,122.88,119.9,176.41,123.66,134.04,143.38,114.58,149.99,174.38,161.4,174.56,152.35,197.22,111.62,130.69,172.56,163.99,139.64,121.27,142.49,129.71,2.05,1.14,1.73,1.85,1.67,0.49,47544.98,34622.17,47939.28,41557.85,30379.72,79446.94
2018-03-12,2018,3,121.46,121.19,176.41,118.05,134.1,142.92,114.83,150.23,172.02,159.98,170.53,151.88,196.09,111.28,127.8,172.6,161.64,136.9,119.72,142.39,129.57,2.05,1.14,1.73,1.85,1.67,0.49,47544.98,34622.17,47939.28,41557.85,30379.72,79446.94
2018-03-19,2018,3,122.32,121.75,176.41,114.46,134.54,142.92,115.31,150.52,170.13,158.48,168.32,151.41,196.03,111.41,128.38,172.63,159.0,135.3,120.1,142.17,129.44,2.05,1.14,1.73,1.85,1.67,0.49,47544.98,34622.17,47939.28,41557.85,30379.72,79446.94
2018-03-26,2018,3,123.73,125.78,176.41,112.62,134.36,143.75,115.73,149.95,168.96,157.88,166.04,150.93,195.97,112.03,128.0,172.24,157.5,135.3,121.17,142.29,130.44,2.05,1.14,1.73,1.85,1.67,0.49,47544.98,34622.17,47939.28,41557.85,30379.72,79446.94
2018-04-02,2018,4,124.54,129.02,176.41,112.24,134.11,144.32,115.03,150.22,167.15,157.06,163.43,150.46,195.85,111.99,124.6,171.91,155.33,134.26,122.24,143.07,129.24,2.05,1.14,1.73,1.85,1.67,0.49,47544.98,34622.17,47939.28,41557.85,30379.72,79446.94
2018-04-09,2018,4,124.32,127.41,176.41,111.72,134.25,144.82,113.57,149.85,164.65,156.02,160.85,150.46,195.0,111.15,122.57,171.58,153.48,132.46,122.88,143.92,127.36,2.05,1.14,1.73,1.85,1.67,0.49,47544.98,34622.17,47939.28,41557.85,30379.72,79446.94
2018-04-16,2018,4,122.63,126.69,176.41,110.35,134.08,145.01,111.66,149.57,161.72,155.38,156.4,150.46,192.88,110.38,119.51,171.25,151.42,130.67,123.11,144.44,126.21,2.05,1.14,1.73,1.85,1.67,0.49,47544.98,34622.17,47939.28,41557.85,30379.72,79446.94
2018-04-23,2018,4,119.96,124.47,176.41,108.52,134.22,145.41,109.14,149.69,157.19,155.08,154.33,150.46,190.72,109.07,116.83,171.31,152.56,128.87,122.32,147.48,124.79,2.05,1.14,1.73,1.85,1.67,0.49,47544.98,34622.17,47939.28,41557.85,30379.72,79446.94
2018-04-30,2018,4,115.65,122.3,,106.47,134.13,145.89,105.77,150.04,151.52,154.19,151.35,150.46,188.79,,113.55,169.18,150.93,126.89,119.81,147.29,123.64,2.05,1.14,1.73,1.85,1.67,0.49,47544.98,34622.17,47939.28,41557.85,30379.72,79446.94
2018-05-07,2018,5,,116.28,,104.68,133.96,145.96,102.42,150.5,145.24,154.42,147.89,150.46,186.19,,109.6,,148.56,124.91,115.64,146.51,120.95,2.05,1.14,1.73,1.85,1.67,0.49,47544.98,34622.17,47939.28,41557.85,30379.72,79446.94
2018-05-14,2018,5,105.83,109.37,,102.18,,145.35,98.92,150.97,137.46,154.1,143.45,150.46,183.92,100.96,106.91,,146.13,122.73,,144.84,117.62,2.05,1.14,1.73,1.85,1.67,0.49,47544.98,34622.17,47939.28,41557.85,30379.72,79446.94
2018-05-21,2018,5,100.86,101.8,170.27,100.91,,144.86,95.79,151.41,130.57,153.86,139.0,150.46,181.63,98.34,106.57,162.71,144.8,121.69,,143.19,115.92,2.05,1.14,1.73,1.85,1.67,0.49,47544.98,34622.17,47939.28,41557.85,30379.72,79446.94
2018-05-28,2018,5,96.81,99.56,168.98,99.72,,144.55,93.38,151.88,124.13,153.34,136.12,150.46,180.5,96.66,104.65,160.51,146.43,121.13,99.96,141.13,113.78,2.05,1.14,1.73,1.85,1.67,0.49,47544.98,34622.17,47939.28,41557.85,30379.72,79446.94
2018-06-04,2018,6,94.0,95.28,167.69,98.38,118.92,144.44,91.31,152.25,118.79,152.53,134.57,150.46,179.76,93.85,103.51,159.47,143.93,120.18,95.53,139.32,110.02,2.05,1.14,1.73,1.85,1.67,0.49,47544.98,34622.17,47939.28,41557.85,30379.72,79446.94
2018-06-11,2018,6,92.21,95.47,166.4,96.92,114.21,144.15,89.63,152.74,114.36,151.72,130.91,150.46,179.02,92.56,101.84,158.44,141.59,119.24,92.17,135.4,107.12,2.05,1.14,1.73,1.85,1.67,0.49,47544.98,34622.17,47939.28,41557.85,30379.72,79446.94
2018-06-18,2018,6,92.01,97.32,166.4,96.54,108.01,143.87,88.84,152.55,111.26,151.8,126.83,,179.22,92.81,100.45,159.6,135.45,118.48,89.71,134.43,103.87,2.05,1.14,1.73,1.85,1.67,0.49,47544.98,34622.17,47939.28,41557.85,30379.72,79446.94
2018-06-25,2018,6,93.04,102.19,165.42,95.31,102.89,143.52,88.44,152.69,108.86,151.59,123.49,,180.21,92.88,99.14,160.76,136.28,117.72,88.8,133.97,101.54,2.05,1.14,1.73,1.85,1.67,0.49,47544.98,34622.17,47939.28,41557.85,30379.72,79446.94
2018-07-02,2018,7,94.8,106.21,164.18,95.4,102.6,143.68,88.56,153.19,108.17,150.98,120.97,,180.72,93.18,97.59,162.43,135.91,117.16,88.99,134.52,100.25,2.05,1.14,1.73,1.85,1.67,0.49,47544.98,34622.17,47939.28,41557.85,30379.72,79446.94
2018-07-09,2018,7,96.6,109.56,163.38,95.38,100.45,143.79,88.61,153.19,107.74,150.54,119.05,147.63,180.92,93.96,97.43,164.1,136.6,116.78,89.06,135.0,98.86,2.05,1.14,1.73,1.85,1.67,0.49,47544.98,34622.17,47939.28,41557.85,30379.72,79446.94
2018-07-16,2018,7,97.96,113.43,162.39,95.46,94.69,143.94,88.64,152.87,107.62,151.23,117.77,146.92,181.12,94.21,97.77,165.76,130.85,116.4,90.6,134.84,98.56,2.05,1.14,1.73,1.85,1.67,0.49,47544.98,34622.17,47939.28,41557.85,30379.72,79446.94
2018-07-23,2018,7,98.58,116.88,161.36,95.99,97.68,144.28,88.11,152.83,107.18,151.36,117.46,146.92,178.97,95.83,98.36,166.27,127.91,116.4,92.57,134.47,98.76,2.05,1.14,1.73,1.85,1.67,0.49,47544.98,34622.17,47939.28,41557.85,30379.72,79446.94
2018-07-30,2018,7,98.4,119.55,160.31,96.89,96.2,144.46,87.43,152.88,106.54,150.49,117.89,146.92,176.81,96.22,99.29,166.8,125.83,115.83,94.65,132.88,100.57,2.05,1.14,1.73,1.85,1.67,0.49,47544.98,34622.17,47939.28,41557.85,30379.72,79446.94
2018-08-06,2018,8,96.93,118.95,160.25,97.31,101.09,144.67,86.65,152.69,105.77,150.08,119.57,147.63,174.18,95.64,100.32,167.33,128.03,115.27,96.56,133.13,101.38,2.05,1.14,1.73,1.85,1.67,0.49,47544.98,34622.17,47939.28,41557.85,30379.72,79446.94
2018-08-13,2018,8,94.49,117.06,160.19,98.1,103.66,144.76,85.92,152.64,104.98,149.16,120.41,148.33,,95.79,101.7,167.86,125.24,114.7,97.96,133.67,102.5,2.05,1.14,1.73,1.85,1.67,0.49,47544.98,34622.17,47939.28,41557.85,30379.72,79446.94
2018-08-20,2018,8,92.05,115.77,160.39,98.22,106.78,144.95,85.11,,103.89,148.89,121.75,147.86,169.44,96.17,106.7,167.88,123.06,114.13,99.64,133.78,102.19,2.05,1.14,1.73,1.85,1.67,0.49,47544.98,34622.17,47939.28,41557.85,30379.72,79446.94
2018-08-27,2018,8,90.7,116.07,160.14,98.27,111.77,145.07,84.86,,103.3,147.89,122.51,147.39,167.09,96.6,106.99,167.91,124.47,113.56,101.68,134.44,102.76,2.05,1.14,1.73,1.85,1.67,0.49,47544.98,34622.17,47939.28,41557.85,30379.72,79446.94
2018-09-03,2018,9,90.49,116.83,160.08,98.27,117.34,145.18,85.13,151.47,103.4,147.35,122.87,146.92,165.59,97.42,107.79,166.77,125.95,113.0,102.23,136.27,103.42,2.05,1.14,1.73,1.85,1.67,0.49,47544.98,34622.17,47939.28,41557.85,30379.72,79446.94
2018-09-10,2018,9,91.06,117.04,,98.43,117.8,144.99,85.99,152.03,104.9,145.95,124.23,145.74,164.71,97.73,108.03,165.63,127.69,112.62,102.5,138.07,105.23,2.05,1.14,1.73,1.85,1.67,0.49,47544.98,34622.17,47939.28,41557.85,30379.72,79446.94
2018-09-17,2018,9,92.96,116.31,,99.15,121.95,145.03,87.08,151.58,107.7,145.98,125.25,145.03,164.03,98.43,108.68,164.47,131.36,114.32,102.59,,105.44,2.05,1.14,1.73,1.85,1.67,0.49,47544.98,34622.17,47939.28,41557.85,30379.72,79446.94
2018-09-24,2018,9,95.85,116.57,152.36,99.57,122.0,144.55,88.37,152.11,110.95,145.24,125.49,144.32,163.35,99.46,109.29,163.31,132.55,116.02,102.93,140.67,107.12,2.05,1.14,1.73,1.85,1.67,0.49,47544.98,34622.17,47939.28,41557.85,30379.72,79446.94
2018-10-01,2018,10,99.63,115.46,152.36,100.01,123.92,144.61,89.74,152.07,114.19,145.58,127.21,143.61,162.78,100.77,110.17,162.71,134.56,117.72,103.15,141.28,108.87,2.05,1.14,1.73,1.85,1.67,0.49,47544.98,34622.17,47939.28,41557.85,30379.72,79446.94
2018-10-08,2018,10,103.83,116.73,152.36,100.54,125.06,144.21,91.26,152.8,117.23,145.63,129.05,144.09,162.44,102.15,107.88,162.11,135.43,119.43,103.23,141.91,110.91,2.05,1.14,1.73,1.85,1.67,0.49,47544.98,34622.17,47939.28,41557.85,30379.72,79446.94
2018-10-15,2018,10,108.44,116.85,152.36,101.07,125.36,143.92,93.0,152.4,120.88,146.71,131.17,144.56,162.22,103.63,109.3,161.51,131.04,121.13,103.13,142.17,112.39,2.05,1.14,1.73,1.85,1.67,0.49,47544.98,34622.17,47939.28,41557.85,30379.72,79446.94
2018-10-22,2018,10,112.76,114.76,152.36,101.94,126.64,143.56,94.66,152.3,124.63,146.13,133.39,145.03,161.25,104.87,110.52,162.07,131.52,123.49,103.23,142.12,113.55,2.05,1.14,1.73,1.85,1.67,0.49,47544.98,34622.17,47939.28,41557.85,30379.72,79446.94
2018-10-29,2018,10,116.94,115.54,160.07,102.16,129.09,143.5,96.69,151.67,128.26,146.93,135.15,145.5,162.02,105.98,112.23,161.64,132.26,125.66,104.04,142.78,114.18,2.05,1.14,1.73,1.85,1.67,0.49,47544.98,34622.17,47939.28,41557.85,30379.72,79446.94
2018-11-05,2018,11,120.14,115.14,160.07,102.86,132.75,143.3,98.75,151.83,130.98,148.04,136.76,145.5,163.21,106.55,113.58,161.21,130.19,126.61,105.15,142.75,114.95,2.05,1.14,1.73,1.85,1.67,0.49,47544.98,34622.17,47939.28,41557.85,30379.72,79446.94
2018-11-12,2018,11,122.94,114.05,160.07,103.59,135.03,143.64,100.62,151.79,133.35,149.25,138.84,145.5,165.14,107.1,114.72,160.78,130.11,127.55,,143.13,114.98,2.05,1.14,1.73,1.85,1.67,0.49,47544.98,34622.17,47939.28,41557.85,30379.72,79446.94
2018-11-19,2018,11,125.32,115.64,160.07,104.4,136.15,143.42,102.27,151.54,136.15,149.12,140.31,145.5,166.95,107.37,115.68,159.79,129.74,128.5,107.37,141.79,115.38,2.05,1.14,1.73,1.85,1.67,0.49,47544.98,34622.17,47939.28,41557.85,30379.72,79446.94
2018-11-26,2018,11,127.27,115.13,160.07,105.14,138.04,143.47,103.52,151.59,139.8,148.77,141.42,145.5,168.48,107.26,115.67,158.8,130.12,129.44,109.24,141.5,115.75,2.05,1.14,1.73,1.85,1.67,0.49,47544.98,34622.17,47939.28,41557.85,30379.72,79446.94
2018-12-03,2018,12,128.25,114.77,160.07,105.92,139.42,143.49,104.13,151.87,142.47,148.87,143.43,145.5,170.01,107.3,116.13,157.38,130.35,130.38,110.94,141.16,116.27,2.05,1.14,1.73,1.85,1.67,0.49,47544.98,34622.17,47939.28,41557.85,30379.72,79446.94
2018-12-10,2018,12,127.93,117.13,160.07,107.32,139.66,143.97,103.95,152.15,144.96,148.54,145.83,145.5,171.43,107.14,116.78,155.96,130.82,130.67,112.6,140.71,117.38,2.05,1.14,1.73,1.85,1.67,0.49,47544.98,34622.17,47939.28,41557.85,30379.72,79446.94
2018-12-17,2018,12,127.18,118.07,160.07,108.95,138.69,143.89,103.04,153.15,146.6,147.86,147.23,145.5,173.35,107.34,117.11,155.54,131.1,130.95,113.59,140.0,118.33,2.05,1.14,1.73,1.85,1.67,0.49,47544.98,34622.17,47939.28,41557.85,30379.72,79446.94
2018-12-24,2018,12,126.1,119.51,160.07,108.41,138.22,144.09,101.93,153.02,147.43,147.41,148.41,145.5,174.09,108.11,116.59,155.12,131.39,130.95,114.43,139.56,118.72,2.05,1.14,1.73,1.85,1.67,0.49,47544.98,34622.17,47939.28,41557.85,30379.72,79446.94
2018-12-31,2018,12,124.29,119.94,160.07,107.44,137.6,143.74,100.35,152.49,147.71,146.76,148.85,145.5,174.09,108.48,116.22,157.39,131.12,129.91,115.03,139.63,118.29,2.05,1.14,1.73,1.85,1.67,0.49,47544.98,34622.17,47939.28,41557.85,30379.72,79446.94
2019-01-07,2019,1,120.23,120.06,,106.95,138.26,143.34,98.51,152.79,147.82,146.55,148.45,145.5,172.96,108.19,116.06,159.65,130.93,128.49,115.52,140.64,118.07,,,,,,,,,,,,
2019-01-14,2019,1,115.33,119.22,,105.92,138.58,143.02,97.24,152.62,147.06,146.49,148.03,145.5,171.26,108.19,115.7,161.92,130.45,126.89,114.96,140.52,118.11,,,,,,,,,,,,
2019-01-21,2019,1,110.35,119.55,,105.12,140.34,142.72,95.1,153.04,145.39,145.47,146.63,145.5,169.22,107.93,114.55,164.61,129.61,124.72,113.31,139.79,117.91,,,,,,,,,,,,
2019-01-28,2019,1,106.39,118.2,160.31,103.3,142.18,142.0,93.0,154.25,142.82,146.01,145.34,145.5,167.18,106.77,,165.4,129.12,122.26,112.21,138.88,117.62,1.7,0.84,1.57,1.43,1.12,0.75,47028.83,34080.22,47291.2,40950.45,29923.61,80247.72
2019-02-04,2019,2,102.85,116.03,160.33,101.73,,141.73,91.12,155.26,140.11,146.98,144.11,145.5,164.62,106.18,,166.18,127.19,119.61,111.03,138.13,117.12,1.61,0.76,1.53,1.32,0.98,0.81,46899.8,33944.73,47129.18,40798.6,29809.58,80447.91
2019-02-11,2019,2,100.14,113.94,160.34,101.7,145.15,141.09,89.32,,137.77,147.39,142.64,145.5,163.04,105.59,109.02,166.97,125.77,116.5,109.4,137.43,116.81,1.52,0.69,1.49,1.21,0.84,0.87,46770.76,33809.24,46967.16,40646.75,29695.55,80648.11
2019-02-18,2019,2,98.77,112.69,160.36,101.99,146.23,140.99,88.19,159.67,135.98,146.62,142.15,145.5,161.51,104.08,108.5,165.07,125.73,114.42,108.08,136.15,117.9,1.44,0.61,1.45,1.11,0.7,0.94,46641.72,33673.75,46805.14,40494.9,29581.52,80848.3
2019-02-25,2019,2,99.87,112.43,160.31,102.02,146.06,140.98,87.52,161.75,134.07,145.48,141.61,145.5,161.68,104.47,107.03,163.82,124.88,112.72,106.85,135.57,117.44,1.44,0.61,1.45,1.11,0.7,0.94,46641.72,33673.75,46805.14,40494.9,29581.52,80848.3
2019-03-04,2019,3,102.02,112.16,160.27,102.82,146.01,140.9,86.49,163.89,132.35,146.07,141.27,145.5,162.41,104.48,107.81,162.57,124.73,111.21,105.66,134.7,118.08,1.44,0.61,1.45,1.11,0.7,0.94,46641.72,33673.75,46805.14,40494.9,29581.52,80848.3
2019-03-11,2019,3,104.6,111.01,160.22,103.57,145.42,141.18,86.86,165.53,130.93,145.61,140.97,145.5,163.04,104.59,108.61,161.32,125.0,110.26,105.5,135.47,118.01,1.44,0.61,1.45,1.11,0.7,0.94,46641.72,33673.75,46805.14,40494.9,29581.52,80848.3
2019-03-18,2019,3,107.26,110.18,160.18,104.87,145.49,141.28,87.69,165.55,129.75,144.42,139.57,,163.61,105.97,109.86,161.98,124.6,109.6,104.6,136.78,117.55,1.44,0.61,1.45,1.11,0.7,0.94,46641.72,33673.75,46805.14,40494.9,29581.52,80848.3
2019-03-25,2019,3,109.63,110.46,160.18,105.58,143.93,141.58,88.5,165.92,128.16,142.4,138.12,,164.17,107.13,111.77,162.63,124.96,109.13,103.18,137.78,116.81,1.44,0.61,1.45,1.11,0.7,0.94,46641.72,33673.75,46805.14,40494.9,29581.52,80848.3
2019-04-01,2019,4,111.34,110.4,160.18,106.46,143.43,141.85,89.1,165.8,127.01,,137.79,,164.34,108.16,113.56,163.29,123.71,109.13,101.91,139.21,115.45,1.44,0.61,1.45,1.11,0.7,0.94,46641.72,33673.75,46805.14,40494.9,29581.52,80848.3
2019-04-08,2019,4,112.23,111.5,160.18,107.06,142.88,142.23,89.51,165.69,125.59,139.66,137.03,145.12,164.68,110.74,114.46,165.5,123.53,109.13,100.66,140.79,113.68,1.44,0.61,1.45,1.11,0.7,0.94,46641.72,33673.75,46805.14,40494.9,29581.52,80848.3
2019-04-15,2019,4,112.11,111.25,160.18,107.42,142.85,142.61,89.61,165.4,124.05,138.69,136.51,145.03,164.57,111.11,115.67,167.06,124.76,109.13,99.4,140.88,113.15,1.44,0.61,1.45,1.11,0.7,0.94,46641.72,33673.75,46805.14,40494.9,29581.52,80848.3
2019-04-22,2019,4,111.08,111.29,160.18,107.98,142.62,142.97,89.49,164.87,122.67,135.94,135.19,144.93,164.28,110.97,114.18,168.62,124.88,110.56,97.4,141.71,110.71,1.44,0.61,1.45,1.11,0.7,0.94,46641.72,33673.75,46805.14,40494.9,29581.52,80848.3
2019-04-29,2019,4,109.77,111.99,160.18,107.4,142.04,143.07,88.53,165.15,121.95,135.6,133.67,144.84,164.06,109.66,113.06,170.19,124.49,110.56,95.45,141.45,109.17,1.44,0.61,1.45,1.11,0.7,0.94,46641.72,33673.75,46805.14,40494.9,29581.52,80848.3
2019-05-06,2019,5,108.09,111.35,160.18,106.03,140.39,142.97,87.23,165.12,121.7,135.96,131.98,144.84,163.66,108.0,111.86,171.75,123.76,110.56,93.34,141.38,107.4,1.44,0.61,1.45,1.11,0.7,0.94,46641.72,33673.75,46805.14,40494.9,29581.52,80848.3
2019-05-13,2019,5,105.99,109.58,160.18,104.64,139.34,142.93,85.73,164.12,121.87,136.42,130.9,144.84,163.15,105.44,109.33,172.07,124.98,110.27,91.71,140.47,105.33,1.44,0.61,1.45,1.11,0.7,0.94,46641.72,33673.75,46805.14,40494.9,29581.52,80848.3
2019-05-20,2019,5,104.14,109.0,160.18,102.57,138.73,143.11,84.36,,121.86,135.65,129.05,144.65,162.64,102.26,108.19,172.39,,109.99,90.37,139.04,104.05,1.44,0.61,1.45,1.11,0.7,0.94,46641.72,33673.75,46805.14,40494.9,29581.52,80848.3
2019-05-27,2019,5,102.97,,160.18,101.08,138.21,143.07,82.95,,122.01,135.77,127.45,144.46,161.9,98.85,106.59,171.15,126.72,109.71,88.94,137.55,102.71,1.44,0.61,1.45,1.11,0.7,0.94,46641.72,33673.75,46805.14,40494.9,29581.52,80848.3
2019-06-03,2019,6,102.62,,160.18,99.62,136.16,143.07,81.82,160.64,121.64,134.26,124.84,144.27,161.05,96.79,104.68,167.73,125.04,109.42,87.58,137.05,101.4,1.44,0.61,1.45,1.11,0.7,0.94,46641.72,33673.75,46805.14,40494.9,29581.52,80848.3
2019-06-10,2019,6,102.96,101.15,160.18,97.75,135.2,142.84,80.94,159.65,121.27,135.47,123.19,144.09,160.37,95.11,104.22,164.31,124.46,107.71,87.26,136.31,100.28,1.44,0.61,1.45,1.11,0.7,0.94,46641.72,33673.75,46805.14,40494.9,29581.52,80848.3
2019-06-17,2019,6,103.43,98.22,160.18,95.94,135.24,142.72,80.62,159.7,120.66,135.08,121.41,143.47,160.03,95.33,103.69,160.89,124.04,107.61,86.92,135.69,98.96,1.44,0.61,1.45,1.11,0.7,0.94,46641.72,33673.75,46805.14,40494.9,29581.52,80848.3
2019-06-24,2019,6,103.7,98.33,160.18,95.21,136.72,142.88,80.21,159.34,,134.0,119.95,142.86,159.69,95.89,103.37,157.46,124.57,107.52,87.07,134.6,97.48,1.44,0.61,1.45,1.11,0.7,0.94,46641.72,33673.75,46805.14,40494.9,29581.52,80848.3
2019-07-01,2019,7,104.15,98.89,160.18,95.09,138.1,142.76,79.97,159.54,,134.05,118.73,142.24,159.47,95.67,103.64,157.05,124.52,107.71,87.43,134.25,96.1,1.44,0.61,1.45,1.11,0.7,0.94,46641.72,33673.75,46805.14,40494.9,29581.52,80848.3
2019-07-08,2019,7,104.38,98.52,160.18,95.39,139.03,142.7,79.44,160.78,116.63,134.91,117.43,141.82,159.01,96.81,103.75,156.64,125.63,107.9,88.21,134.22,95.66,1.44,0.61,1.45,1.11,0.7,0.94,46641.72,33673.75,46805.14,40494.9,29581.52,80848.3
2019-07-15,2019,7,104.04,99.97,160.18,94.99,139.71,142.55,78.88,160.81,114.87,135.18,115.57,141.25,158.56,98.51,103.93,156.23,127.72,107.71,89.42,134.06,94.45,1.44,0.61,1.45,1.11,0.7,0.94,46641.72,33673.75,46805.14,40494.9,29581.52,80848.3
2019-07-22,2019,7,103.73,100.42,160.18,94.52,141.33,142.48,78.25,160.46,114.19,137.44,115.28,140.68,158.28,99.15,104.31,157.99,130.36,107.52,91.18,133.96,93.12,1.44,0.61,1.45,1.11,0.7,0.94,46641.72,33673.75,46805.14,40494.9,29581.52,80848.3
2019-07-29,2019,7,103.8,102.72,160.18,94.07,142.31,142.67,77.6,160.94,113.68,137.1,115.01,140.12,158.84,100.37,104.59,159.96,132.45,107.33,93.03,133.88,92.99,1.44,0.61,1.45,1.11,0.7,0.94,46641.72,33673.75,46805.14,40494.9,29581.52,80848.3
2019-08-05,2019,8,104.15,104.89,160.18,94.42,142.76,142.71,78.13,159.56,113.37,138.14,115.11,139.97,159.41,101.66,105.22,161.93,135.15,107.9,94.89,133.9,92.59,1.44,0.61,1.45,1.11,0.7,0.94,46641.72,33673.75,46805.14,40494.9,29581.52,80848.3
2019-08-12,2019,8,104.87,105.96,160.18,94.14,142.14,142.74,79.31,159.5,113.51,139.3,115.22,139.83,160.26,102.35,106.79,163.9,137.08,109.03,96.55,134.08,92.57,1.44,0.61,1.45,1.11,0.7,0.94,46641.72,33673.75,46805.14,40494.9,29581.52,80848.3
2019-08-19,2019,8,105.77,107.47,160.18,93.94,142.17,142.84,80.49,158.06,113.84,138.92,115.43,139.69,161.1,104.34,107.53,164.09,137.88,,98.25,134.25,93.44,1.44,0.61,1.45,1.11,0.7,0.94,46641.72,33673.75,46805.14,40494.9,29581.52,80848.3
2019-08-26,2019,8,,109.64,160.18,93.83,141.99,142.65,82.27,157.75,115.16,137.8,115.72,139.55,162.29,105.23,107.68,164.29,136.46,,99.95,134.87,94.29,1.44,0.61,1.45,1.11,0.7,0.94,46641.72,33673.75,46805.14,40494.9,29581.52,80848.3
2019-09-02,2019,9,108.19,111.41,160.18,94.01,142.36,142.67,84.21,156.92,117.02,138.76,116.42,139.55,163.77,105.6,108.57,164.14,134.62,,101.56,135.63,97.16,1.44,0.61,1.45,1.11,0.7,0.94,46641.72,33673.75,46805.14,40494.9,29581.52,80848.3
2019-09-09,2019,9,109.63,113.18,160.18,95.42,142.7,142.67,87.04,156.77,118.96,139.03,117.15,139.55,165.07,106.25,110.37,163.99,133.44,117.72,102.55,136.41,99.6,1.44,0.61,1.45,1.11,0.7,0.94,46641.72,33673.75,46805.14,40494.9,29581.52,80848.3
2019-09-16,2019,9,111.18,113.48,160.18,96.18,143.03,142.63,89.89,157.01,121.19,139.02,117.44,139.55,165.81,106.8,111.3,163.64,132.09,119.99,103.59,137.03,101.85,1.44,0.61,1.45,1.11,0.7,0.94,46641.72,33673.75,46805.14,40494.9,29581.52,80848.3
2019-09-23,2019,9,112.88,114.22,160.18,96.9,142.97,142.44,91.73,157.04,123.7,137.62,117.85,139.31,166.77,105.97,111.96,163.28,130.73,121.5,104.55,138.32,104.92,1.44,0.61,1.45,1.11,0.7,0.94,46641.72,33673.75,46805.14,40494.9,29581.52,80848.3
2019-09-30,2019,9,114.79,114.3,160.18,98.69,143.45,142.32,93.31,156.6,126.03,137.3,118.68,139.08,167.68,106.02,111.73,160.83,129.96,122.45,105.51,139.09,108.36,1.44,0.61,1.45,1.11,0.7,0.94,46641.72,33673.75,46805.14,40494.9,29581.52,80848.3
2019-10-07,2019,10,116.94,114.77,160.18,100.65,143.2,142.13,95.13,157.48,128.36,138.43,119.36,138.84,168.52,106.67,112.83,158.38,130.62,122.45,106.63,139.96,111.99,1.44,0.61,1.45,1.11,0.7,0.94,46641.72,33673.75,46805.14,40494.9,29581.52,80848.3
2019-10-14,2019,10,120.08,113.74,160.18,102.9,143.36,142.3,96.77,157.61,130.38,138.56,120.57,138.61,170.0,107.78,114.56,155.92,133.41,123.39,107.59,140.29,114.7,1.44,0.61,1.45,1.11,0.7,0.94,46641.72,33673.75,46805.14,40494.9,29581.52,80848.3
2019-10-21,2019,10,123.46,113.0,160.18,104.74,143.11,142.34,98.45,157.44,131.75,137.06,121.87,138.37,171.42,108.08,115.71,153.82,134.47,124.53,108.68,140.77,116.27,1.44,0.61,1.45,1.11,0.7,0.94,46641.72,33673.75,46805.14,40494.9,29581.52,80848.3
2019-10-28,2019,10,127.1,112.18,160.18,105.95,143.09,142.29,99.63,157.47,132.59,136.92,123.41,138.14,172.83,109.02,116.1,155.14,136.28,125.66,109.75,141.28,118.73,1.44,0.61,1.45,1.11,0.7,0.94,46641.72,33673.75,46805.14,40494.9,29581.52,80848.3
2019-11-04,2019,11,131.09,112.34,160.18,108.35,143.12,142.17,100.83,156.9,133.07,137.67,125.79,137.9,174.02,110.11,117.32,156.45,140.26,126.8,111.06,141.77,120.68,1.44,0.61,1.45,1.11,0.7,0.94,46641.72,33673.75,46805.14,40494.9,29581.52,80848.3
2019-11-11,2019,11,135.08,112.41,160.18,110.83,143.38,142.1,102.39,157.45,133.69,138.74,128.7,137.9,175.27,111.73,118.23,157.77,143.1,127.74,112.78,141.39,122.18,1.44,0.61,1.45,1.11,0.7,0.94,46641.72,33673.75,46805.14,40494.9,29581.52,80848.3
2019-11-18,2019,11,138.95,113.57,160.18,112.31,142.66,142.1,103.93,156.96,134.5,138.62,131.07,137.9,176.97,113.17,119.44,161.19,146.42,128.69,114.67,141.54,123.38,1.44,0.61,1.45,1.11,0.7,0.94,46641.72,33673.75,46805.14,40494.9,29581.52,80848.3
2019-11-25,2019,11,142.02,113.74,160.18,113.82,142.33,141.91,105.11,156.84,135.81,137.5,133.32,137.9,178.74,113.95,120.25,164.61,147.9,129.63,116.94,141.88,124.28,1.44,0.61,1.45,1.11,0.7,0.94,46641.72,33673.75,46805.14,40494.9,29581.52,80848.3
2019-12-02,2019,12,143.25,114.99,160.18,114.82,142.36,141.77,106.17,157.39,137.62,139.1,135.75,137.9,180.1,114.64,121.22,167.58,148.78,129.63,118.95,141.86,125.47,1.44,0.61,1.45,1.11,0.7,0.94,46641.72,33673.75,46805.14,40494.9,29581.52,80848.3
2019-12-09,2019,12,143.47,116.48,160.18,116.04,142.18,141.77,106.76,157.7,139.72,139.91,138.13,137.9,181.29,115.55,121.55,170.54,151.3,129.63,120.73,141.61,126.35,1.44,0.61,1.45,1.11,0.7,0.94,46641.72,33673.75,46805.14,40494.9,29581.52,80848.3
2019-12-16,2019,12,143.02,117.58,160.18,116.47,141.68,141.81,106.8,158.07,142.2,139.96,140.15,137.9,182.54,116.01,121.89,170.09,152.29,129.63,121.5,140.91,127.02,1.44,0.61,1.45,1.11,0.7,0.94,46641.72,33673.75,46805.14,40494.9,29581.52,80848.3
2019-12-23,2019,12,141.01,118.3,160.18,116.03,141.51,141.68,106.74,157.83,144.58,139.74,140.9,137.9,183.73,116.07,121.58,169.63,151.51,129.63,121.8,140.2,126.8,1.44,0.61,1.45,1.11,0.7,0.94,46641.72,33673.75,46805.14,40494.9,29581.52,80848.3
2019-12-30,2019,12,137.5,118.65,160.18,114.92,141.48,141.98,105.93,156.65,146.48,139.61,141.49,137.9,184.64,116.48,120.18,165.39,151.85,129.63,121.74,140.64,126.51,1.44,0.61,1.45,1.11,0.7,0.94,46641.72,33673.75,46805.14,40494.9,29581.52,80848.3
2020-01-06,2020,1,132.92,116.83,160.18,114.63,141.52,142.23,104.08,157.55,147.53,139.97,140.53,137.9,184.86,116.61,120.01,161.16,150.87,129.44,120.63,139.95,126.74,,,,,,,,,,,,
2020-01-13,2020,1,128.45,117.55,160.18,113.53,141.92,143.13,101.47,158.22,147.13,141.32,139.48,137.9,184.52,115.96,119.44,156.92,150.55,128.87,118.42,138.87,126.94,,,,,,,,,,,,
2020-01-20,2020,1,124.78,116.15,160.18,112.62,141.85,,98.83,157.83,145.62,140.58,138.07,137.9,183.84,115.16,118.43,153.13,150.65,128.31,115.7,138.49,126.39,,,,,,,,,,,,
2020-01-27,2020,1,122.41,114.6,160.18,111.9,142.08,144.42,96.74,158.38,143.41,140.19,136.36,137.9,183.31,115.08,118.32,149.35,149.89,127.36,112.89,138.11,125.9,1.04,0.18,0.7,0.75,0.12,0.21,46051.6,32673.28,46773.33,39743.38,28097.39,83776.75
2020-02-03,2020,2,120.98,110.81,160.18,111.62,142.67,145.06,95.02,157.46,140.44,140.27,134.51,137.9,182.85,115.26,118.63,147.95,149.83,126.42,110.51,137.89,124.01,0.94,0.08,0.52,0.66,-0.03,0.03,45904.07,32423.16,46765.38,39555.5,27726.36,84508.86
2020-02-10,2020,2,121.03,109.13,160.18,111.66,142.29,145.63,93.81,157.92,137.46,140.08,132.91,137.9,182.51,115.38,118.72,146.55,149.15,125.47,107.67,137.73,123.26,0.84,-0.03,0.33,0.57,-0.18,-0.15,45756.53,32173.04,46757.43,39367.62,27355.33,85240.98
2020-02-17,2020,2,122.7,107.36,160.18,112.89,142.3,145.83,93.27,157.9,134.72,139.9,131.54,137.9,182.17,,120.2,148.93,148.41,124.53,104.78,137.07,122.64,0.74,-0.14,0.14,0.48,-0.32,-0.33,45609.0,31922.92,46749.48,39179.74,26984.3,85973.09
2020-02-24,2020,2,125.75,107.97,160.18,112.3,142.37,146.02,94.06,157.62,133.22,138.82,131.41,137.9,182.06,119.16,120.33,154.65,148.28,123.77,102.63,137.07,121.43,0.74,-0.14,0.14,0.48,-0.32,-0.33,45609.0,31922.92,46749.48,39179.74,26984.3,85973.09
2020-03-02,2020,3,128.73,106.55,160.18,112.79,142.37,145.7,95.89,156.26,132.9,,131.95,137.9,183.19,119.43,120.7,160.36,146.79,123.4,100.81,138.16,120.8,0.74,-0.14,0.14,0.48,-0.32,-0.33,45609.0,31922.92,46749.48,39179.74,26984.3,85973.09
2020-03-09,2020,3,131.46,107.4,160.18,112.63,141.86,145.57,98.06,155.76,133.75,138.39,132.6,137.9,184.33,119.68,121.34,166.08,146.01,123.02,99.47,139.01,120.03,0.74,-0.14,0.14,0.48,-0.32,-0.33,45609.0,31922.92,46749.48,39179.74,26984.3,85973.09
2020-03-16,2020,3,133.41,109.18,160.18,112.11,142.06,144.97,100.52,156.45,135.41,138.6,132.61,137.9,185.37,119.8,121.57,171.8,144.39,123.02,98.0,140.14,119.36,0.74,-0.14,0.14,0.48,-0.32,-0.33,45609.0,31922.92,46749.48,39179.74,26984.3,85973.09
2020-03-23,2020,3,134.12,113.39,160.18,111.79,142.21,144.55,102.72,156.35,137.0,137.97,133.97,137.9,186.85,119.78,121.36,175.13,141.13,123.02,97.56,142.98,119.42,0.74,-0.14,0.14,0.48,-0.32,-0.33,45609.0,31922.92,46749.48,39179.74,26984.3,85973.09
2020-03-30,2020,3,132.97,115.33,160.18,110.79,142.1,144.52,103.9,156.72,137.86,137.67,134.52,137.9,189.34,119.66,122.02,177.39,140.23,122.83,97.63,,119.78,0.74,-0.14,0.14,0.48,-0.32,-0.33,45609.0,31922.92,46749.48,39179.74,26984.3,85973.09
2020-04-06,2020,4,128.87,117.71,160.18,109.36,141.73,144.78,104.7,158.12,138.46,137.69,134.38,137.9,192.06,115.06,121.66,179.65,139.12,122.64,97.68,146.96,119.5,0.74,-0.14,0.14,0.48,-0.32,-0.33,45609.0,31922.92,46749.48,39179.74,26984.3,85973.09
2020-04-13,2020,4,123.46,118.27,160.18,108.8,141.43,145.11,104.56,158.95,138.5,138.25,135.09,137.9,195.01,114.52,121.09,178.58,137.79,122.45,97.93,147.97,119.41,0.74,-0.14,0.14,0.48,-0.32,-0.33,45609.0,31922.92,46749.48,39179.74,26984.3,85973.09
2020-04-20,2020,4,118.44,117.18,160.18,107.47,,145.22,104.52,161.08,138.57,137.42,134.5,137.9,197.28,113.8,120.68,177.52,136.42,122.26,97.87,147.41,118.47,0.74,-0.14,0.14,0.48,-0.32,-0.33,45609.0,31922.92,46749.48,39179.74,26984.3,85973.09
2020-04-27,2020,4,113.72,114.94,160.18,105.95,,145.47,104.16,162.86,138.3,137.55,133.13,137.9,199.55,113.54,119.29,175.24,133.74,122.07,97.33,148.54,117.53,0.74,-0.14,0.14,0.48,-0.32,-0.33,45609.0,31922.92,46749.48,39179.74,26984.3,85973.09
2020-05-04,2020,5,109.54,111.44,160.18,104.31,138.79,145.52,103.37,160.97,137.97,137.63,131.91,137.9,201.36,113.06,118.9,172.96,133.46,121.88,96.57,147.79,116.6,0.74,-0.14,0.14,0.48,-0.32,-0.33,45609.0,31922.92,46749.48,39179.74,26984.3,85973.09
2020-05-11,2020,5,106.37,108.57,160.18,102.37,138.03,145.65,102.11,161.51,138.26,137.81,129.29,137.9,201.13,111.97,118.28,170.68,132.69,121.88,95.32,145.33,115.4,0.74,-0.14,0.14,0.48,-0.32,-0.33,45609.0,31922.92,46749.48,39179.74,26984.3,85973.09
2020-05-18,2020,5,104.88,104.72,160.18,101.36,138.24,144.48,100.81,161.01,138.95,137.9,127.58,,199.43,111.57,117.24,169.46,131.51,122.07,,144.8,113.77,0.74,-0.14,0.14,0.48,-0.32,-0.33,45609.0,31922.92,46749.48,39179.74,26984.3,85973.09
2020-05-25,2020,5,105.61,100.76,160.18,100.4,138.02,142.25,99.29,159.81,139.33,137.05,126.04,,197.51,111.57,117.5,164.95,129.28,122.26,92.42,142.41,112.94,0.74,-0.14,0.14,0.48,-0.32,-0.33,45609.0,31922.92,46749.48,39179.74,26984.3,85973.09
2020-06-01,2020,6,107.09,96.13,160.18,100.55,138.06,,98.23,158.54,139.17,137.45,124.36,,194.96,111.49,118.33,160.44,128.56,121.88,90.81,141.84,111.54,0.74,-0.14,0.14,0.48,-0.32,-0.33,45609.0,31922.92,46749.48,39179.74,26984.3,85973.09
2020-06-08,2020,6,108.32,95.28,160.18,100.35,138.8,,95.8,156.84,137.65,137.87,123.39,148.86,192.12,111.88,118.2,155.92,129.83,121.32,89.67,141.44,110.56,0.74,-0.14,0.14,0.48,-0.32,-0.33,45609.0,31922.92,46749.48,39179.74,26984.3,85973.09
2020-06-15,2020,6,109.3,95.04,160.18,100.43,138.82,135.55,93.3,155.81,,136.6,123.19,151.6,188.32,111.94,118.36,152.62,130.97,120.75,89.29,139.34,109.37,0.74,-0.14,0.14,0.48,-0.32,-0.33,45609.0,31922.92,46749.48,39179.74,26984.3,85973.09
2020-06-22,2020,6,109.51,95.12,160.18,100.86,137.43,133.77,90.46,156.62,,136.21,122.74,154.34,184.86,110.98,117.78,149.32,131.03,,89.53,139.15,109.12,0.74,-0.14,0.14,0.48,-0.32,-0.33,45609.0,31922.92,46749.48,39179.74,26984.3,85973.09
2020-06-29,2020,6,109.17,95.27,160.18,101.58,136.36,131.85,88.26,155.84,,136.29,122.45,157.08,182.88,110.91,118.12,150.27,132.37,,89.78,138.87,109.55,0.74,-0.14,0.14,0.48,-0.32,-0.33,45609.0,31922.92,46749.48,39179.74,26984.3,85973.09
2020-07-06,2020,7,108.13,96.23,160.18,101.88,136.21,131.52,86.72,154.62,124.11,136.89,122.36,157.08,181.24,110.61,117.98,151.22,131.45,115.83,90.02,137.32,109.46,0.74,-0.14,0.14,0.48,-0.32,-0.33,45609.0,31922.92,46749.48,39179.74,26984.3,85973.09
2020-07-13,2020,7,107.07,95.0,160.18,101.67,136.06,132.13,85.31,153.46,120.13,137.23,122.81,157.08,179.59,110.1,118.5,155.47,131.56,113.94,90.67,137.12,109.36,0.74,-0.14,0.14,0.48,-0.32,-0.33,45609.0,31922.92,46749.48,39179.74,26984.3,85973.09
2020-07-20,2020,7,105.89,95.92,160.18,101.04,136.21,133.24,83.96,153.41,116.35,137.21,122.55,157.08,178.34,109.73,117.73,159.73,130.58,112.62,91.27,136.1,109.34,0.74,-0.14,0.14,0.48,-0.32,-0.33,45609.0,31922.92,46749.48,39179.74,26984.3,85973.09
2020-07-27,2020,7,104.72,95.22,160.18,100.85,135.46,134.11,83.61,153.47,113.2,136.57,122.29,157.08,177.38,109.2,117.81,162.63,129.54,111.49,91.67,134.61,108.99,0.74,-0.14,0.14,0.48,-0.32,-0.33,45609.0,31922.92,46749.48,39179.74,26984.3,85973.09
2020-08-03,2020,8,103.55,95.88,160.18,101.01,135.41,134.97,83.31,151.85,110.17,137.8,122.0,157.08,177.38,108.56,117.87,165.52,128.4,110.36,91.79,134.44,108.64,0.74,-0.14,0.14,0.48,-0.32,-0.33,45609.0,31922.92,46749.48,39179.74,26984.3,85973.09
2020-08-10,2020,8,102.47,96.91,160.18,101.18,136.02,135.58,83.3,151.53,107.28,138.48,122.3,157.08,177.38,108.89,118.09,168.42,127.69,110.17,91.63,134.29,107.91,0.74,-0.14,0.14,0.48,-0.32,-0.33,45609.0,31922.92,46749.48,39179.74,26984.3,85973.09
2020-08-17,2020,8,101.18,97.33,160.18,101.45,137.01,136.51,83.29,151.74,104.92,137.84,122.35,157.08,177.38,108.94,117.62,167.07,127.36,109.98,91.43,133.35,,0.74,-0.14,0.14,0.48,-0.32,-0.33,45609.0,31922.92,46749.48,39179.74,26984.3,85973.09
2020-08-24,2020,8,99.96,98.12,160.18,101.53,136.12,137.68,83.2,152.56,103.85,136.81,122.47,157.08,177.38,108.39,117.59,165.5,128.19,109.79,91.28,133.69,106.75,0.74,-0.14,0.14,0.48,-0.32,-0.33,45609.0,31922.92,46749.48,39179.74,26984.3,85973.09
2020-08-31,2020,8,98.95,100.8,160.18,101.68,135.6,138.44,83.54,153.78,103.07,137.43,122.09,157.08,177.49,108.49,,163.92,127.77,109.79,91.1,133.93,106.67,0.74,-0.14,0.14,0.48,-0.32,-0.33,45609.0,31922.92,46749.48,39179.74,26984.3,85973.09
2020-09-07,2020,9,98.55,103.85,160.18,100.55,134.54,138.21,84.13,153.89,103.62,136.48,121.99,157.08,177.72,108.45,,162.35,126.97,109.79,91.1,134.63,106.71,0.74,-0.14,0.14,0.48,-0.32,-0.33,45609.0,31922.92,46749.48,39179.74,26984.3,85973.09
2020-09-14,2020,9,98.82,105.67,160.18,100.51,134.93,138.21,85.51,153.79,105.52,136.05,121.52,157.08,178.29,108.34,,162.14,126.72,109.79,91.24,136.07,107.0,0.74,-0.14,0.14,0.48,-0.32,-0.33,45609.0,31922.92,46749.48,39179.74,26984.3,85973.09
2020-09-21,2020,9,99.84,106.5,160.18,100.57,135.55,137.9,86.61,154.83,107.87,135.3,,157.08,178.85,108.35,114.34,161.79,126.04,109.79,91.56,136.64,107.75,0.74,-0.14,0.14,0.48,-0.32,-0.33,45609.0,31922.92,46749.48,39179.74,26984.3,85973.09
2020-09-28,2020,9,101.17,106.36,160.18,100.34,136.2,137.73,87.39,154.85,110.74,134.65,,157.08,179.42,108.54,113.9,161.45,125.06,109.79,91.93,137.06,107.88,0.74,-0.14,0.14,0.48,-0.32,-0.33,45609.0,31922.92,46749.48,39179.74,26984.3,85973.09
2020-10-05,2020,10,102.51,106.62,160.18,100.12,136.19,137.73,88.08,154.59,113.05,135.16,120.95,157.08,179.99,108.92,113.91,161.1,124.26,109.79,92.43,138.51,109.47,0.74,-0.14,0.14,0.48,-0.32,-0.33,45609.0,31922.92,46749.48,39179.74,26984.3,85973.09
2020-10-12,2020,10,103.41,106.53,160.18,100.69,135.71,136.93,88.77,155.08,113.69,135.54,120.81,157.08,180.56,109.75,114.08,160.97,123.51,110.17,93.19,138.27,109.8,0.74,-0.14,0.14,0.48,-0.32,-0.33,45609.0,31922.92,46749.48,39179.74,26984.3,85973.09
2020-10-19,2020,10,103.75,106.63,160.18,101.29,136.46,136.13,89.07,155.19,113.39,134.46,120.7,157.08,181.01,109.71,114.0,160.84,124.21,110.54,,138.61,110.24,0.74,-0.14,0.14,0.48,-0.32,-0.33,45609.0,31922.92,46749.48,39179.74,26984.3,85973.09
2020-10-26,2020,10,103.15,106.46,160.18,102.64,136.54,136.06,89.44,155.54,111.73,133.94,120.9,157.08,181.35,109.46,114.73,157.84,124.15,,,139.65,110.94,0.74,-0.14,0.14,0.48,-0.32,-0.33,45609.0,31922.92,46749.48,39179.74,26984.3,85973.09
2020-11-02,2020,11,101.98,107.09,160.18,102.63,135.59,135.83,89.12,155.72,109.32,134.75,121.76,157.08,181.57,109.49,115.74,,122.7,,99.78,139.98,112.16,0.74,-0.14,0.14,0.48,-0.32,-0.33,45609.0,31922.92,46749.48,39179.74,26984.3,85973.09
2020-11-09,2020,11,100.25,108.41,160.18,103.93,135.57,135.28,89.08,155.97,107.32,134.96,123.13,157.08,181.8,109.82,116.18,,123.71,112.81,102.59,139.75,113.37,0.74,-0.14,0.14,0.48,-0.32,-0.33,45609.0,31922.92,46749.48,39179.74,26984.3,85973.09
2020-11-16,2020,11,98.29,,160.18,105.62,135.36,134.46,88.94,155.87,105.35,134.59,123.95,157.08,182.03,109.9,117.02,149.08,125.55,113.57,105.64,139.95,114.56,0.74,-0.14,0.14,0.48,-0.32,-0.33,45609.0,31922.92,46749.48,39179.74,26984.3,85973.09
2020-11-23,2020,11,96.53,,160.18,107.04,133.91,133.43,88.62,156.64,103.44,134.12,124.02,157.08,182.26,109.31,117.23,151.12,125.68,114.32,108.66,140.59,114.4,0.74,-0.14,0.14,0.48,-0.32,-0.33,45609.0,31922.92,46749.48,39179.74,26984.3,85973.09
2020-11-30,2020,11,95.29,116.41,160.18,107.91,133.83,132.57,88.33,156.33,102.67,133.67,125.04,157.08,182.48,108.66,117.57,153.16,125.92,114.7,111.48,140.81,115.42,0.74,-0.14,0.14,0.48,-0.32,-0.33,45609.0,31922.92,46749.48,39179.74,26984.3,85973.09
2020-12-07,2020,12,94.74,119.33,160.18,108.65,133.04,132.06,88.11,156.21,102.52,134.28,126.38,157.08,182.7,108.89,118.63,155.2,125.24,115.08,113.67,140.56,116.34,0.74,-0.14,0.14,0.48,-0.32,-0.33,45609.0,31922.92,46749.48,39179.74,26984.3,85973.09
2020-12-14,2020,12,94.84,121.33,160.18,110.16,132.87,131.64,87.74,156.34,102.74,134.85,127.69,157.08,182.93,109.51,119.26,160.11,125.46,115.08,114.62,139.81,117.38,0.74,-0.14,0.14,0.48,-0.32,-0.33,45609.0,31922.92,46749.48,39179.74,26984.3,85973.09
2020-12-21,2020,12,95.16,122.53,160.18,112.88,131.54,131.28,87.54,156.98,102.82,134.27,128.73,157.08,182.93,109.8,119.07,165.02,125.93,115.08,115.26,141.16,117.72,0.74,-0.14,0.14,0.48,-0.32,-0.33,45609.0,31922.92,46749.48,39179.74,26984.3,85973.09
2020-12-28,2020,12,95.59,122.86,160.18,113.54,130.52,131.54,87.31,157.21,102.41,133.0,128.92,157.08,182.93,109.49,118.62,167.42,125.01,115.08,115.66,,118.21,0.74,-0.14,0.14,0.48,-0.32,-0.33,45609.0,31922.92,46749.48,39179.74,26984.3,85973.09
2021-01-04,2021,1,97.33,120.77,160.18,113.41,130.33,131.89,87.48,155.8,100.38,134.26,128.74,157.08,182.25,108.74,118.2,169.82,124.27,115.08,115.87,,119.18,,,,,,,,,,,,
2021-01-11,2021,1,99.13,119.19,160.18,113.61,130.98,132.19,87.59,154.81,98.22,134.51,128.11,157.08,181.23,108.87,118.14,167.3,124.6,115.08,115.44,140.63,120.86,,,,,,,,,,,,
2021-01-18,2021,1,100.61,116.51,160.18,113.92,130.98,132.34,87.79,154.48,97.77,134.97,127.39,157.08,180.22,108.34,117.47,164.78,123.88,115.08,114.88,,121.16,,,,,,,,,,,,
2021-01-25,2021,1,101.28,113.09,160.18,114.57,129.97,132.38,87.96,153.36,97.31,135.18,126.5,,179.19,107.27,116.57,162.26,123.21,115.08,114.44,,121.59,1.71,1.01,1.81,1.14,1.63,1.2,49175.51,34509.4,49422.2,41746.35,28986.88,95132.35
2021-02-01,2021,2,102.47,109.84,160.18,114.61,130.92,132.4,87.89,151.55,96.97,135.32,125.29,,178.17,105.92,115.74,159.35,124.04,115.08,114.44,,122.17,1.95,1.3,2.23,1.31,2.12,1.59,50067.14,35156.02,50090.39,42388.0,29487.53,97422.17
2021-02-08,2021,2,104.07,107.83,160.18,113.77,132.61,132.21,87.65,150.81,96.9,135.39,124.31,,177.72,104.78,115.77,156.44,125.16,115.08,114.24,125.24,122.69,2.2,1.59,2.65,1.48,2.61,1.97,50958.77,35802.64,50758.57,43029.66,29988.17,99711.98
2021-02-15,2021,2,105.7,105.84,160.18,113.38,132.81,132.06,87.59,149.3,96.84,136.12,124.04,149.52,177.09,103.85,116.67,156.05,126.26,115.08,114.13,123.95,122.77,2.44,1.87,3.07,1.64,3.09,2.36,51850.4,36449.26,51426.75,43671.31,30488.82,102001.8
2021-02-22,2021,2,107.36,105.04,160.18,114.16,131.44,131.96,88.36,150.45,98.98,134.74,124.23,147.63,177.32,103.74,116.84,155.65,127.59,,113.98,124.03,122.68,2.44,1.87,3.07,1.64,3.09,2.36,51850.4,36449.26,51426.75,43671.31,30488.82,102001.8
2021-03-01,2021,3,108.24,104.89,160.18,114.2,130.84,131.91,,150.4,101.44,134.92,125.76,145.74,177.89,103.59,117.4,155.65,130.04,,114.31,131.17,122.49,2.44,1.87,3.07,1.64,3.09,2.36,51850.4,36449.26,51426.75,43671.31,30488.82,102001.8
2021-03-08,2021,3,110.55,105.46,160.18,114.2,130.08,,,150.38,102.5,134.31,127.1,143.85,178.46,104.16,118.08,155.64,133.37,,114.59,137.88,123.13,2.44,1.87,3.07,1.64,3.09,2.36,51850.4,36449.26,51426.75,43671.31,30488.82,102001.8
2021-03-15,2021,3,113.75,106.51,160.18,113.9,130.93,,,151.14,106.22,133.09,127.97,143.85,179.25,105.19,119.09,155.64,137.26,,114.67,147.63,123.7,2.44,1.87,3.07,1.64,3.09,2.36,51850.4,36449.26,51426.75,43671.31,30488.82,102001.8
2021-03-22,2021,3,117.04,107.6,160.18,113.82,130.38,,96.5,151.69,109.83,132.86,129.75,143.85,180.16,106.64,120.55,156.02,140.01,118.1,113.22,157.89,123.85,2.44,1.87,3.07,1.64,3.09,2.36,51850.4,36449.26,51426.75,43671.31,30488.82,102001.8
2021-03-29,2021,3,119.36,107.65,160.18,113.75,130.61,143.33,98.66,151.58,113.16,133.11,131.64,143.85,180.38,107.8,121.6,156.97,142.94,118.86,,160.25,124.09,2.44,1.87,3.07,1.64,3.09,2.36,51850.4,36449.26,51426.75,43671.31,30488.82,102001.8
2021-04-05,2021,4,121.6,107.49,160.18,114.27,131.17,144.05,100.19,152.56,116.49,133.98,132.79,143.85,180.67,108.62,122.45,157.91,145.66,119.61,,160.37,124.22,2.44,1.87,3.07,1.64,3.09,2.36,51850.4,36449.26,51426.75,43671.31,30488.82,102001.8
2021-04-12,2021,4,122.57,106.56,160.18,114.27,133.15,145.82,100.25,152.32,119.15,134.98,133.78,143.85,180.33,108.87,123.03,158.85,147.69,120.18,108.56,160.51,124.51,2.44,1.87,3.07,1.64,3.09,2.36,51850.4,36449.26,51426.75,43671.31,30488.82,102001.8
2021-04-19,2021,4,123.43,105.45,160.18,114.43,134.88,147.73,99.52,151.94,121.82,135.5,133.76,143.85,179.54,108.65,123.86,159.4,147.37,120.37,107.12,161.41,124.0,2.44,1.87,3.07,1.64,3.09,2.36,51850.4,36449.26,51426.75,43671.31,30488.82,102001.8
2021-04-26,2021,4,122.93,105.33,160.18,114.27,136.6,140.42,97.56,151.63,124.26,136.05,133.68,143.85,178.4,108.13,124.41,159.95,145.92,120.37,105.77,163.79,123.12,2.44,1.87,3.07,1.64,3.09,2.36,51850.4,36449.26,51426.75,43671.31,30488.82,102001.8
2021-05-03,2021,5,121.51,102.7,160.18,115.0,136.7,142.06,95.25,151.01,123.97,137.1,133.67,143.85,177.04,107.43,124.31,160.16,144.92,120.37,103.75,162.67,121.46,2.44,1.87,3.07,1.64,3.09,2.36,51850.4,36449.26,51426.75,43671.31,30488.82,102001.8
2021-05-10,2021,5,119.99,,160.18,114.65,136.22,142.13,92.52,150.79,123.63,137.62,132.66,143.85,175.57,106.07,123.97,160.37,144.19,120.37,102.42,160.85,120.01,2.44,1.87,3.07,1.64,3.09,2.36,51850.4,36449.26,51426.75,43671.31,30488.82,102001.8
2021-05-17,2021,5,118.84,,160.18,114.38,135.66,142.06,90.01,150.14,123.35,137.06,131.26,143.85,174.21,104.99,123.46,160.02,143.13,120.37,101.49,161.19,117.63,2.44,1.87,3.07,1.64,3.09,2.36,51850.4,36449.26,51426.75,43671.31,30488.82,102001.8
2021-05-24,2021,5,117.24,93.03,160.18,113.51,135.27,142.06,88.02,148.96,123.18,136.2,129.41,143.85,172.96,104.35,122.51,159.6,141.24,120.37,100.39,162.2,116.22,2.44,1.87,3.07,1.64,3.09,2.36,51850.4,36449.26,51426.75,43671.31,30488.82,102001.8
2021-05-31,2021,5,116.12,89.72,160.18,113.41,135.04,142.06,86.59,148.22,123.42,135.78,129.5,143.85,172.17,103.9,120.85,159.18,140.41,120.37,99.58,162.89,113.82,2.44,1.87,3.07,1.64,3.09,2.36,51850.4,36449.26,51426.75,43671.31,30488.82,102001.8
2021-06-07,2021,6,115.72,86.81,160.18,112.75,134.68,141.11,85.61,147.88,123.98,136.02,128.35,143.85,171.72,103.33,119.24,158.76,140.91,120.37,98.54,163.38,111.57,2.44,1.87,3.07,1.64,3.09,2.36,51850.4,36449.26,51426.75,43671.31,30488.82,102001.8
2021-06-14,2021,6,115.59,83.85,160.18,112.2,133.93,139.91,85.15,148.0,124.85,136.31,127.1,143.85,171.6,103.3,117.99,158.34,141.61,120.37,97.34,162.48,109.16,2.44,1.87,3.07,1.64,3.09,2.36,51850.4,36449.26,51426.75,43671.31,30488.82,102001.8
2021-06-21,2021,6,116.59,84.12,160.18,111.04,133.91,138.86,84.83,147.96,125.58,136.31,125.47,143.85,171.49,102.95,117.09,158.27,140.42,120.37,96.77,162.06,107.93,2.44,1.87,3.07,1.64,3.09,2.36,51850.4,36449.26,51426.75,43671.31,30488.82,102001.8
2021-06-28,2021,6,117.39,85.55,160.18,110.0,134.0,139.39,84.53,147.81,125.58,136.09,124.53,143.85,171.37,102.5,116.43,160.05,140.54,120.37,96.8,161.5,106.48,2.44,1.87,3.07,1.64,3.09,2.36,51850.4,36449.26,51426.75,43671.31,30488.82,102001.8
2021-07-05,2021,7,116.0,86.25,160.18,108.93,134.08,140.19,84.35,147.76,124.8,137.52,123.34,143.85,170.81,102.39,115.84,161.83,139.36,120.37,96.57,159.92,106.49,2.44,1.87,3.07,1.64,3.09,2.36,51850.4,36449.26,51426.75,43671.31,30488.82,102001.8
2021-07-12,2021,7,114.23,88.32,160.18,107.33,133.67,140.87,84.22,147.47,125.53,138.07,122.85,143.85,170.24,101.67,114.97,,138.55,,96.52,158.45,105.89,2.44,1.87,3.07,1.64,3.09,2.36,51850.4,36449.26,51426.75,43671.31,30488.82,102001.8
2021-07-19,2021,7,110.72,90.95,160.18,105.81,133.04,140.76,83.95,147.93,124.2,138.01,120.21,143.85,169.67,101.17,115.15,165.53,136.12,,96.24,157.03,106.45,2.44,1.87,3.07,1.64,3.09,2.36,51850.4,36449.26,51426.75,43671.31,30488.82,102001.8
2021-07-26,2021,7,,92.44,160.18,105.2,132.17,141.43,84.09,148.62,122.71,137.31,118.46,143.85,169.22,100.67,114.83,167.5,133.92,,96.13,155.61,107.27,2.44,1.87,3.07,1.64,3.09,2.36,51850.4,36449.26,51426.75,43671.31,30488.82,102001.8
2021-08-02,2021,8,104.46,93.45,160.18,105.75,132.53,142.28,84.15,148.37,121.17,138.08,117.25,143.85,168.77,100.15,114.64,169.46,132.89,119.36,96.3,154.25,108.43,2.44,1.87,3.07,1.64,3.09,2.36,51850.4,36449.26,51426.75,43671.31,30488.82,102001.8
2021-08-09,2021,8,100.71,94.6,160.18,105.31,132.65,143.05,84.3,148.62,120.03,137.99,117.15,143.85,168.31,99.29,113.94,171.42,132.81,119.11,96.71,152.47,109.67,2.44,1.87,3.07,1.64,3.09,2.36,51850.4,36449.26,51426.75,43671.31,30488.82,102001.8
2021-08-16,2021,8,97.04,95.96,160.18,105.39,131.42,143.9,84.9,148.98,120.03,137.56,116.82,143.85,167.86,99.67,113.35,171.54,131.69,118.86,96.91,151.37,111.54,2.44,1.87,3.07,1.64,3.09,2.36,51850.4,36449.26,51426.75,43671.31,30488.82,102001.8
2021-08-23,2021,8,96.3,98.65,160.18,105.49,131.73,144.35,85.96,149.09,121.06,137.11,116.67,143.85,168.09,99.92,112.56,171.65,132.36,118.61,97.28,151.4,113.02,2.44,1.87,3.07,1.64,3.09,2.36,51850.4,36449.26,51426.75,43671.31,30488.82,102001.8
2021-08-30,2021,8,98.72,101.51,160.18,104.74,132.7,145.08,86.96,149.51,121.6,136.21,117.51,143.85,168.77,100.97,112.16,171.3,134.46,117.98,97.69,151.54,115.18,2.44,1.87,3.07,1.64,3.09,2.36,51850.4,36449.26,51426.75,43671.31,30488.82,102001.8
2021-09-06,2021,9,101.73,105.5,160.18,105.14,131.92,145.42,,149.74,123.8,136.79,118.7,143.85,169.79,102.06,112.94,170.95,138.08,118.04,98.4,151.46,116.14,2.44,1.87,3.07,1.64,3.09,2.36,51850.4,36449.26,51426.75,43671.31,30488.82,102001.8
2021-09-13,2021,9,105.44,110.37,160.18,106.21,131.44,145.8,91.08,149.56,126.72,137.38,122.26,143.85,170.92,103.05,113.57,170.49,141.42,118.48,99.26,151.07,116.27,2.44,1.87,3.07,1.64,3.09,2.36,51850.4,36449.26,51426.75,43671.31,30488.82,102001.8
2021-09-20,2021,9,108.98,114.5,160.18,104.47,131.0,144.97,93.25,148.6,130.04,136.6,124.57,143.85,172.34,104.21,115.05,170.02,144.57,119.3,100.49,151.0,117.9,2.44,1.87,3.07,1.64,3.09,2.36,51850.4,36449.26,51426.75,43671.31,30488.82,102001.8
2021-09-27,2021,9,113.23,117.46,160.18,105.64,130.27,144.6,95.9,148.51,133.18,137.24,126.99,143.85,173.75,106.1,117.26,169.5,147.88,120.31,101.89,151.25,119.07,2.44,1.87,3.07,1.64,3.09,2.36,51850.4,36449.26,51426.75,43671.31,30488.82,102001.8
2021-10-04,2021,10,117.81,120.03,160.18,106.88,130.22,143.82,98.24,148.24,135.96,139.48,129.54,143.85,175.28,107.27,119.35,168.97,150.49,121.25,103.68,151.03,120.03,2.44,1.87,3.07,1.64,3.09,2.36,51850.4,36449.26,51426.75,43671.31,30488.82,102001.8
2021-10-11,2021,10,121.58,121.46,160.18,,129.27,143.3,100.27,148.0,138.42,,132.04,143.85,176.59,108.33,121.93,168.45,152.45,122.32,104.95,150.38,120.63,2.44,1.87,3.07,1.64,3.09,2.36,51850.4,36449.26,51426.75,43671.31,30488.82,102001.8
2021-10-18,2021,10,123.68,122.13,160.18,,127.47,142.63,102.41,148.31,139.76,,133.19,143.85,177.55,109.15,124.69,168.38,153.08,124.34,106.56,149.66,121.08,2.44,1.87,3.07,1.64,3.09,2.36,51850.4,36449.26,51426.75,43671.31,30488.82,102001.8
2021-10-25,2021,10,126.83,121.67,160.18,,127.01,142.03,103.76,148.41,141.1,146.57,134.51,143.85,178.29,109.77,126.58,168.32,152.94,126.61,107.85,149.46,122.28,2.44,1.87,3.07,1.64,3.09,2.36,51850.4,36449.26,51426.75,43671.31,30488.82,102001.8
2021-11-01,2021,11,130.31,120.84,160.18,114.77,127.39,141.41,105.0,148.45,141.55,149.12,134.51,143.85,178.91,110.04,128.32,167.52,153.3,128.5,109.55,149.55,125.28,2.44,1.87,3.07,1.64,3.09,2.36,51850.4,36449.26,51426.75,43671.31,30488.82,102001.8
2021-11-08,2021,11,133.79,120.48,160.18,117.74,127.51,141.87,106.76,149.22,141.32,151.4,135.8,143.85,179.47,110.41,129.25,166.72,151.88,130.01,110.92,149.7,125.79,2.44,1.87,3.07,1.64,3.09,2.36,51850.4,36449.26,51426.75,43671.31,30488.82,102001.8
2021-11-15,2021,11,134.89,120.61,160.18,118.93,127.71,141.99,107.98,149.34,141.09,154.06,136.61,,180.27,110.35,130.09,165.98,150.95,131.33,111.94,149.95,126.29,2.44,1.87,3.07,1.64,3.09,2.36,51850.4,36449.26,51426.75,43671.31,30488.82,102001.8
2021-11-22,2021,11,135.25,121.18,160.18,119.96,129.28,142.46,109.21,149.66,141.05,153.81,136.74,,181.29,110.45,130.37,165.25,150.02,132.72,112.85,150.21,126.3,2.44,1.87,3.07,1.64,3.09,2.36,51850.4,36449.26,51426.75,43671.31,30488.82,102001.8
2021-11-29,2021,11,136.54,122.01,160.18,120.32,129.89,143.07,110.32,149.67,141.41,154.11,137.67,,183.33,110.64,127.76,166.01,150.47,133.98,114.04,149.71,127.05,2.44,1.87,3.07,1.64,3.09,2.36,51850.4,36449.26,51426.75,43671.31,30488.82,102001.8
2021-12-06,2021,12,136.57,125.08,,120.2,131.21,143.36,111.21,149.53,142.14,154.76,139.44,141.96,185.82,110.94,127.41,166.77,151.15,134.92,114.94,149.82,128.42,2.44,1.87,3.07,1.64,3.09,2.36,51850.4,36449.26,51426.75,43671.31,30488.82,102001.8
2021-12-13,2021,12,137.41,126.31,,121.02,132.44,143.88,111.75,149.52,143.12,154.1,141.47,141.49,189.11,110.98,127.59,167.53,151.92,134.92,116.14,149.78,129.83,2.44,1.87,3.07,1.64,3.09,2.36,51850.4,36449.26,51426.75,43671.31,30488.82,102001.8
2021-12-20,2021,12,136.84,127.48,,120.97,132.18,144.35,112.34,149.85,,153.39,142.35,141.01,192.4,111.73,127.4,169.03,152.75,134.92,116.82,149.47,130.89,2.44,1.87,3.07,1.64,3.09,2.36,51850.4,36449.26,51426.75,43671.31,30488.82,102001.8
2021-12-27,2021,12,136.26,128.72,160.42,121.17,131.99,144.8,112.22,150.09,,153.05,143.64,140.54,195.58,111.68,127.14,169.05,154.43,134.92,117.07,149.02,132.12,2.44,1.87,3.07,1.64,3.09,2.36,51850.4,36449.26,51426.75,43671.31,30488.82,102001.8
2022-01-03,2022,1,136.99,128.2,160.47,121.7,132.25,145.1,112.12,150.12,149.05,153.18,143.9,140.54,198.53,113.77,126.69,169.07,155.35,134.92,116.69,,133.16,,,,,,,,,,,,
2022-01-10,2022,1,137.24,126.6,160.51,122.3,133.15,145.37,111.8,149.99,150.92,154.17,144.35,140.54,201.13,115.48,126.6,169.09,156.02,134.92,116.14,,134.32,,,,,,,,,,,,
2022-01-17,2022,1,136.85,124.29,160.56,123.37,133.96,145.6,111.37,149.98,151.74,154.21,144.18,140.54,202.72,117.2,128.93,167.61,155.94,134.92,116.0,,134.94,,,,,,,,,,,,
2022-01-24,2022,1,136.93,120.41,160.5,124.41,133.63,146.17,110.92,150.45,152.15,154.41,143.28,140.54,203.85,118.71,129.37,166.13,155.74,134.92,115.79,145.52,134.38,6.53,5.49,5.24,3.69,6.12,5.47,50751.21,35493.35,49878.89,42079.85,30023.52,103134.08
2022-01-31,2022,1,136.05,118.65,,125.42,134.23,146.81,110.81,150.75,152.31,155.04,142.58,140.54,204.08,120.47,129.19,167.56,154.43,134.92,115.28,146.24,133.98,7.55,6.39,5.79,4.2,6.88,6.25,50476.42,35254.38,49491.92,41681.98,29907.19,103417.15
2022-02-07,2022,2,135.92,118.03,,126.02,136.03,147.57,110.9,149.7,151.88,156.26,142.83,140.54,204.65,121.56,129.43,168.99,153.7,,114.97,148.66,133.31,8.58,7.3,6.33,4.71,7.63,7.03,50201.62,35015.4,49104.96,41284.12,29790.87,103700.22
2022-02-14,2022,2,136.01,117.73,,127.52,137.74,148.3,111.92,149.37,151.25,156.3,141.69,140.54,205.1,123.35,127.0,171.89,152.7,,114.02,149.59,133.31,9.6,8.2,6.87,5.22,8.39,7.81,49926.83,34776.42,48717.99,40886.25,29674.54,103983.29
2022-02-21,2022,2,137.76,120.03,163.96,127.92,138.69,150.13,114.0,149.31,150.9,155.51,141.52,141.01,206.35,123.16,125.74,,151.8,,114.77,153.15,132.93,9.6,8.2,6.87,5.22,8.39,7.81,49926.83,34776.42,48717.99,40886.25,29674.54,103983.29
2022-02-28,2022,2,,123.21,165.33,128.23,140.59,151.7,,149.37,151.33,156.17,141.1,141.49,208.16,123.38,124.2,,150.79,,114.89,153.22,132.3,9.6,8.2,6.87,5.22,8.39,7.81,49926.83,34776.42,48717.99,40886.25,29674.54,103983.29
2022-03-07,2022,3,,127.66,166.7,128.38,142.59,153.76,,149.47,153.3,156.49,141.44,141.96,210.66,123.39,123.67,183.21,150.86,,115.19,157.95,132.3,9.6,8.2,6.87,5.22,8.39,7.81,49926.83,34776.42,48717.99,40886.25,29674.54,103983.29
2022-03-14,2022,3,,133.08,168.07,129.44,145.42,155.89,,148.87,,156.96,143.93,142.43,214.0,124.81,123.54,187.41,152.79,,116.44,157.83,132.78,9.6,8.2,6.87,5.22,8.39,7.81,49926.83,34776.42,48717.99,40886.25,29674.54,103983.29
2022-03-21,2022,3,155.73,138.27,168.68,129.94,148.5,157.65,134.68,148.3,,158.26,146.72,142.9,217.46,126.63,127.07,188.72,157.43,,117.73,159.67,134.46,9.6,8.2,6.87,5.22,8.39,7.81,49926.83,34776.42,48717.99,40886.25,29674.54,103983.29
2022-03-28,2022,3,166.38,143.75,169.29,131.21,150.61,159.27,141.27,148.92,,159.01,150.76,143.38,220.58,129.87,129.63,190.02,164.25,167.36,119.46,159.55,135.82,9.6,8.2,6.87,5.22,8.39,7.81,49926.83,34776.42,48717.99,40886.25,29674.54,103983.29
2022-04-04,2022,4,177.71,150.59,169.89,132.91,153.4,161.44,147.54,148.93,,,,143.85,223.47,135.19,141.15,194.06,,176.81,121.57,164.03,138.62,9.6,8.2,6.87,5.22,8.39,7.81,49926.83,34776.42,48717.99,40886.25,29674.54,103983.29
2022-04-11,2022,4,188.8,155.15,170.09,136.46,156.91,162.9,152.46,148.91,183.56,,163.33,143.85,225.57,138.66,,198.09,,185.0,124.89,165.85,,9.6,8.2,6.87,5.22,8.39,7.81,49926.83,34776.42,48717.99,40886.25,29674.54,103983.29
2022-04-18,2022,4,197.08,159.48,170.09,139.48,159.93,164.89,156.19,150.41,191.46,169.03,169.05,143.85,227.1,142.27,,200.83,188.59,192.24,128.81,168.0,145.37,9.6,8.2,6.87,5.22,8.39,7.81,49926.83,34776.42,48717.99,40886.25,29674.54,103983.29
2022-04-25,2022,4,203.98,162.61,170.09,142.54,166.5,165.55,157.73,,198.39,172.04,173.83,146.92,227.95,145.68,168.71,203.57,194.13,197.28,130.77,169.68,148.03,9.6,8.2,6.87,5.22,8.39,7.81,49926.83,34776.42,48717.99,40886.25,29674.54,103983.29
2022-05-02,2022,5,210.61,163.85,170.09,144.75,175.29,165.2,157.35,,204.16,176.29,176.13,,227.83,146.62,175.85,204.16,197.62,200.11,132.59,167.31,151.02,9.6,8.2,6.87,5.22,8.39,7.81,49926.83,34776.42,48717.99,40886.25,29674.54,103983.29
2022-05-09,2022,5,214.32,164.06,170.09,146.71,180.74,165.17,155.94,,207.97,179.88,177.71,,227.61,147.76,179.85,204.76,197.91,200.11,134.35,164.59,152.94,9.6,8.2,6.87,5.22,8.39,7.81,49926.83,34776.42,48717.99,40886.25,29674.54,103983.29
2022-05-16,2022,5,211.26,162.96,170.09,148.8,190.54,165.13,154.03,179.0,209.85,183.41,178.02,156.13,227.38,147.52,184.58,205.35,195.43,197.59,135.27,166.57,155.61,9.6,8.2,6.87,5.22,8.39,7.81,49926.83,34776.42,48717.99,40886.25,29674.54,103983.29
2022-05-23,2022,5,208.53,159.9,170.09,150.04,198.17,165.11,150.98,185.44,209.74,185.34,176.25,160.62,227.38,144.46,183.04,203.21,191.59,194.76,136.58,161.79,155.46,9.6,8.2,6.87,5.22,8.39,7.81,49926.83,34776.42,48717.99,40886.25,29674.54,103983.29
2022-05-30,2022,5,204.13,157.89,170.09,149.45,205.6,165.11,147.85,192.22,208.9,188.22,174.63,165.1,227.38,143.32,180.66,198.94,186.43,191.61,135.54,159.31,155.42,9.6,8.2,6.87,5.22,8.39,7.81,49926.83,34776.42,48717.99,40886.25,29674.54,103983.29
2022-06-06,2022,6,198.9,156.26,170.09,150.2,211.3,165.57,144.66,198.66,207.77,191.33,173.57,169.59,227.38,142.01,177.36,194.68,182.35,189.09,134.32,157.08,155.73,9.6,8.2,6.87,5.22,8.39,7.81,49926.83,34776.42,48717.99,40886.25,29674.54,103983.29
2022-06-13,2022,6,193.95,154.39,170.09,150.81,211.69,,142.61,200.69,205.79,194.37,172.11,171.01,227.38,141.19,173.04,190.41,178.95,186.57,135.15,156.58,154.32,9.6,8.2,6.87,5.22,8.39,7.81,49926.83,34776.42,48717.99,40886.25,29674.54,103983.29
2022-06-20,2022,6,189.63,153.35,170.09,152.21,211.0,,141.26,202.06,203.6,195.62,170.82,172.43,227.38,141.34,170.35,188.29,175.28,184.37,134.8,159.64,152.29,9.6,8.2,6.87,5.22,8.39,7.81,49926.83,34776.42,48717.99,40886.25,29674.54,103983.29
2022-06-27,2022,6,185.81,153.21,,152.1,212.4,,140.11,202.01,201.73,197.08,169.71,173.84,227.38,140.59,166.81,186.22,172.72,182.16,134.87,160.12,149.42,9.6,8.2,6.87,5.22,8.39,7.81,49926.83,34776.42,48717.99,40886.25,29674.54,103983.29
2022-07-04,2022,7,184.17,152.86,,151.5,209.73,213.68,139.6,202.42,200.13,199.14,167.52,175.26,227.38,140.5,164.72,184.16,170.45,181.85,134.86,158.26,145.33,9.6,8.2,6.87,5.22,8.39,7.81,49926.83,34776.42,48717.99,40886.25,29674.54,103983.29
2022-07-11,2022,7,180.94,152.63,,149.68,209.28,225.96,139.86,204.23,198.61,200.41,165.33,175.26,227.38,140.5,163.54,182.1,169.26,182.16,135.13,158.8,143.07,9.6,8.2,6.87,5.22,8.39,7.81,49926.83,34776.42,48717.99,40886.25,29674.54,103983.29
2022-07-18,2022,7,178.91,154.45,170.21,149.01,209.08,228.61,140.51,205.81,197.11,201.42,163.98,175.26,,140.47,162.35,182.15,168.64,182.79,136.37,158.87,140.7,9.6,8.2,6.87,5.22,8.39,7.81,49926.83,34776.42,48717.99,40886.25,29674.54,103983.29
2022-07-25,2022,7,179.31,156.4,170.24,147.31,209.65,246.6,141.12,205.92,196.13,203.12,162.75,175.26,,140.48,161.42,182.21,169.92,183.42,137.37,160.22,138.66,9.6,8.2,6.87,5.22,8.39,7.81,49926.83,34776.42,48717.99,40886.25,29674.54,103983.29
2022-08-01,2022,8,179.69,159.39,,145.57,210.72,239.34,141.76,206.17,196.77,206.7,163.25,175.26,,140.02,165.58,183.94,170.26,184.37,137.53,158.56,139.63,9.6,8.2,6.87,5.22,8.39,7.81,49926.83,34776.42,48717.99,40886.25,29674.54,103983.29
2022-08-08,2022,8,179.61,162.68,,143.59,210.45,231.54,142.11,206.09,198.26,209.62,164.33,176.46,,139.68,167.21,185.67,171.88,185.0,138.08,158.02,140.4,9.6,8.2,6.87,5.22,8.39,7.81,49926.83,34776.42,48717.99,40886.25,29674.54,103983.29
2022-08-15,2022,8,180.12,165.99,,142.92,208.83,223.56,142.57,206.91,200.11,212.72,164.61,177.93,235.88,139.82,168.65,187.34,173.81,185.63,139.03,158.32,141.68,9.6,8.2,6.87,5.22,8.39,7.81,49926.83,34776.42,48717.99,40886.25,29674.54,103983.29
2022-08-22,2022,8,178.87,170.02,172.25,142.7,209.99,214.39,142.83,209.0,202.58,214.62,165.6,179.19,236.85,139.78,168.63,189.0,175.53,185.94,140.45,156.79,144.07,9.6,8.2,6.87,5.22,8.39,7.81,49926.83,34776.42,48717.99,40886.25,29674.54,103983.29
2022-08-29,2022,8,178.83,173.7,172.88,143.65,207.79,206.02,144.04,211.26,205.11,216.63,169.07,179.19,238.32,140.15,166.89,192.2,177.92,185.94,141.46,155.81,145.29,9.6,8.2,6.87,5.22,8.39,7.81,49926.83,34776.42,48717.99,40886.25,29674.54,103983.29
2022-09-05,2022,9,181.65,176.32,173.52,143.88,207.49,208.85,145.44,211.04,208.04,219.17,173.48,180.42,240.02,140.39,166.94,195.4,180.95,186.57,142.07,155.89,147.95,9.6,8.2,6.87,5.22,8.39,7.81,49926.83,34776.42,48717.99,40886.25,29674.54,103983.29
2022-09-12,2022,9,184.91,178.24,174.15,145.4,204.23,195.75,147.69,211.39,211.07,220.84,179.14,180.46,236.57,140.98,167.43,198.6,183.65,187.2,143.07,156.23,150.61,9.6,8.2,6.87,5.22,8.39,7.81,49926.83,34776.42,48717.99,40886.25,29674.54,103983.29
2022-09-19,2022,9,187.88,180.99,174.32,147.45,202.91,198.22,150.25,211.52,214.48,220.54,184.23,181.89,237.64,142.02,166.18,200.14,189.16,188.78,144.92,159.83,153.5,9.6,8.2,6.87,5.22,8.39,7.81,49926.83,34776.42,48717.99,40886.25,29674.54,103983.29
2022-09-26,2022,9,192.12,182.9,174.5,149.24,200.76,200.98,153.73,211.7,217.96,221.11,190.15,182.1,239.85,,165.97,201.96,194.22,192.87,146.43,163.82,158.28,9.6,8.2,6.87,5.22,8.39,7.81,49926.83,34776.42,48717.99,40886.25,29674.54,103983.29
2022-10-03,2022,10,198.15,185.71,174.68,153.69,205.03,203.73,157.3,211.39,221.99,222.86,199.9,182.04,242.52,144.66,167.74,203.79,200.06,,147.65,169.32,165.23,9.6,8.2,6.87,5.22,8.39,7.81,49926.83,34776.42,48717.99,40886.25,29674.54,103983.29
2022-10-10,2022,10,206.9,188.69,174.73,160.21,202.75,207.22,161.33,209.67,225.78,224.43,211.14,183.47,246.43,146.09,169.76,205.62,208.7,,149.73,,172.42,9.6,8.2,6.87,5.22,8.39,7.81,49926.83,34776.42,48717.99,40886.25,29674.54,103983.29
2022-10-17,2022,10,216.78,192.34,175.44,166.08,203.67,211.09,164.59,207.61,229.62,228.16,221.14,186.94,249.83,148.54,172.57,205.92,217.29,208.81,151.63,181.99,181.37,9.6,8.2,6.87,5.22,8.39,7.81,49926.83,34776.42,48717.99,40886.25,29674.54,103983.29
2022-10-24,2022,10,224.76,195.43,176.16,173.16,203.2,213.49,167.85,207.88,233.66,232.92,229.95,189.73,253.35,150.91,174.62,206.22,225.55,216.3,154.71,186.61,189.55,9.6,8.2,6.87,5.22,8.39,7.81,49926.83,34776.42,48717.99,40886.25,29674.54,103983.29
2022-10-31,2022,10,233.56,199.4,176.87,180.14,204.87,214.49,170.53,207.68,237.27,237.99,240.18,194.27,256.63,152.15,178.47,208.06,233.63,224.11,158.24,192.75,198.94,9.6,8.2,6.87,5.22,8.39,7.81,49926.83,34776.42,48717.99,40886.25,29674.54,103983.29
2022-11-07,2022,11,242.06,202.42,177.58,187.52,207.25,216.3,173.26,207.78,239.81,243.42,251.75,198.37,259.92,153.36,182.06,209.91,239.9,230.66,160.97,196.41,207.69,9.6,8.2,6.87,5.22,8.39,7.81,49926.83,34776.42,48717.99,40886.25,29674.54,103983.29
2022-11-14,2022,11,247.51,206.35,178.29,196.15,210.14,217.51,178.53,207.36,241.77,249.61,261.57,202.79,262.87,153.32,186.18,211.46,245.93,235.01,166.42,200.72,214.79,9.6,8.2,6.87,5.22,8.39,7.81,49926.83,34776.42,48717.99,40886.25,29674.54,103983.29
2022-11-21,2022,11,253.5,209.82,179.01,202.86,209.14,218.86,184.07,207.39,243.54,253.83,268.09,207.4,265.36,154.15,188.71,213.02,250.86,239.35,172.08,202.03,220.51,9.6,8.2,6.87,5.22,8.39,7.81,49926.83,34776.42,48717.99,40886.25,29674.54,103983.29
2022-11-28,2022,11,258.94,213.31,180.8,207.7,212.75,220.5,189.01,207.25,245.55,260.71,273.03,210.89,266.61,,191.76,221.52,254.04,241.87,178.41,206.19,226.36,9.6,8.2,6.87,5.22,8.39,7.81,49926.83,34776.42,48717.99,40886.25,29674.54,103983.29
2022-12-05,2022,12,262.24,217.84,181.87,213.31,215.17,219.77,193.52,207.09,247.44,267.42,277.44,213.86,267.86,,194.78,230.03,257.93,244.39,185.59,207.71,231.98,9.6,8.2,6.87,5.22,8.39,7.81,49926.83,34776.42,48717.99,40886.25,29674.54,103983.29
2022-12-12,2022,12,264.08,222.5,182.95,218.32,217.05,219.09,197.96,206.92,249.0,272.58,281.79,215.72,268.65,,198.45,238.53,261.42,244.71,191.81,210.06,237.33,9.6,8.2,6.87,5.22,8.39,7.81,49926.83,34776.42,48717.99,40886.25,29674.54,103983.29
2022-12-19,2022,12,264.96,227.19,184.03,222.07,219.85,219.54,202.26,207.1,250.54,277.44,283.93,216.89,269.45,,202.59,245.49,264.89,244.71,197.18,209.8,240.88,9.6,8.2,6.87,5.22,8.39,7.81,49926.83,34776.42,48717.99,40886.25,29674.54,103983.29
2022-12-26,2022,12,266.36,231.01,185.11,224.84,221.6,219.19,206.18,206.95,252.09,281.89,284.39,217.12,271.09,,202.71,252.44,267.78,244.71,202.62,211.83,242.98,9.6,8.2,6.87,5.22,8.39,7.81,49926.83,34776.42,48717.99,40886.25,29674.54,103983.29
2023-01-02,2023,1,270.41,234.06,183.83,226.68,223.5,218.75,209.33,207.48,253.65,285.89,284.44,217.12,271.94,,202.86,250.82,268.44,244.71,205.67,210.73,245.26,,,,,,,,,,,,
2023-01-09,2023,1,271.6,234.88,182.55,228.57,224.54,217.66,212.11,207.57,254.6,289.92,283.42,216.96,271.94,,203.94,249.2,269.8,244.71,208.59,212.94,245.15,,,,,,,,,,,,
2023-01-16,2023,1,271.33,235.41,180.2,229.96,224.93,216.79,214.77,207.55,254.93,291.96,282.45,216.67,272.79,,202.38,240.63,270.64,244.71,208.57,211.95,244.16,,,,,,,,,,,,
2023-01-23,2023,1,271.35,234.12,177.85,231.12,224.85,217.5,217.84,207.07,255.26,292.07,281.64,216.02,273.64,,201.08,232.05,268.98,244.71,207.27,211.92,242.7,,,,,,,,,,,,
2023-01-30,2023,1,271.24,231.34,175.4,232.51,225.35,217.75,220.8,207.41,255.33,291.53,279.93,218.04,274.83,,201.7,223.01,267.88,244.71,205.25,213.34,241.34,,,,,,,,,,,,
2023-02-06,2023,2,270.91,228.65,172.94,235.67,225.05,218.34,223.94,207.52,255.48,290.47,278.54,220.22,276.02,186.57,199.4,213.98,265.77,244.71,203.47,212.26,240.22,,,,,,,,,,,,
2023-02-13,2023,2,270.77,225.46,170.59,239.65,225.22,219.18,227.61,207.79,256.07,289.63,276.46,,276.36,192.43,201.85,204.94,264.51,244.71,202.6,207.29,239.98,,,,,,,,,,,,
2023-02-20,2023,2,271.65,224.39,170.89,243.76,224.85,220.62,228.87,207.64,257.39,289.11,276.58,224.67,276.7,192.89,203.64,204.47,265.56,,201.51,207.25,239.94,,,,,,,,,,,,
2023-02-27,2023,2,271.82,225.9,171.2,247.12,225.32,221.94,231.21,207.75,259.4,289.57,278.22,225.78,278.68,193.9,205.15,212.27,267.02,,198.61,206.07,241.31,,,,,,,,,,,,
2023-03-06,2023,3,,227.57,171.5,249.19,225.62,223.34,234.24,208.0,261.98,289.95,280.69,227.89,279.82,194.01,,220.07,267.51,,197.17,205.9,242.17,,,,,,,,,,,,
2023-03-13,2023,3,,230.77,171.8,251.05,226.14,224.41,236.92,,264.74,289.62,281.06,230.04,280.95,193.68,,227.87,269.4,250.54,197.37,208.98,243.29,,,,,,,,,,,,
2023-03-20,2023,3,,236.31,172.2,251.9,225.97,225.53,239.58,,268.02,289.72,282.38,230.13,281.75,194.83,215.52,236.13,271.02,252.11,197.63,212.44,244.44,,,,,,,,,,,,
2023-03-27,2023,3,283.88,239.79,172.61,251.51,225.88,227.95,241.79,209.03,271.41,290.3,283.89,230.2,282.54,195.4,218.12,244.18,274.18,253.68,201.16,217.94,243.88,,,,,,,,,,,,
2023-04-03,2023,4,285.99,243.89,172.91,249.7,226.01,230.35,243.24,209.22,274.4,291.1,286.33,230.37,283.34,195.26,217.36,252.24,275.59,255.26,203.63,225.06,244.45,,,,,,,,,,,,
2023-04-10,2023,4,283.45,244.66,172.91,247.74,225.48,232.78,244.69,209.39,276.66,290.97,287.27,230.57,284.13,194.11,213.78,260.29,277.18,255.73,206.46,228.45,243.89,,,,,,,,,,,,
2023-04-17,2023,4,282.75,243.84,172.91,244.36,224.46,235.04,244.23,209.95,278.23,290.34,285.99,231.87,284.13,194.29,215.06,260.08,277.33,255.42,210.17,230.76,244.25,,,,,,,,,,,,
2023-04-24,2023,4,279.02,241.46,172.91,242.07,224.03,236.2,242.89,209.93,279.12,289.52,285.11,232.06,284.13,194.91,212.76,255.19,277.66,255.1,213.16,232.49,244.52,,,,,,,,,,,,
2023-05-01,2023,5,274.5,237.69,172.91,235.75,224.69,236.86,241.34,209.85,279.66,289.67,283.65,232.3,283.0,195.26,210.61,250.29,277.95,254.79,213.92,233.82,244.68,,,,,,,,,,,,
2023-05-08,2023,5,267.39,229.63,172.91,230.06,224.7,237.69,239.02,209.92,279.41,289.17,281.24,232.54,280.27,194.71,209.16,245.4,276.42,254.47,214.79,232.69,243.4,,,,,,,,,,,,
2023-05-15,2023,5,258.79,221.22,172.91,223.95,224.26,237.64,236.7,209.87,278.63,288.93,278.23,232.77,277.55,194.29,206.69,240.71,273.36,252.9,212.38,232.22,244.03,,,,,,,,,,,,
2023-05-22,2023,5,249.4,212.5,172.91,218.08,223.41,237.64,234.38,209.85,277.27,287.54,273.06,232.77,274.83,194.46,206.51,240.42,270.54,251.32,210.59,232.26,242.63,,,,,,,,,,,,
2023-05-29,2023,5,245.29,207.2,172.91,211.8,223.35,237.39,231.49,209.97,275.42,287.02,267.43,232.83,271.76,195.47,210.18,240.13,267.29,249.12,208.4,232.81,,,,,,,,,,,,,
2023-06-05,2023,6,238.43,200.62,172.91,207.3,222.42,237.33,229.2,209.41,272.31,286.52,262.36,232.78,268.48,194.72,206.92,239.83,264.22,247.23,206.76,234.29,,,,,,,,,,,,,
2023-06-12,2023,6,231.64,196.02,172.91,203.1,221.35,,226.9,209.43,268.56,286.48,256.0,232.77,265.19,193.65,204.78,244.23,260.2,245.34,204.82,235.37,,,,,,,,,,,,,
2023-06-19,2023,6,223.63,190.0,172.91,202.93,219.78,,224.55,209.56,263.67,285.59,251.19,232.75,263.03,192.92,204.96,248.62,254.28,243.45,204.0,235.06,230.06,,,,,,,,,,,,
2023-06-26,2023,6,216.15,187.39,172.91,202.62,219.41,249.84,222.78,209.49,257.32,285.15,247.39,232.78,262.47,191.86,204.76,250.8,249.12,241.56,203.54,235.42,225.91,,,,,,,,,,,,
2023-07-03,2023,7,208.73,187.55,172.91,201.75,219.43,249.29,220.18,209.64,248.8,285.03,240.28,232.7,261.56,190.03,203.5,252.99,243.8,241.24,203.14,234.92,220.56,,,,,,,,,,,,
2023-07-10,2023,7,201.15,186.87,172.91,199.84,219.66,248.49,217.1,209.6,239.2,285.96,234.78,232.73,259.63,188.8,202.25,250.78,238.63,240.93,202.3,234.21,215.59,,,,,,,,,,,,
2023-07-17,2023,7,190.87,185.23,172.91,197.03,219.8,248.63,214.42,209.79,229.5,285.04,230.13,232.69,256.91,186.96,198.79,248.58,232.47,240.61,200.22,233.69,211.7,,,,,,,,,,,,
2023-07-24,2023,7,181.36,185.32,172.91,193.96,220.51,248.76,211.89,210.0,220.01,284.64,226.13,232.71,254.42,185.47,197.48,248.56,226.86,240.3,197.48,233.78,207.51,,,,,,,,,,,,
2023-07-31,2023,7,172.53,184.45,172.91,189.55,221.76,236.69,209.59,210.28,210.5,283.64,222.26,232.76,252.04,184.67,198.02,248.55,221.4,239.99,196.27,233.42,202.9,,,,,,,,,,,,
2023-08-07,2023,8,165.6,184.45,172.91,184.11,223.27,236.87,207.43,210.23,202.06,283.56,218.77,232.88,249.66,183.05,196.14,248.53,218.52,239.67,194.57,232.21,199.82,,,,,,,,,,,,
2023-08-14,2023,8,161.07,184.49,172.91,178.66,223.63,237.99,204.53,210.22,194.91,284.01,214.81,232.94,247.28,181.84,193.93,250.73,215.96,239.36,192.11,232.27,198.06,,,,,,,,,,,,
2023-08-21,2023,8,158.93,183.44,172.91,173.75,223.63,238.63,202.31,210.11,190.02,283.65,214.52,233.04,245.23,181.58,195.58,252.92,213.25,238.41,189.35,232.5,197.46,,,,,,,,,,,,
2023-08-28,2023,8,160.45,182.91,172.91,170.91,222.95,239.41,200.76,210.16,186.77,282.69,214.85,233.05,245.35,180.35,197.65,255.08,211.9,237.47,187.29,234.22,197.53,,,,,,,,,,,,
2023-09-04,2023,9,163.53,182.5,172.91,168.86,223.12,238.81,199.02,210.03,185.38,281.95,215.72,232.99,246.6,180.41,199.95,257.23,212.68,237.15,185.88,234.4,198.92,,,,,,,,,,,,
2023-09-11,2023,9,169.53,182.92,172.91,168.22,224.03,238.15,197.35,210.07,185.22,281.14,217.32,232.86,247.84,180.92,202.22,257.2,211.86,236.84,184.95,234.25,201.01,,,,,,,,,,,,
2023-09-18,2023,9,176.47,183.6,172.91,168.83,222.6,239.36,196.04,209.87,186.48,279.58,219.2,232.62,248.98,180.64,204.26,257.17,210.91,236.52,183.16,234.28,204.71,,,,,,,,,,,,
2023-09-25,2023,9,182.85,185.09,172.91,170.17,220.88,239.36,194.85,209.59,188.08,277.71,220.45,232.45,250.11,181.26,206.3,254.34,209.03,236.21,181.94,234.89,208.25,,,,,,,,,,,,
2023-10-02,2023,10,189.33,187.15,172.91,170.66,219.94,238.4,194.71,209.66,190.12,275.59,222.87,232.17,251.25,182.17,208.64,251.52,208.13,235.89,181.67,234.59,210.95,,,,,,,,,,,,
2023-10-09,2023,10,195.1,188.31,172.91,171.5,219.4,238.17,194.96,209.8,193.13,273.49,224.29,231.93,252.44,182.7,208.64,248.7,209.43,235.89,181.82,234.62,211.78,,,,,,,,,,,,
2023-10-16,2023,10,199.11,190.8,172.91,172.37,219.75,237.99,195.29,209.74,196.96,272.19,225.75,231.76,252.5,183.36,208.4,245.9,210.21,236.05,181.72,234.36,211.9,,,,,,,,,,,,
2023-10-23,2023,10,202.19,190.83,172.91,173.41,220.42,238.1,195.95,209.73,199.97,271.48,226.83,231.62,252.5,184.17,208.61,243.11,210.04,235.89,182.27,233.74,213.57,,,,,,,,,,,,
2023-10-30,2023,10,203.49,191.54,172.91,173.19,219.48,238.24,196.88,209.47,203.57,270.74,227.76,231.54,252.5,184.46,208.36,241.1,211.77,235.73,183.07,233.99,212.67,,,,,,,,,,,,
2023-11-06,2023,11,204.66,192.37,172.91,173.65,220.61,238.22,197.4,209.36,208.04,270.28,229.54,231.62,252.5,185.13,208.35,239.09,214.97,235.58,183.7,233.97,211.27,,,,,,,,,,,,
2023-11-13,2023,11,205.67,196.26,172.91,174.16,222.06,237.42,197.93,209.78,213.28,269.37,232.11,231.5,252.5,185.21,208.5,239.87,,235.42,184.75,233.88,210.0,,,,,,,,,,,,
2023-11-20,2023,11,206.75,199.64,172.91,176.75,221.38,,198.37,209.77,219.4,269.14,234.17,231.5,250.88,185.4,208.39,240.65,,235.26,185.44,233.7,207.84,,,,,,,,,,,,
2023-11-27,2023,11,208.01,205.57,172.91,179.1,221.06,236.92,198.85,209.69,225.29,269.21,235.7,231.52,249.2,185.79,209.42,246.29,230.05,235.1,186.41,234.35,208.4,,,,,,,,,,,,
2023-12-04,2023,12,208.93,209.66,172.91,180.9,220.12,237.76,199.27,209.76,230.31,268.07,238.21,231.55,247.52,186.5,,251.92,232.49,234.79,186.86,234.19,210.37,,,,,,,,,,,,
2023-12-11,2023,12,210.44,218.22,172.91,182.91,217.71,239.0,199.96,209.66,235.12,268.06,240.73,231.56,247.52,186.24,,257.56,236.01,234.79,187.76,234.29,210.61,,,,,,,,,,,,
2023-12-18,2023,12,211.28,225.79,172.91,184.85,216.95,,200.7,209.7,239.17,266.05,243.48,231.71,247.52,186.07,211.19,262.42,239.35,234.79,188.38,233.94,213.6,,,,,,,,,,,,
2023-12-25,2023,12,211.54,231.93,172.91,185.37,216.43,,201.1,209.93,241.71,265.74,244.43,231.68,247.41,186.23,210.75,267.28,242.1,234.79,189.12,234.12,213.75,,,,,,,,,,,,
2024-01-01,2024,1,211.69,233.9,172.91,185.06,220.69,244.27,201.39,209.72,243.35,266.13,245.34,231.81,247.29,184.85,209.1,271.39,240.47,234.79,189.92,234.37,212.85,,,,,,,,,,,,
2024-01-08,2024,1,211.31,234.81,172.91,183.56,227.18,245.98,200.81,209.47,244.13,266.45,245.13,231.83,248.34,183.21,207.99,275.51,238.38,234.79,190.44,233.52,212.56,,,,,,,,,,,,
2024-01-15,2024,1,210.26,234.56,172.91,183.03,,246.32,199.83,209.13,244.19,265.14,245.47,231.81,249.4,180.8,205.97,274.77,234.96,234.16,190.73,,210.9,,,,,,,,,,,,
2024-01-22,2024,1,209.67,236.41,172.91,182.47,,246.36,198.24,209.07,243.77,264.46,243.53,,250.45,,204.45,274.02,234.1,,191.71,,207.31,,,,,,,,,,,,
2024-01-29,2024,1,207.82,234.95,172.91,183.33,248.96,246.29,195.64,209.01,242.79,262.56,240.58,,250.0,174.82,202.94,269.5,232.04,,192.03,,203.76,,,,,,,,,,,,
2024-02-05,2024,2,206.14,231.04,172.91,182.2,255.61,246.22,192.5,209.02,241.6,262.85,237.11,230.2,249.54,171.88,201.87,264.97,230.64,,191.71,220.03,198.55,,,,,,,,,,,,
2024-02-12,2024,2,204.21,228.16,,181.52,261.8,246.11,190.19,209.01,240.29,262.11,233.65,230.1,248.97,168.58,201.75,260.44,228.1,226.6,191.67,219.43,196.69,,,,,,,,,,,,
2024-02-19,2024,2,202.8,226.62,,181.62,263.03,246.04,188.3,209.01,239.11,260.66,230.33,227.67,248.41,167.15,202.98,256.66,229.35,224.24,191.46,218.44,194.9,,,,,,,,,,,,
2024-02-26,2024,2,202.55,223.75,172.81,182.27,263.84,246.3,187.86,209.36,238.27,258.18,228.71,225.73,248.29,165.45,202.56,252.87,229.88,221.87,191.09,219.58,193.64,,,,,,,,,,,,
2024-03-04,2024,3,202.82,222.59,172.81,181.8,263.98,246.87,188.53,209.58,237.73,257.32,227.3,225.79,248.18,165.04,204.71,249.09,231.0,220.46,190.66,223.01,193.5,,,,,,,,,,,,
2024-03-11,2024,3,203.16,220.22,172.81,181.39,261.19,247.18,190.43,209.45,237.68,255.59,229.28,226.93,248.06,164.75,205.45,245.3,231.11,219.83,189.98,225.97,194.52,,,,,,,,,,,,
