TIME,year,month,ES_plums,BEL_gdp,ITA_gdp,FRA_gdp,ESP_gdp,IRL_gdp,BEL_inflazione,ITA_inflazione,FRA_inflazione,ESP_inflazione,IRL_inflazione
2004-06-28,2004.0,6.0,160.5,35429.40779333441,31317.20079432963,33797.16244184357,24907.00085058565,47754.202319424396,2.09728311239314,2.20673661423657,2.14208964640241,3.03924881090925,2.19962850718545
2004-07-05,2004.0,7.0,111.0,35429.40779333441,31317.20079432963,33797.16244184357,24907.00085058565,47754.202319424396,2.09728311239314,2.20673661423657,2.14208964640241,3.03924881090925,2.19962850718545
2004-07-12,2004.0,7.0,79.5,35429.40779333441,31317.20079432963,33797.16244184357,24907.00085058565,47754.202319424396,2.09728311239314,2.20673661423657,2.14208964640241,3.03924881090925,2.19962850718545
2004-07-19,2004.0,7.0,81.0,35429.40779333441,31317.20079432963,33797.16244184357,24907.00085058565,47754.202319424396,2.09728311239314,2.20673661423657,2.14208964640241,3.03924881090925,2.19962850718545
2004-07-26,2004.0,7.0,81.0,35429.40779333441,31317.20079432963,33797.16244184357,24907.00085058565,47754.202319424396,2.09728311239314,2.20673661423657,2.14208964640241,3.03924881090925,2.19962850718545
2004-08-02,2004.0,8.0,,35429.40779333441,31317.20079432963,33797.16244184357,24907.00085058565,47754.202319424396,2.09728311239314,2.20673661423657,2.14208964640241,3.03924881090925,2.19962850718545
2004-08-09,2004.0,8.0,,35429.40779333441,31317.20079432963,33797.16244184357,24907.00085058565,47754.202319424396,2.09728311239314,2.20673661423657,2.14208964640241,3.03924881090925,2.19962850718545
2004-08-16,2004.0,8.0,,35429.40779333441,31317.20079432963,33797.16244184357,24907.00085058565,47754.202319424396,2.09728311239314,2.20673661423657,2.14208964640241,3.03924881090925,2.19962850718545
2004-08-23,2004.0,8.0,,35429.40779333441,31317.20079432963,33797.16244184357,24907.00085058565,47754.202319424396,2.09728311239314,2.20673661423657,2.14208964640241,3.03924881090925,2.19962850718545
2004-08-30,2004.0,8.0,,35429.40779333441,31317.20079432963,33797.16244184357,24907.00085058565,47754.202319424396,2.09728311239314,2.20673661423657,2.14208964640241,3.03924881090925,2.19962850718545
2004-09-06,2004.0,9.0,,35429.40779333441,31317.20079432963,33797.16244184357,24907.00085058565,47754.202319424396,2.09728311239314,2.20673661423657,2.14208964640241,3.03924881090925,2.19962850718545
2004-09-13,2004.0,9.0,,35429.40779333441,31317.20079432963,33797.16244184357,24907.00085058565,47754.202319424396,2.09728311239314,2.20673661423657,2.14208964640241,3.03924881090925,2.19962850718545
2004-09-20,2004.0,9.0,,35429.40779333441,31317.20079432963,33797.16244184357,24907.00085058565,47754.202319424396,2.09728311239314,2.20673661423657,2.14208964640241,3.03924881090925,2.19962850718545
2004-09-27,2004.0,9.0,,35429.40779333441,31317.20079432963,33797.16244184357,24907.00085058565,47754.202319424396,2.09728311239314,2.20673661423657,2.14208964640241,3.03924881090925,2.19962850718545
2004-10-04,2004.0,10.0,,35429.40779333441,31317.20079432963,33797.16244184357,24907.00085058565,47754.202319424396,2.09728311239314,2.20673661423657,2.14208964640241,3.03924881090925,2.19962850718545
2004-10-11,2004.0,10.0,,35429.40779333441,31317.20079432963,33797.16244184357,24907.00085058565,47754.202319424396,2.09728311239314,2.20673661423657,2.14208964640241,3.03924881090925,2.19962850718545
2004-10-18,2004.0,10.0,,35429.40779333441,31317.20079432963,33797.16244184357,24907.00085058565,47754.202319424396,2.09728311239314,2.20673661423657,2.14208964640241,3.03924881090925,2.19962850718545
2004-11-15,2004.0,11.0,,35429.40779333441,31317.20079432963,33797.16244184357,24907.00085058565,47754.202319424396,2.09728311239314,2.20673661423657,2.14208964640241,3.03924881090925,2.19962850718545
2004-11-29,2004.0,11.0,,35429.40779333441,31317.20079432963,33797.16244184357,24907.00085058565,47754.202319424396,2.09728311239314,,2.14208964640241,3.03924881090925,2.19962850718545
2005-05-30,,5.0,130.0,,,,,,,,,,
2005-06-06,,6.0,105.0,,,,,,,,,,
2005-06-13,,6.0,105.0,,,,,,,,,,
2005-06-20,,6.0,80.0,,,,,,,,,,
2005-06-27,,6.0,67.5,,,,,,,,,,
2005-07-04,,7.0,60.0,,,,,,,,,,
2005-07-11,,7.0,55.0,,,,,,,,,,
2005-07-18,,7.0,46.5,,,,,,,,,,
2005-07-25,2005.0,7.0,47.5,,32055.092075750315,34768.175903752526,,,,1.9852929852798,,3.36881409750383,
2005-08-01,2005.0,8.0,42.5,36809.70134036188,32055.092075750315,34768.175903752526,26429.150944931913,50933.021609558884,2.78143263670022,1.9852929852798,1.74586936380482,3.36881409750383,2.42969198392957
2005-08-08,2005.0,8.0,40.0,36809.70134036188,32055.092075750315,34768.175903752526,26429.150944931913,50933.021609558884,2.78143263670022,1.9852929852798,1.74586936380482,3.36881409750383,2.42969198392957
2005-08-15,2005.0,8.0,40.0,36809.70134036188,32055.092075750315,34768.175903752526,26429.150944931913,50933.021609558884,2.78143263670022,1.9852929852798,1.74586936380482,3.36881409750383,2.42969198392957
2005-08-22,2005.0,8.0,,36809.70134036188,32055.092075750315,34768.175903752526,26429.150944931913,50933.021609558884,2.78143263670022,1.9852929852798,1.74586936380482,3.36881409750383,2.42969198392957
2005-08-29,2005.0,8.0,,36809.70134036188,32055.092075750315,34768.175903752526,26429.150944931913,50933.021609558884,2.78143263670022,1.9852929852798,1.74586936380482,3.36881409750383,2.42969198392957
2005-09-05,2005.0,9.0,,36809.70134036188,32055.092075750315,34768.175903752526,26429.150944931913,50933.021609558884,2.78143263670022,1.9852929852798,1.74586936380482,3.36881409750383,2.42969198392957
2005-09-12,2005.0,9.0,,36809.70134036188,32055.092075750315,34768.175903752526,26429.150944931913,50933.021609558884,2.78143263670022,1.9852929852798,1.74586936380482,3.36881409750383,2.42969198392957
2005-09-19,2005.0,9.0,,36809.70134036188,32055.092075750315,34768.175903752526,26429.150944931913,50933.021609558884,2.78143263670022,1.9852929852798,1.74586936380482,3.36881409750383,2.42969198392957
2005-09-26,2005.0,9.0,,36809.70134036188,32055.092075750315,34768.175903752526,26429.150944931913,50933.021609558884,2.78143263670022,1.9852929852798,1.74586936380482,3.36881409750383,2.42969198392957
2005-10-03,2005.0,10.0,,36809.70134036188,32055.092075750315,34768.175903752526,26429.150944931913,50933.021609558884,2.78143263670022,1.9852929852798,1.74586936380482,3.36881409750383,2.42969198392957
2005-10-10,2005.0,10.0,,36809.70134036188,32055.092075750315,34768.175903752526,26429.150944931913,50933.021609558884,2.78143263670022,1.9852929852798,1.74586936380482,3.36881409750383,2.42969198392957
2005-10-17,2005.0,10.0,,36809.70134036188,32055.092075750315,34768.175903752526,26429.150944931913,50933.021609558884,2.78143263670022,1.9852929852798,1.74586936380482,3.36881409750383,2.42969198392957
2005-10-24,2005.0,10.0,,36809.70134036188,32055.092075750315,34768.175903752526,26429.150944931913,50933.021609558884,,1.9852929852798,1.74586936380482,3.36881409750383,2.42969198392957
2006-05-22,,5.0,,,,,,,,,,,
2006-05-29,,5.0,90.0,,,,,,,,,,
2006-06-05,,6.0,87.0,,,,,,,,,,
2006-06-12,,6.0,87.5,,,,,,,,,,
2006-06-19,,6.0,85.0,,,,,,,,,,
2006-06-26,,6.0,80.0,,,,,,,,,,
2006-07-03,,7.0,77.5,,,,,,,,,,
2006-07-10,,7.0,,,,,,,,,,,
2006-07-17,2006.0,7.0,,,33529.72660143614,36470.212839931344,28389.078579987294,,1.7912077007046,2.09084391012754,,,3.9316398954053
2006-07-24,2006.0,7.0,,38705.10679591471,33529.72660143614,36470.212839931344,28389.078579987294,54329.16185996238,1.7912077007046,2.09084391012754,1.67512449608723,3.51557576832128,3.9316398954053
2006-07-31,2006.0,7.0,,38705.10679591471,33529.72660143614,36470.212839931344,28389.078579987294,54329.16185996238,1.7912077007046,2.09084391012754,1.67512449608723,3.51557576832128,3.9316398954053
2006-08-07,2006.0,8.0,,38705.10679591471,33529.72660143614,36470.212839931344,28389.078579987294,54329.16185996238,1.7912077007046,2.09084391012754,1.67512449608723,3.51557576832128,3.9316398954053
2006-08-14,2006.0,8.0,,38705.10679591471,33529.72660143614,36470.212839931344,28389.078579987294,54329.16185996238,1.7912077007046,2.09084391012754,1.67512449608723,3.51557576832128,3.9316398954053
2006-08-21,2006.0,8.0,,38705.10679591471,33529.72660143614,36470.212839931344,28389.078579987294,54329.16185996238,1.7912077007046,2.09084391012754,1.67512449608723,3.51557576832128,3.9316398954053
2006-08-28,2006.0,8.0,,38705.10679591471,33529.72660143614,36470.212839931344,28389.078579987294,54329.16185996238,1.7912077007046,2.09084391012754,1.67512449608723,3.51557576832128,3.9316398954053
2006-09-04,2006.0,9.0,,38705.10679591471,33529.72660143614,36470.212839931344,28389.078579987294,54329.16185996238,1.7912077007046,2.09084391012754,1.67512449608723,3.51557576832128,3.9316398954053
2006-09-11,2006.0,9.0,,38705.10679591471,33529.72660143614,36470.212839931344,28389.078579987294,54329.16185996238,1.7912077007046,2.09084391012754,1.67512449608723,3.51557576832128,3.9316398954053
2006-09-18,2006.0,9.0,,38705.10679591471,33529.72660143614,36470.212839931344,28389.078579987294,54329.16185996238,1.7912077007046,2.09084391012754,1.67512449608723,3.51557576832128,3.9316398954053
2006-09-25,2006.0,9.0,,38705.10679591471,33529.72660143614,36470.212839931344,28389.078579987294,54329.16185996238,1.7912077007046,2.09084391012754,1.67512449608723,3.51557576832128,3.9316398954053
2006-10-02,2006.0,10.0,,38705.10679591471,33529.72660143614,36470.212839931344,28389.078579987294,54329.16185996238,1.7912077007046,2.09084391012754,1.67512449608723,3.51557576832128,3.9316398954053
2006-10-09,2006.0,10.0,,38705.10679591471,33529.72660143614,36470.212839931344,28389.078579987294,54329.16185996238,1.7912077007046,2.09084391012754,1.67512449608723,3.51557576832128,3.9316398954053
2006-10-16,2006.0,10.0,,38705.10679591471,33529.72660143614,36470.212839931344,28389.078579987294,54329.16185996238,1.7912077007046,2.09084391012754,1.67512449608723,3.51557576832128,3.9316398954053
2006-10-23,2006.0,10.0,,38705.10679591471,33529.72660143614,36470.212839931344,28389.078579987294,54329.16185996238,1.7912077007046,2.09084391012754,1.67512449608723,3.51557576832128,3.9316398954053
2006-10-30,2006.0,10.0,,38705.10679591471,33529.72660143614,36470.212839931344,28389.078579987294,54329.16185996238,1.7912077007046,2.09084391012754,1.67512449608723,3.51557576832128,3.9316398954053
2006-11-06,2006.0,11.0,,38705.10679591471,33529.72660143614,36470.212839931344,28389.078579987294,54329.16185996238,1.7912077007046,2.09084391012754,1.67512449608723,3.51557576832128,3.9316398954053
2006-11-13,2006.0,11.0,,38705.10679591471,33529.72660143614,36470.212839931344,28389.078579987294,54329.16185996238,1.7912077007046,2.09084391012754,1.67512449608723,3.51557576832128,3.9316398954053
2006-11-20,2006.0,,,38705.10679591471,33529.72660143614,36470.212839931344,28389.078579987294,54329.16185996238,1.7912077007046,2.09084391012754,1.67512449608723,3.51557576832128,3.9316398954053
2007-01-15,,,,,,,,,,,,,
2007-05-28,,,155.91,,,,,,,,,,
2007-06-04,,,130.0,,,,,,,,,,
2007-06-11,,,130.0,,,,,,,,,,
2007-06-18,,,110.0,,,,,,,,,,
2007-06-25,,,99.1,,,,,,,,,,
2007-07-02,,7.0,104.09,,,,,,,,,,
2007-07-09,,7.0,87.78,,,,,,,,,,
2007-07-16,2007.0,7.0,86.88,44319.16544881302,37870.74750709694,41557.62356481789,,,,1.82974112202403,1.4879980595386,,
2007-07-23,2007.0,7.0,85.0,44319.16544881302,37870.74750709694,41557.62356481789,32591.350306587105,61396.417461175995,1.82305630026808,1.82974112202403,1.4879980595386,2.78679745804946,4.89711564381345
2007-07-30,2007.0,7.0,55.34,44319.16544881302,37870.74750709694,41557.62356481789,32591.350306587105,61396.417461175995,1.82305630026808,1.82974112202403,1.4879980595386,2.78679745804946,4.89711564381345
2007-08-06,2007.0,,,44319.16544881302,37870.74750709694,41557.62356481789,32591.350306587105,61396.417461175995,1.82305630026808,1.82974112202403,1.4879980595386,2.78679745804946,4.89711564381345
2007-08-13,2007.0,,,44319.16544881302,37870.74750709694,41557.62356481789,32591.350306587105,61396.417461175995,1.82305630026808,1.82974112202403,1.4879980595386,2.78679745804946,4.89711564381345
2007-08-20,2007.0,,,44319.16544881302,37870.74750709694,41557.62356481789,32591.350306587105,61396.417461175995,1.82305630026808,1.82974112202403,1.4879980595386,2.78679745804946,4.89711564381345
2007-08-27,2007.0,,,44319.16544881302,37870.74750709694,41557.62356481789,32591.350306587105,61396.417461175995,1.82305630026808,1.82974112202403,1.4879980595386,2.78679745804946,4.89711564381345
2007-09-03,2007.0,,60.0,44319.16544881302,37870.74750709694,41557.62356481789,32591.350306587105,61396.417461175995,1.82305630026808,1.82974112202403,1.4879980595386,2.78679745804946,4.89711564381345
2007-09-10,2007.0,,,44319.16544881302,37870.74750709694,41557.62356481789,32591.350306587105,61396.417461175995,1.82305630026808,1.82974112202403,1.4879980595386,2.78679745804946,4.89711564381345
2007-09-17,2007.0,,,44319.16544881302,37870.74750709694,41557.62356481789,32591.350306587105,61396.417461175995,1.82305630026808,1.82974112202403,1.4879980595386,2.78679745804946,4.89711564381345
2007-09-24,2007.0,,,44319.16544881302,37870.74750709694,41557.62356481789,32591.350306587105,61396.417461175995,1.82305630026808,1.82974112202403,1.4879980595386,2.78679745804946,4.89711564381345
2007-10-01,2007.0,10.0,,44319.16544881302,37870.74750709694,41557.62356481789,32591.350306587105,61396.417461175995,1.82305630026808,1.82974112202403,1.4879980595386,2.78679745804946,4.89711564381345
2007-10-08,2007.0,10.0,,44319.16544881302,37870.74750709694,41557.62356481789,32591.350306587105,61396.417461175995,1.82305630026808,1.82974112202403,1.4879980595386,2.78679745804946,4.89711564381345
2007-10-15,2007.0,10.0,,44319.16544881302,37870.74750709694,41557.62356481789,32591.350306587105,61396.417461175995,1.82305630026808,1.82974112202403,1.4879980595386,2.78679745804946,4.89711564381345
2007-10-22,2007.0,10.0,,44319.16544881302,37870.74750709694,41557.62356481789,32591.350306587105,61396.417461175995,1.82305630026808,1.82974112202403,1.4879980595386,2.78679745804946,4.89711564381345
2007-11-05,2007.0,,,44319.16544881302,37870.74750709694,41557.62356481789,32591.350306587105,61396.417461175995,1.82305630026808,,1.4879980595386,2.78679745804946,4.89711564381345
2008-05-19,,,,,,,,,,,,,
2008-05-26,,,120.0,,,,,,,,,,
2008-06-02,,,112.5,,,,,,,,,,
2008-06-09,,,107.5,,,,,,,,,,
2008-06-16,,,108.91,,,,,,,,,,
2008-06-23,,,95.0,,,,,,,,,,
2008-06-30,,,95.0,,,,,,,,,,
2008-07-07,,7.0,,,,,,,,,,,
2008-07-14,2008.0,7.0,,,40944.91241946783,45515.96175334728,35510.72223127011,,4.48944420508401,3.34783258401022,2.81286194914787,4.07534335957339,4.06030495117365
2008-07-21,2008.0,7.0,100.0,48303.397956285975,40944.91241946783,45515.96175334728,35510.72223127011,61353.10656295232,4.48944420508401,3.34783258401022,2.81286194914787,4.07534335957339,4.06030495117365
2008-07-28,2008.0,7.0,110.0,48303.397956285975,40944.91241946783,45515.96175334728,35510.72223127011,61353.10656295232,4.48944420508401,3.34783258401022,2.81286194914787,4.07534335957339,4.06030495117365
2008-08-04,2008.0,,107.5,48303.397956285975,40944.91241946783,45515.96175334728,35510.72223127011,61353.10656295232,4.48944420508401,3.34783258401022,2.81286194914787,4.07534335957339,4.06030495117365
2008-08-11,2008.0,,107.5,48303.397956285975,40944.91241946783,45515.96175334728,35510.72223127011,61353.10656295232,4.48944420508401,3.34783258401022,2.81286194914787,4.07534335957339,4.06030495117365
2008-08-18,2008.0,,90.0,48303.397956285975,40944.91241946783,45515.96175334728,35510.72223127011,61353.10656295232,4.48944420508401,3.34783258401022,2.81286194914787,4.07534335957339,4.06030495117365
2008-08-25,2008.0,,101.54,48303.397956285975,40944.91241946783,45515.96175334728,35510.72223127011,61353.10656295232,4.48944420508401,3.34783258401022,2.81286194914787,4.07534335957339,4.06030495117365
2008-09-01,2008.0,,105.0,48303.397956285975,40944.91241946783,45515.96175334728,35510.72223127011,61353.10656295232,4.48944420508401,3.34783258401022,2.81286194914787,4.07534335957339,4.06030495117365
2008-09-08,2008.0,,,48303.397956285975,40944.91241946783,45515.96175334728,35510.72223127011,61353.10656295232,4.48944420508401,3.34783258401022,2.81286194914787,4.07534335957339,4.06030495117365
2008-09-15,2008.0,,,48303.397956285975,40944.91241946783,45515.96175334728,35510.72223127011,61353.10656295232,4.48944420508401,3.34783258401022,2.81286194914787,4.07534335957339,4.06030495117365
2008-09-22,2008.0,,,48303.397956285975,40944.91241946783,45515.96175334728,35510.72223127011,61353.10656295232,4.48944420508401,3.34783258401022,2.81286194914787,4.07534335957339,4.06030495117365
2008-09-29,2008.0,,,48303.397956285975,40944.91241946783,45515.96175334728,35510.72223127011,61353.10656295232,4.48944420508401,3.34783258401022,2.81286194914787,4.07534335957339,4.06030495117365
2008-10-06,2008.0,10.0,,48303.397956285975,40944.91241946783,45515.96175334728,35510.72223127011,61353.10656295232,4.48944420508401,3.34783258401022,2.81286194914787,4.07534335957339,4.06030495117365
2008-10-13,2008.0,10.0,,48303.397956285975,40944.91241946783,45515.96175334728,35510.72223127011,61353.10656295232,4.48944420508401,3.34783258401022,2.81286194914787,4.07534335957339,4.06030495117365
2008-10-20,2008.0,10.0,,48303.397956285975,40944.91241946783,45515.96175334728,35510.72223127011,61353.10656295232,4.48944420508401,3.34783258401022,2.81286194914787,4.07534335957339,4.06030495117365
2008-10-27,2008.0,10.0,,48303.397956285975,40944.91241946783,45515.96175334728,35510.72223127011,61353.10656295232,,,2.81286194914787,4.07534335957339,4.06030495117365
2009-05-18,,,165.0,,,,,,,,,,
2009-05-25,,,155.0,,,,,,,,,,
2009-06-01,,,110.0,,,,,,,,,,
2009-06-08,,,95.65,,,,,,,,,,
2009-06-15,,,,,,,,,,,,,
2009-06-22,,,,,,,,,,,,,
2009-06-29,,,78.5,,,,,,,,,,
2009-07-06,,,85.0,,,,,,,,,,
2009-07-13,2009.0,7.0,75.0,,37226.75719354016,,,52133.09061625439,-0.0531456741253769,0.774768131387381,0.0876204781574552,,-4.4781033915048
2009-07-20,2009.0,7.0,80.0,44760.29124437094,37226.75719354016,41737.76355181374,32169.502854858267,52133.09061625439,-0.0531456741253769,0.774768131387381,0.0876204781574552,-0.28781308353524,-4.4781033915048
2009-07-27,2009.0,7.0,70.0,44760.29124437094,37226.75719354016,41737.76355181374,32169.502854858267,52133.09061625439,-0.0531456741253769,0.774768131387381,0.0876204781574552,-0.28781308353524,-4.4781033915048
2009-08-03,2009.0,8.0,66.98,44760.29124437094,37226.75719354016,41737.76355181374,32169.502854858267,52133.09061625439,-0.0531456741253769,0.774768131387381,0.0876204781574552,-0.28781308353524,-4.4781033915048
2009-08-10,2009.0,8.0,76.75,44760.29124437094,37226.75719354016,41737.76355181374,32169.502854858267,52133.09061625439,-0.0531456741253769,0.774768131387381,0.0876204781574552,-0.28781308353524,-4.4781033915048
2009-08-17,2009.0,8.0,76.75,44760.29124437094,37226.75719354016,41737.76355181374,32169.502854858267,52133.09061625439,-0.0531456741253769,0.774768131387381,0.0876204781574552,-0.28781308353524,-4.4781033915048
2009-08-24,2009.0,8.0,80.0,44760.29124437094,37226.75719354016,41737.76355181374,32169.502854858267,52133.09061625439,-0.0531456741253769,0.774768131387381,0.0876204781574552,-0.28781308353524,-4.4781033915048
2009-08-31,2009.0,8.0,72.94,44760.29124437094,37226.75719354016,41737.76355181374,32169.502854858267,52133.09061625439,-0.0531456741253769,0.774768131387381,0.0876204781574552,-0.28781308353524,-4.4781033915048
2009-09-07,2009.0,9.0,71.89,44760.29124437094,37226.75719354016,41737.76355181374,32169.502854858267,52133.09061625439,-0.0531456741253769,0.774768131387381,0.0876204781574552,-0.28781308353524,-4.4781033915048
2009-09-14,2009.0,9.0,75.0,44760.29124437094,37226.75719354016,41737.76355181374,32169.502854858267,52133.09061625439,-0.0531456741253769,0.774768131387381,0.0876204781574552,-0.28781308353524,-4.4781033915048
2009-09-21,2009.0,9.0,,44760.29124437094,37226.75719354016,41737.76355181374,32169.502854858267,52133.09061625439,-0.0531456741253769,0.774768131387381,0.0876204781574552,-0.28781308353524,-4.4781033915048
2009-09-28,2009.0,9.0,,44760.29124437094,37226.75719354016,41737.76355181374,32169.502854858267,52133.09061625439,-0.0531456741253769,0.774768131387381,0.0876204781574552,-0.28781308353524,-4.4781033915048
2009-10-05,2009.0,10.0,,44760.29124437094,37226.75719354016,41737.76355181374,32169.502854858267,52133.09061625439,-0.0531456741253769,0.774768131387381,0.0876204781574552,-0.28781308353524,-4.4781033915048
2009-10-12,2009.0,10.0,,44760.29124437094,37226.75719354016,41737.76355181374,32169.502854858267,52133.09061625439,-0.0531456741253769,0.774768131387381,0.0876204781574552,-0.28781308353524,-4.4781033915048
2009-10-19,2009.0,10.0,,44760.29124437094,37226.75719354016,41737.76355181374,32169.502854858267,52133.09061625439,-0.0531456741253769,0.774768131387381,0.0876204781574552,-0.28781308353524,-4.4781033915048
2009-10-26,2009.0,10.0,,44760.29124437094,37226.75719354016,41737.76355181374,32169.502854858267,52133.09061625439,-0.0531456741253769,0.774768131387381,0.0876204781574552,-0.28781308353524,-4.4781033915048
2009-11-02,2009.0,11.0,,44760.29124437094,37226.75719354016,41737.76355181374,32169.502854858267,52133.09061625439,,0.774768131387381,0.0876204781574552,,
2010-05-31,,5.0,,,,,,,,,,,
2010-06-07,,6.0,150.0,,,,,,,,,,
2010-06-14,,6.0,145.0,,,,,,,,,,
2010-06-21,,6.0,130.0,,,,,,,,,,
2010-06-28,,6.0,130.0,,,,,,,,,,
2010-07-05,,7.0,,,,,,,,,,,
2010-07-12,,7.0,97.15,,,,,,,,,,
2010-07-19,,7.0,91.2,,,,,,,,,,
2010-07-26,2010.0,7.0,89.0,44184.94635396398,36035.64499506905,40676.06479131811,30532.480508165587,48663.60044392506,2.18929920422457,,1.53112270420926,1.79986457728769,-0.92209582902454
2010-08-02,2010.0,8.0,86.5,44184.94635396398,36035.64499506905,40676.06479131811,30532.480508165587,48663.60044392506,2.18929920422457,1.52551602118248,1.53112270420926,1.79986457728769,-0.92209582902454
2010-08-09,2010.0,8.0,86.5,44184.94635396398,36035.64499506905,40676.06479131811,30532.480508165587,48663.60044392506,2.18929920422457,1.52551602118248,1.53112270420926,1.79986457728769,-0.92209582902454
2010-08-16,2010.0,8.0,,44184.94635396398,36035.64499506905,40676.06479131811,30532.480508165587,48663.60044392506,2.18929920422457,1.52551602118248,1.53112270420926,1.79986457728769,-0.92209582902454
2010-08-23,2010.0,8.0,,44184.94635396398,36035.64499506905,40676.06479131811,30532.480508165587,48663.60044392506,2.18929920422457,1.52551602118248,1.53112270420926,1.79986457728769,-0.92209582902454
2010-08-30,2010.0,8.0,,44184.94635396398,36035.64499506905,40676.06479131811,30532.480508165587,48663.60044392506,2.18929920422457,1.52551602118248,1.53112270420926,1.79986457728769,-0.92209582902454
2010-09-06,2010.0,9.0,,44184.94635396398,36035.64499506905,40676.06479131811,30532.480508165587,48663.60044392506,2.18929920422457,1.52551602118248,1.53112270420926,1.79986457728769,-0.92209582902454
2010-09-13,2010.0,9.0,,44184.94635396398,36035.64499506905,40676.06479131811,30532.480508165587,48663.60044392506,2.18929920422457,1.52551602118248,1.53112270420926,1.79986457728769,-0.92209582902454
2010-09-20,2010.0,9.0,,44184.94635396398,36035.64499506905,40676.06479131811,30532.480508165587,48663.60044392506,2.18929920422457,1.52551602118248,1.53112270420926,1.79986457728769,-0.92209582902454
2010-09-27,2010.0,9.0,,44184.94635396398,36035.64499506905,40676.06479131811,30532.480508165587,48663.60044392506,2.18929920422457,1.52551602118248,1.53112270420926,1.79986457728769,-0.92209582902454
2010-10-04,2010.0,10.0,,44184.94635396398,36035.64499506905,40676.06479131811,30532.480508165587,48663.60044392506,2.18929920422457,1.52551602118248,1.53112270420926,1.79986457728769,-0.92209582902454
2010-10-11,2010.0,10.0,,44184.94635396398,36035.64499506905,40676.06479131811,30532.480508165587,48663.60044392506,2.18929920422457,1.52551602118248,1.53112270420926,1.79986457728769,-0.92209582902454
2010-10-18,2010.0,10.0,,44184.94635396398,36035.64499506905,40676.06479131811,30532.480508165587,48663.60044392506,2.18929920422457,1.52551602118248,1.53112270420926,1.79986457728769,-0.92209582902454
2010-10-25,2010.0,10.0,,44184.94635396398,36035.64499506905,40676.06479131811,30532.480508165587,48663.60044392506,2.18929920422457,1.52551602118248,1.53112270420926,1.79986457728769,-0.92209582902454
2010-11-01,2010.0,11.0,,44184.94635396398,36035.64499506905,40676.06479131811,30532.480508165587,48663.60044392506,2.18929920422457,1.52551602118248,1.53112270420926,1.79986457728769,-0.92209582902454
2010-11-08,2010.0,,,44184.94635396398,36035.64499506905,40676.06479131811,30532.480508165587,48663.60044392506,2.18929920422457,1.52551602118248,1.53112270420926,1.79986457728769,-0.92209582902454
2010-11-15,2010.0,,,44184.94635396398,36035.64499506905,40676.06479131811,30532.480508165587,48663.60044392506,2.18929920422457,,1.53112270420926,1.79986457728769,-0.92209582902454
2011-05-23,,,133.0,,,,,,,,,,
2011-05-30,,5.0,135.0,,,,,,,,,,
2011-06-06,,6.0,103.0,,,,,,,,,,
2011-06-13,,6.0,103.0,,,,,,,,,,
2011-06-20,,6.0,103.0,,,,,,,,,,
2011-06-27,,6.0,,,,,,,,,,,
2011-07-04,,7.0,,,,,,,,,,,
2011-07-11,,7.0,,,,,,,,,,,
2011-07-18,2011.0,7.0,,47410.56692774637,38649.63948367892,43846.46607647981,31677.90030836517,52219.705732758106,3.53208210722742,2.78063272879323,,3.1961018883379,2.5571888318692
2011-07-25,2011.0,7.0,80.0,47410.56692774637,38649.63948367892,43846.46607647981,31677.90030836517,52219.705732758106,3.53208210722742,2.78063272879323,2.11159795174994,3.1961018883379,2.5571888318692
2011-08-01,2011.0,8.0,70.0,47410.56692774637,38649.63948367892,43846.46607647981,31677.90030836517,52219.705732758106,3.53208210722742,2.78063272879323,2.11159795174994,3.1961018883379,2.5571888318692
2011-08-08,2011.0,8.0,70.0,47410.56692774637,38649.63948367892,43846.46607647981,31677.90030836517,52219.705732758106,3.53208210722742,2.78063272879323,2.11159795174994,3.1961018883379,2.5571888318692
2011-08-15,2011.0,8.0,72.13,47410.56692774637,38649.63948367892,43846.46607647981,31677.90030836517,52219.705732758106,3.53208210722742,2.78063272879323,2.11159795174994,3.1961018883379,2.5571888318692
2011-08-22,2011.0,8.0,,47410.56692774637,38649.63948367892,43846.46607647981,31677.90030836517,52219.705732758106,3.53208210722742,2.78063272879323,2.11159795174994,3.1961018883379,2.5571888318692
2011-08-29,2011.0,8.0,,47410.56692774637,38649.63948367892,43846.46607647981,31677.90030836517,52219.705732758106,3.53208210722742,2.78063272879323,2.11159795174994,3.1961018883379,2.5571888318692
2011-09-05,2011.0,9.0,,47410.56692774637,38649.63948367892,43846.46607647981,31677.90030836517,52219.705732758106,3.53208210722742,2.78063272879323,2.11159795174994,3.1961018883379,2.5571888318692
2011-09-12,2011.0,9.0,,47410.56692774637,38649.63948367892,43846.46607647981,31677.90030836517,52219.705732758106,3.53208210722742,2.78063272879323,2.11159795174994,3.1961018883379,2.5571888318692
2011-09-19,2011.0,9.0,,47410.56692774637,38649.63948367892,43846.46607647981,31677.90030836517,52219.705732758106,3.53208210722742,2.78063272879323,2.11159795174994,3.1961018883379,2.5571888318692
2011-09-26,2011.0,9.0,,47410.56692774637,38649.63948367892,43846.46607647981,31677.90030836517,52219.705732758106,3.53208210722742,2.78063272879323,2.11159795174994,3.1961018883379,2.5571888318692
2011-10-03,2011.0,10.0,,47410.56692774637,38649.63948367892,43846.46607647981,31677.90030836517,52219.705732758106,3.53208210722742,2.78063272879323,2.11159795174994,3.1961018883379,2.5571888318692
2011-10-10,2011.0,10.0,,47410.56692774637,38649.63948367892,43846.46607647981,31677.90030836517,52219.705732758106,3.53208210722742,2.78063272879323,2.11159795174994,3.1961018883379,2.5571888318692
2011-10-17,2011.0,10.0,,47410.56692774637,38649.63948367892,43846.46607647981,31677.90030836517,52219.705732758106,3.53208210722742,2.78063272879323,2.11159795174994,3.1961018883379,2.5571888318692
2011-10-24,2011.0,10.0,,47410.56692774637,38649.63948367892,43846.46607647981,31677.90030836517,52219.705732758106,3.53208210722742,2.78063272879323,2.11159795174994,3.1961018883379,2.5571888318692
2012-06-04,,6.0,,,,,,,,,,,
2012-06-11,,6.0,,,,,,,,,,,
2012-06-18,,6.0,,,,,,,,,,,
2012-06-25,,6.0,,,,,,,,,,,
2012-07-02,,7.0,,,,,,,,,,,
2012-07-09,,7.0,85.0,,,,,,,,,,
2012-07-23,,7.0,,,,,,,,,,,
2012-07-30,,7.0,85.0,,,,,,,,,,
2012-08-06,2012.0,8.0,85.0,44670.56068451006,35051.52126977026,40870.85236457343,,48943.82064595608,2.83966343445899,3.04136333226775,1.9541953161351,2.44612782366809,
2012-08-13,2012.0,8.0,85.0,44670.56068451006,35051.52126977026,40870.85236457343,28322.946592327575,48943.82064595608,2.83966343445899,3.04136333226775,1.9541953161351,2.44612782366809,1.69620897294548
2012-08-20,2012.0,8.0,85.0,44670.56068451006,35051.52126977026,40870.85236457343,28322.946592327575,48943.82064595608,2.83966343445899,3.04136333226775,1.9541953161351,2.44612782366809,1.69620897294548
2012-08-27,2012.0,8.0,85.0,44670.56068451006,35051.52126977026,40870.85236457343,28322.946592327575,48943.82064595608,2.83966343445899,3.04136333226775,1.9541953161351,2.44612782366809,1.69620897294548
2012-09-03,2012.0,9.0,85.0,44670.56068451006,35051.52126977026,40870.85236457343,28322.946592327575,48943.82064595608,2.83966343445899,3.04136333226775,1.9541953161351,2.44612782366809,1.69620897294548
2012-09-10,2012.0,9.0,85.0,44670.56068451006,35051.52126977026,40870.85236457343,28322.946592327575,48943.82064595608,2.83966343445899,3.04136333226775,1.9541953161351,2.44612782366809,1.69620897294548
2012-09-17,2012.0,9.0,85.0,44670.56068451006,35051.52126977026,40870.85236457343,28322.946592327575,48943.82064595608,2.83966343445899,3.04136333226775,1.9541953161351,2.44612782366809,1.69620897294548
2012-09-24,2012.0,9.0,85.0,44670.56068451006,35051.52126977026,40870.85236457343,28322.946592327575,48943.82064595608,2.83966343445899,3.04136333226775,1.9541953161351,2.44612782366809,1.69620897294548
2012-10-01,2012.0,10.0,,44670.56068451006,35051.52126977026,40870.85236457343,28322.946592327575,48943.82064595608,2.83966343445899,3.04136333226775,1.9541953161351,2.44612782366809,1.69620897294548
2012-10-08,2012.0,10.0,,44670.56068451006,35051.52126977026,40870.85236457343,28322.946592327575,48943.82064595608,2.83966343445899,3.04136333226775,1.9541953161351,2.44612782366809,1.69620897294548
2012-10-15,2012.0,10.0,,44670.56068451006,35051.52126977026,40870.85236457343,28322.946592327575,48943.82064595608,2.83966343445899,3.04136333226775,1.9541953161351,2.44612782366809,1.69620897294548
2012-10-22,2012.0,10.0,,44670.56068451006,35051.52126977026,40870.85236457343,28322.946592327575,48943.82064595608,2.83966343445899,3.04136333226775,1.9541953161351,2.44612782366809,1.69620897294548
2013-05-27,,5.0,,,,,,,,,,,
2013-06-03,,6.0,,,,,,,,,,,
2013-06-10,,6.0,,,,,,,,,,,
2013-06-17,,6.0,,,,,,,,,,,
2013-06-24,,6.0,104.62,,,,,,,,,,
2013-07-01,,7.0,134.35,,,,,,,,,,
2013-07-08,,7.0,130.0,,,,,,,,,,
2013-07-15,,7.0,110.38,,,,,,,,,,
2013-07-22,2013.0,7.0,,46757.951855959756,,,29077.182055756333,,,,0.863715497861805,,0.508714869485475
2013-07-29,2013.0,7.0,111.36,46757.951855959756,35560.08140622885,42602.71796526674,29077.182055756333,51496.96168506609,1.1130959402754,1.21999342274306,0.863715497861805,1.40858109183019,0.508714869485475
2013-08-05,2013.0,8.0,105.0,46757.951855959756,35560.08140622885,42602.71796526674,29077.182055756333,51496.96168506609,1.1130959402754,1.21999342274306,0.863715497861805,1.40858109183019,0.508714869485475
2013-08-12,2013.0,8.0,115.0,46757.951855959756,35560.08140622885,42602.71796526674,29077.182055756333,51496.96168506609,1.1130959402754,1.21999342274306,0.863715497861805,1.40858109183019,0.508714869485475
2013-08-19,2013.0,8.0,115.0,46757.951855959756,35560.08140622885,42602.71796526674,29077.182055756333,51496.96168506609,1.1130959402754,1.21999342274306,0.863715497861805,1.40858109183019,0.508714869485475
2013-08-26,2013.0,8.0,114.0,46757.951855959756,35560.08140622885,42602.71796526674,29077.182055756333,51496.96168506609,1.1130959402754,1.21999342274306,0.863715497861805,1.40858109183019,0.508714869485475
2013-09-02,2013.0,9.0,,46757.951855959756,35560.08140622885,42602.71796526674,29077.182055756333,51496.96168506609,1.1130959402754,1.21999342274306,0.863715497861805,1.40858109183019,0.508714869485475
2013-09-09,2013.0,9.0,,46757.951855959756,35560.08140622885,42602.71796526674,29077.182055756333,51496.96168506609,1.1130959402754,1.21999342274306,0.863715497861805,1.40858109183019,0.508714869485475
2013-09-16,2013.0,9.0,,46757.951855959756,35560.08140622885,42602.71796526674,29077.182055756333,51496.96168506609,1.1130959402754,1.21999342274306,0.863715497861805,1.40858109183019,0.508714869485475
2013-09-23,2013.0,9.0,,46757.951855959756,35560.08140622885,42602.71796526674,29077.182055756333,51496.96168506609,1.1130959402754,1.21999342274306,0.863715497861805,1.40858109183019,0.508714869485475
2013-09-30,2013.0,9.0,,46757.951855959756,35560.08140622885,42602.71796526674,29077.182055756333,51496.96168506609,1.1130959402754,1.21999342274306,0.863715497861805,1.40858109183019,0.508714869485475
2013-10-07,2013.0,10.0,,46757.951855959756,35560.08140622885,42602.71796526674,29077.182055756333,51496.96168506609,1.1130959402754,1.21999342274306,0.863715497861805,1.40858109183019,0.508714869485475
2013-10-14,2013.0,10.0,,46757.951855959756,35560.08140622885,42602.71796526674,29077.182055756333,51496.96168506609,1.1130959402754,1.21999342274306,0.863715497861805,1.40858109183019,0.508714869485475
2013-10-21,2013.0,10.0,,46757.951855959756,35560.08140622885,42602.71796526674,29077.182055756333,51496.96168506609,1.1130959402754,1.21999342274306,0.863715497861805,1.40858109183019,0.508714869485475
2013-10-28,2013.0,10.0,,46757.951855959756,35560.08140622885,42602.71796526674,29077.182055756333,51496.96168506609,1.1130959402754,1.21999342274306,0.863715497861805,1.40858109183019,0.508714869485475
2013-11-04,2013.0,11.0,,46757.951855959756,35560.08140622885,42602.71796526674,29077.182055756333,51496.96168506609,1.1130959402754,1.21999342274306,0.863715497861805,1.40858109183019,0.508714869485475
2013-11-11,2013.0,,,46757.951855959756,35560.08140622885,42602.71796526674,29077.182055756333,51496.96168506609,1.1130959402754,1.21999342274306,0.863715497861805,1.40858109183019,0.508714869485475
2013-11-18,2013.0,,,46757.951855959756,35560.08140622885,42602.71796526674,29077.182055756333,51496.96168506609,1.1130959402754,1.21999342274306,0.863715497861805,1.40858109183019,0.508714869485475
2014-05-19,,,148.76,,,,,,,,,,
2014-05-26,,5.0,,,,,,,,,,,
2014-06-02,,6.0,114.05,,,,,,,,,,
2014-06-09,,6.0,86.78,,,,,,,,,,
2014-06-16,,6.0,75.01,,,,,,,,,,
2014-06-23,,6.0,86.47,,,,,,,,,,
2014-06-30,,6.0,89.86,,,,,,,,,,
2014-07-07,,7.0,79.79,,,,,,,,,,
2014-07-14,2014.0,7.0,75.0,47764.07151208328,35565.721377149624,43068.548724173925,29513.651180040484,,,0.241047429826756,0.50775882293799,-0.151114837527235,0.182542316627901
2014-07-21,2014.0,7.0,65.0,47764.07151208328,35565.721377149624,43068.548724173925,29513.651180040484,55752.764983813126,0.340002833356922,0.241047429826756,0.50775882293799,-0.151114837527235,0.182542316627901
2014-07-28,2014.0,7.0,65.0,47764.07151208328,35565.721377149624,43068.548724173925,29513.651180040484,55752.764983813126,0.340002833356922,0.241047429826756,0.50775882293799,-0.151114837527235,0.182542316627901
2014-08-04,2014.0,8.0,75.0,47764.07151208328,35565.721377149624,43068.548724173925,29513.651180040484,55752.764983813126,0.340002833356922,0.241047429826756,0.50775882293799,-0.151114837527235,0.182542316627901
2014-08-11,2014.0,8.0,75.0,47764.07151208328,35565.721377149624,43068.548724173925,29513.651180040484,55752.764983813126,0.340002833356922,0.241047429826756,0.50775882293799,-0.151114837527235,0.182542316627901
2014-08-18,2014.0,8.0,66.0,47764.07151208328,35565.721377149624,43068.548724173925,29513.651180040484,55752.764983813126,0.340002833356922,0.241047429826756,0.50775882293799,-0.151114837527235,0.182542316627901
2014-08-25,2014.0,8.0,60.0,47764.07151208328,35565.721377149624,43068.548724173925,29513.651180040484,55752.764983813126,0.340002833356922,0.241047429826756,0.50775882293799,-0.151114837527235,0.182542316627901
2014-09-01,2014.0,9.0,,47764.07151208328,35565.721377149624,43068.548724173925,29513.651180040484,55752.764983813126,0.340002833356922,0.241047429826756,0.50775882293799,-0.151114837527235,0.182542316627901
2014-09-08,2014.0,9.0,,47764.07151208328,35565.721377149624,43068.548724173925,29513.651180040484,55752.764983813126,0.340002833356922,0.241047429826756,0.50775882293799,-0.151114837527235,0.182542316627901
2014-09-15,2014.0,9.0,,47764.07151208328,35565.721377149624,43068.548724173925,29513.651180040484,55752.764983813126,0.340002833356922,0.241047429826756,0.50775882293799,-0.151114837527235,0.182542316627901
2014-09-22,2014.0,9.0,,47764.07151208328,35565.721377149624,43068.548724173925,29513.651180040484,55752.764983813126,0.340002833356922,0.241047429826756,0.50775882293799,-0.151114837527235,0.182542316627901
2014-09-29,2014.0,9.0,,47764.07151208328,35565.721377149624,43068.548724173925,29513.651180040484,55752.764983813126,0.340002833356922,0.241047429826756,0.50775882293799,-0.151114837527235,0.182542316627901
2014-10-06,2014.0,10.0,,47764.07151208328,35565.721377149624,43068.548724173925,29513.651180040484,55752.764983813126,0.340002833356922,0.241047429826756,0.50775882293799,-0.151114837527235,0.182542316627901
2014-10-13,2014.0,10.0,,47764.07151208328,35565.721377149624,43068.548724173925,29513.651180040484,55752.764983813126,0.340002833356922,0.241047429826756,0.50775882293799,-0.151114837527235,0.182542316627901
2014-10-20,2014.0,10.0,,47764.07151208328,35565.721377149624,43068.548724173925,29513.651180040484,55752.764983813126,0.340002833356922,0.241047429826756,0.50775882293799,-0.151114837527235,0.182542316627901
2014-10-27,2014.0,10.0,,47764.07151208328,35565.721377149624,43068.548724173925,29513.651180040484,55752.764983813126,0.340002833356922,0.241047429826756,0.50775882293799,-0.151114837527235,0.182542316627901
2014-11-03,2014.0,11.0,,47764.07151208328,35565.721377149624,43068.548724173925,29513.651180040484,55752.764983813126,0.340002833356922,0.241047429826756,0.50775882293799,-0.151114837527235,0.182542316627901
2014-11-10,2014.0,11.0,,47764.07151208328,35565.721377149624,43068.548724173925,29513.651180040484,55752.764983813126,0.340002833356922,,0.50775882293799,-0.151114837527235,
2015-06-22,,6.0,88.4,,,,,,,,,,
2015-06-29,,6.0,82.0,,,,,,,,,,
2015-07-06,,7.0,82.0,,,,,,,,,,
2015-07-13,,7.0,88.0,,,,,,,,,,
2015-07-20,,7.0,81.0,,,,,,,,,,
2015-07-27,,7.0,81.0,,,,,,,,,,
2015-08-03,,8.0,75.4,,,,,,,,,,
2015-08-10,,8.0,73.8,,,,,,,,,,
2015-08-17,2015.0,8.0,74.4,41008.29671947198,30242.38613521843,36652.92230521776,25754.361029439977,,0.561429152790065,0.0387903996579733,0.0375143805125182,-0.500365709903242,-0.289879079012766
2015-08-24,2015.0,8.0,,41008.29671947198,30242.38613521843,36652.92230521776,25754.361029439977,62179.2642662951,0.561429152790065,0.0387903996579733,0.0375143805125182,-0.500365709903242,-0.289879079012766
2015-08-31,2015.0,8.0,,41008.29671947198,30242.38613521843,36652.92230521776,25754.361029439977,62179.2642662951,0.561429152790065,0.0387903996579733,0.0375143805125182,-0.500365709903242,-0.289879079012766
2015-09-07,2015.0,9.0,,41008.29671947198,30242.38613521843,36652.92230521776,25754.361029439977,62179.2642662951,0.561429152790065,0.0387903996579733,0.0375143805125182,-0.500365709903242,-0.289879079012766
2015-09-14,2015.0,9.0,,41008.29671947198,30242.38613521843,36652.92230521776,25754.361029439977,62179.2642662951,0.561429152790065,0.0387903996579733,0.0375143805125182,-0.500365709903242,-0.289879079012766
2015-09-21,2015.0,9.0,,41008.29671947198,30242.38613521843,36652.92230521776,25754.361029439977,62179.2642662951,0.561429152790065,0.0387903996579733,0.0375143805125182,-0.500365709903242,-0.289879079012766
2015-09-28,2015.0,9.0,,41008.29671947198,30242.38613521843,36652.92230521776,25754.361029439977,62179.2642662951,0.561429152790065,0.0387903996579733,0.0375143805125182,-0.500365709903242,-0.289879079012766
2015-10-05,2015.0,10.0,,41008.29671947198,30242.38613521843,36652.92230521776,25754.361029439977,62179.2642662951,0.561429152790065,0.0387903996579733,0.0375143805125182,-0.500365709903242,-0.289879079012766
2015-10-12,2015.0,10.0,,41008.29671947198,30242.38613521843,36652.92230521776,25754.361029439977,62179.2642662951,0.561429152790065,0.0387903996579733,0.0375143805125182,-0.500365709903242,-0.289879079012766
2015-10-19,2015.0,10.0,,41008.29671947198,30242.38613521843,36652.92230521776,25754.361029439977,62179.2642662951,0.561429152790065,0.0387903996579733,0.0375143805125182,-0.500365709903242,-0.289879079012766
2015-10-26,2015.0,10.0,,41008.29671947198,30242.38613521843,36652.92230521776,25754.361029439977,62179.2642662951,0.561429152790065,0.0387903996579733,0.0375143805125182,-0.500365709903242,-0.289879079012766
2015-11-02,2015.0,11.0,,41008.29671947198,30242.38613521843,36652.92230521776,25754.361029439977,62179.2642662951,0.561429152790065,0.0387903996579733,,-0.500365709903242,-0.289879079012766
2016-06-13,,6.0,,,,,,,,,,,
2016-06-20,,6.0,,,,,,,,,,,
2016-06-27,,6.0,,,,,,,,,,,
2016-07-04,,7.0,,,,,,,,,,,
2016-07-11,,7.0,,,,,,,,,,,
2016-07-18,,7.0,,,,,,,,,,,
2016-07-25,,7.0,60.0,,,,,,,,,,
2016-08-01,,8.0,60.0,,,,,,,,,,
2016-08-08,2016.0,8.0,60.0,,30960.73150889022,37062.53357238286,,,,-0.09401665691575,0.18333486112386,-0.202598000426452,0.00830633773565991
2016-08-15,2016.0,8.0,72.5,42012.622719101564,30960.73150889022,37062.53357238286,26537.159489454178,62784.06568756936,1.97385264653181,-0.09401665691575,0.18333486112386,-0.202598000426452,0.00830633773565991
2016-08-22,2016.0,8.0,75.0,42012.622719101564,30960.73150889022,37062.53357238286,26537.159489454178,62784.06568756936,1.97385264653181,-0.09401665691575,0.18333486112386,-0.202598000426452,0.00830633773565991
2016-08-29,2016.0,8.0,72.6,42012.622719101564,30960.73150889022,37062.53357238286,26537.159489454178,62784.06568756936,1.97385264653181,-0.09401665691575,0.18333486112386,-0.202598000426452,0.00830633773565991
2016-09-05,2016.0,9.0,,42012.622719101564,30960.73150889022,37062.53357238286,26537.159489454178,62784.06568756936,1.97385264653181,-0.09401665691575,0.18333486112386,-0.202598000426452,0.00830633773565991
2016-09-12,2016.0,9.0,,42012.622719101564,30960.73150889022,37062.53357238286,26537.159489454178,62784.06568756936,1.97385264653181,-0.09401665691575,0.18333486112386,-0.202598000426452,0.00830633773565991
2016-09-19,2016.0,9.0,,42012.622719101564,30960.73150889022,37062.53357238286,26537.159489454178,62784.06568756936,1.97385264653181,-0.09401665691575,0.18333486112386,-0.202598000426452,0.00830633773565991
2016-09-26,2016.0,9.0,,42012.622719101564,30960.73150889022,37062.53357238286,26537.159489454178,62784.06568756936,1.97385264653181,-0.09401665691575,0.18333486112386,-0.202598000426452,0.00830633773565991
2016-10-03,2016.0,10.0,,42012.622719101564,30960.73150889022,37062.53357238286,26537.159489454178,62784.06568756936,1.97385264653181,-0.09401665691575,0.18333486112386,-0.202598000426452,0.00830633773565991
2016-10-10,2016.0,10.0,,42012.622719101564,30960.73150889022,37062.53357238286,26537.159489454178,62784.06568756936,1.97385264653181,-0.09401665691575,0.18333486112386,-0.202598000426452,0.00830633773565991
2016-10-17,2016.0,10.0,,42012.622719101564,30960.73150889022,37062.53357238286,26537.159489454178,62784.06568756936,1.97385264653181,-0.09401665691575,0.18333486112386,-0.202598000426452,0.00830633773565991
2016-10-24,2016.0,10.0,,42012.622719101564,30960.73150889022,37062.53357238286,26537.159489454178,62784.06568756936,1.97385264653181,-0.09401665691575,0.18333486112386,-0.202598000426452,0.00830633773565991
2016-10-31,2016.0,10.0,,42012.622719101564,30960.73150889022,37062.53357238286,26537.159489454178,62784.06568756936,1.97385264653181,-0.09401665691575,0.18333486112386,-0.202598000426452,0.00830633773565991
2016-11-07,2016.0,11.0,,42012.622719101564,30960.73150889022,37062.53357238286,26537.159489454178,62784.06568756936,1.97385264653181,-0.09401665691575,0.18333486112386,-0.202598000426452,0.00830633773565991
2016-11-14,2016.0,11.0,,42012.622719101564,30960.73150889022,37062.53357238286,26537.159489454178,62784.06568756936,1.97385264653181,-0.09401665691575,0.18333486112386,-0.202598000426452,0.00830633773565991
2016-11-21,2016.0,11.0,,42012.622719101564,30960.73150889022,37062.53357238286,26537.159489454178,62784.06568756936,1.97385264653181,-0.09401665691575,,-0.202598000426452,
2017-06-05,,6.0,,,,,,,,,,,
2017-06-12,,6.0,,,,,,,,,,,
2017-06-19,,6.0,82.0,,,,,,,,,,
2017-06-26,,6.0,73.0,,,,,,,,,,
2017-07-03,,7.0,79.0,,,,,,,,,,
2017-07-10,,7.0,66.4,,,,,,,,,,
2017-07-17,,7.0,70.0,,,,,,,,,,
2017-07-24,,7.0,65.0,,,,,,,,,,
2017-07-31,2017.0,7.0,53.0,44198.4823908691,,,28185.321367196935,,,,1.03228275064662,,0.340531561461897
2017-08-07,2017.0,8.0,46.0,44198.4823908691,32406.72031501343,38781.04948708362,28185.321367196935,70150.73701579649,2.12597086002607,1.22653316645812,1.03228275064662,1.95607633363963,0.340531561461897
2017-08-14,2017.0,8.0,58.94,44198.4823908691,32406.72031501343,38781.04948708362,28185.321367196935,70150.73701579649,2.12597086002607,1.22653316645812,1.03228275064662,1.95607633363963,0.340531561461897
2017-08-21,2017.0,8.0,60.74,44198.4823908691,32406.72031501343,38781.04948708362,28185.321367196935,70150.73701579649,2.12597086002607,1.22653316645812,1.03228275064662,1.95607633363963,0.340531561461897
2017-08-28,2017.0,8.0,63.22,44198.4823908691,32406.72031501343,38781.04948708362,28185.321367196935,70150.73701579649,2.12597086002607,1.22653316645812,1.03228275064662,1.95607633363963,0.340531561461897
2017-09-04,2017.0,9.0,63.42,44198.4823908691,32406.72031501343,38781.04948708362,28185.321367196935,70150.73701579649,2.12597086002607,1.22653316645812,1.03228275064662,1.95607633363963,0.340531561461897
2017-09-11,2017.0,9.0,76.48,44198.4823908691,32406.72031501343,38781.04948708362,28185.321367196935,70150.73701579649,2.12597086002607,1.22653316645812,1.03228275064662,1.95607633363963,0.340531561461897
2017-09-18,2017.0,9.0,73.13,44198.4823908691,32406.72031501343,38781.04948708362,28185.321367196935,70150.73701579649,2.12597086002607,1.22653316645812,1.03228275064662,1.95607633363963,0.340531561461897
2017-09-25,2017.0,9.0,,44198.4823908691,32406.72031501343,38781.04948708362,28185.321367196935,70150.73701579649,2.12597086002607,1.22653316645812,1.03228275064662,1.95607633363963,0.340531561461897
2017-10-02,2017.0,10.0,,44198.4823908691,32406.72031501343,38781.04948708362,28185.321367196935,70150.73701579649,2.12597086002607,1.22653316645812,1.03228275064662,1.95607633363963,0.340531561461897
2017-10-09,2017.0,10.0,,44198.4823908691,32406.72031501343,38781.04948708362,28185.321367196935,70150.73701579649,2.12597086002607,1.22653316645812,1.03228275064662,1.95607633363963,0.340531561461897
2017-10-16,2017.0,10.0,,44198.4823908691,32406.72031501343,38781.04948708362,28185.321367196935,70150.73701579649,2.12597086002607,1.22653316645812,1.03228275064662,1.95607633363963,0.340531561461897
2017-10-23,2017.0,10.0,,44198.4823908691,32406.72031501343,38781.04948708362,28185.321367196935,70150.73701579649,2.12597086002607,1.22653316645812,1.03228275064662,1.95607633363963,0.340531561461897
2018-06-04,,6.0,,,,,,,,,,,
2018-06-11,,6.0,80.23,,,,,,,,,,
2018-06-18,,6.0,84.74,,,,,,,,,,
2018-06-25,,6.0,86.87,,,,,,,,,,
2018-07-02,,7.0,112.11,,,,,,,,,,
2018-07-09,,7.0,107.35,,,,,,,,,,
2018-07-16,,7.0,101.57,,,,,,,,,,
2018-07-23,,7.0,105.52,,,,,,,,,,
2018-07-30,2018.0,7.0,83.67,,,41557.8548588876,,,2.05316499865186,,1.85081508315503,,0.488370168032444
2018-08-06,2018.0,8.0,86.96,47544.981147275714,34622.16966647412,41557.8548588876,30379.721112642244,79446.93910854693,2.05316499865186,1.13748763600391,1.85081508315503,1.6749813686379,0.488370168032444
2018-08-13,2018.0,8.0,90.78,47544.981147275714,34622.16966647412,41557.8548588876,30379.721112642244,79446.93910854693,2.05316499865186,1.13748763600391,1.85081508315503,1.6749813686379,0.488370168032444
2018-08-20,2018.0,8.0,91.14,47544.981147275714,34622.16966647412,41557.8548588876,30379.721112642244,79446.93910854693,2.05316499865186,1.13748763600391,1.85081508315503,1.6749813686379,0.488370168032444
2018-08-27,2018.0,8.0,90.17,47544.981147275714,34622.16966647412,41557.8548588876,30379.721112642244,79446.93910854693,2.05316499865186,1.13748763600391,1.85081508315503,1.6749813686379,0.488370168032444
2018-09-03,2018.0,9.0,85.37,47544.981147275714,34622.16966647412,41557.8548588876,30379.721112642244,79446.93910854693,2.05316499865186,1.13748763600391,1.85081508315503,1.6749813686379,0.488370168032444
2018-09-10,2018.0,9.0,89.59,47544.981147275714,34622.16966647412,41557.8548588876,30379.721112642244,79446.93910854693,2.05316499865186,1.13748763600391,1.85081508315503,1.6749813686379,0.488370168032444
2018-09-17,2018.0,9.0,82.33,47544.981147275714,34622.16966647412,41557.8548588876,30379.721112642244,79446.93910854693,2.05316499865186,1.13748763600391,1.85081508315503,1.6749813686379,0.488370168032444
2018-09-24,2018.0,9.0,67.36,47544.981147275714,34622.16966647412,41557.8548588876,30379.721112642244,79446.93910854693,2.05316499865186,1.13748763600391,1.85081508315503,1.6749813686379,0.488370168032444
2018-10-01,2018.0,10.0,87.86,47544.981147275714,34622.16966647412,41557.8548588876,30379.721112642244,79446.93910854693,2.05316499865186,1.13748763600391,1.85081508315503,1.6749813686379,0.488370168032444
2018-10-08,2018.0,10.0,80.97,47544.981147275714,34622.16966647412,41557.8548588876,30379.721112642244,79446.93910854693,2.05316499865186,1.13748763600391,1.85081508315503,1.6749813686379,0.488370168032444
2018-10-15,2018.0,10.0,79.29,47544.981147275714,34622.16966647412,41557.8548588876,30379.721112642244,79446.93910854693,2.05316499865186,1.13748763600391,1.85081508315503,1.6749813686379,0.488370168032444
2018-10-22,2018.0,10.0,,47544.981147275714,34622.16966647412,41557.8548588876,30379.721112642244,79446.93910854693,2.05316499865186,1.13748763600391,1.85081508315503,1.6749813686379,0.488370168032444
2019-06-03,,6.0,,,,,,,,,,,
2019-06-10,,6.0,,,,,,,,,,,
2019-06-17,,6.0,,,,,,,,,,,
2019-06-24,,6.0,99.5,,,,,,,,,,
2019-07-01,,7.0,85.5,,,,,,,,,,
2019-07-08,,7.0,87.5,,,,,,,,,,
2019-07-15,,7.0,95.0,,,,,,,,,,
2019-07-22,,7.0,81.0,,,,,,,,,,
2019-07-29,2019.0,7.0,76.0,46641.72140170868,33673.75096274205,40494.898293627644,,,,,,,
2019-08-05,2019.0,8.0,76.0,46641.72140170868,33673.75096274205,40494.898293627644,29581.518551329867,80848.30190204894,1.43681956996429,0.611246943765304,1.10825492288294,0.699518994458739,0.939044481054393
2019-08-12,2019.0,8.0,76.0,46641.72140170868,33673.75096274205,40494.898293627644,29581.518551329867,80848.30190204894,1.43681956996429,0.611246943765304,1.10825492288294,0.699518994458739,0.939044481054393
2019-08-19,2019.0,8.0,76.18,46641.72140170868,33673.75096274205,40494.898293627644,29581.518551329867,80848.30190204894,1.43681956996429,0.611246943765304,1.10825492288294,0.699518994458739,0.939044481054393
2019-08-26,2019.0,8.0,76.84,46641.72140170868,33673.75096274205,40494.898293627644,29581.518551329867,80848.30190204894,1.43681956996429,0.611246943765304,1.10825492288294,0.699518994458739,0.939044481054393
2019-09-02,2019.0,9.0,89.43,46641.72140170868,33673.75096274205,40494.898293627644,29581.518551329867,80848.30190204894,1.43681956996429,0.611246943765304,1.10825492288294,0.699518994458739,0.939044481054393
2019-09-09,2019.0,9.0,,46641.72140170868,33673.75096274205,40494.898293627644,29581.518551329867,80848.30190204894,1.43681956996429,0.611246943765304,1.10825492288294,0.699518994458739,0.939044481054393
2019-09-16,2019.0,9.0,87.2,46641.72140170868,33673.75096274205,40494.898293627644,29581.518551329867,80848.30190204894,1.43681956996429,0.611246943765304,1.10825492288294,0.699518994458739,0.939044481054393
2019-09-23,2019.0,9.0,80.53,46641.72140170868,33673.75096274205,40494.898293627644,29581.518551329867,80848.30190204894,1.43681956996429,0.611246943765304,1.10825492288294,0.699518994458739,0.939044481054393
2019-09-30,2019.0,9.0,77.69,46641.72140170868,33673.75096274205,40494.898293627644,29581.518551329867,80848.30190204894,1.43681956996429,0.611246943765304,1.10825492288294,0.699518994458739,0.939044481054393
2019-10-07,2019.0,10.0,81.09,46641.72140170868,33673.75096274205,40494.898293627644,29581.518551329867,80848.30190204894,1.43681956996429,0.611246943765304,1.10825492288294,0.699518994458739,0.939044481054393
2019-10-14,2019.0,10.0,,46641.72140170868,33673.75096274205,40494.898293627644,29581.518551329867,80848.30190204894,1.43681956996429,0.611246943765304,1.10825492288294,0.699518994458739,0.939044481054393
2020-05-11,,5.0,,,,,,,,,,,
2020-05-18,,5.0,,,,,,,,,,,
2020-05-25,,5.0,116.0,,,,,,,,,,
2020-06-01,,6.0,100.4,,,,,,,,,,
2020-06-08,,6.0,103.91,,,,,,,,,,
2020-06-15,,6.0,74.32,,,,,,,,,,
2020-06-22,,6.0,86.15,,,,,,,,,,
2020-06-29,,6.0,65.57,,,,,,,,,,
2020-07-06,2020.0,7.0,61.65,45609.00349361105,31922.919162618266,39179.74425960567,26984.296277027945,,,,0.476498852725066,-0.322753017299739,-0.334584625428532
2020-07-13,2020.0,7.0,54.73,45609.00349361105,31922.919162618266,39179.74425960567,26984.296277027945,85973.08848755006,0.740791812220344,-0.13770757391651,0.476498852725066,-0.322753017299739,-0.334584625428532
2020-07-20,2020.0,7.0,54.95,45609.00349361105,31922.919162618266,39179.74425960567,26984.296277027945,85973.08848755006,0.740791812220344,-0.13770757391651,0.476498852725066,-0.322753017299739,-0.334584625428532
2020-07-27,2020.0,7.0,57.49,45609.00349361105,31922.919162618266,39179.74425960567,26984.296277027945,85973.08848755006,0.740791812220344,-0.13770757391651,0.476498852725066,-0.322753017299739,-0.334584625428532
2020-08-03,2020.0,8.0,64.16,45609.00349361105,31922.919162618266,39179.74425960567,26984.296277027945,85973.08848755006,0.740791812220344,-0.13770757391651,0.476498852725066,-0.322753017299739,-0.334584625428532
2020-08-10,2020.0,8.0,66.35,45609.00349361105,31922.919162618266,39179.74425960567,26984.296277027945,85973.08848755006,0.740791812220344,-0.13770757391651,0.476498852725066,-0.322753017299739,-0.334584625428532
2020-08-17,2020.0,8.0,68.13,45609.00349361105,31922.919162618266,39179.74425960567,26984.296277027945,85973.08848755006,0.740791812220344,-0.13770757391651,0.476498852725066,-0.322753017299739,-0.334584625428532
2020-08-24,2020.0,8.0,73.51,45609.00349361105,31922.919162618266,39179.74425960567,26984.296277027945,85973.08848755006,0.740791812220344,-0.13770757391651,0.476498852725066,-0.322753017299739,-0.334584625428532
2020-08-31,2020.0,8.0,81.31,45609.00349361105,31922.919162618266,39179.74425960567,26984.296277027945,85973.08848755006,0.740791812220344,-0.13770757391651,0.476498852725066,-0.322753017299739,-0.334584625428532
2020-09-07,2020.0,9.0,81.21,45609.00349361105,31922.919162618266,39179.74425960567,26984.296277027945,85973.08848755006,0.740791812220344,-0.13770757391651,0.476498852725066,-0.322753017299739,-0.334584625428532
2020-09-14,2020.0,9.0,,45609.00349361105,31922.919162618266,39179.74425960567,26984.296277027945,85973.08848755006,0.740791812220344,-0.13770757391651,0.476498852725066,-0.322753017299739,-0.334584625428532
2020-09-21,2020.0,9.0,,45609.00349361105,31922.919162618266,39179.74425960567,26984.296277027945,85973.08848755006,0.740791812220344,-0.13770757391651,0.476498852725066,-0.322753017299739,-0.334584625428532
2020-09-28,2020.0,9.0,,45609.00349361105,31922.919162618266,39179.74425960567,26984.296277027945,85973.08848755006,0.740791812220344,-0.13770757391651,0.476498852725066,-0.322753017299739,-0.334584625428532
2020-10-05,2020.0,10.0,,45609.00349361105,31922.919162618266,39179.74425960567,26984.296277027945,85973.08848755006,0.740791812220344,,0.476498852725066,-0.322753017299739,-0.334584625428532
2021-05-31,,5.0,90.0,,,,,,,,,,
2021-06-07,,6.0,90.0,,,,,,,,,,
2021-06-14,,6.0,,,,,,,,,,,
2021-06-21,,6.0,80.0,,,,,,,,,,
2021-06-28,,6.0,80.0,,,,,,,,,,
2021-07-05,,7.0,77.5,,,,,,,,,,
2021-07-12,,7.0,77.5,,,,,,,,,,
2021-07-19,,7.0,63.16,,,,,,,,,,
2021-07-26,2021.0,7.0,70.0,51850.39718402295,,43671.30840996309,,102001.79824914507,,1.87378325762481,1.64233141038385,3.0931351197642,2.35814296241712
2021-08-02,2021.0,8.0,,51850.39718402295,36449.25833758367,43671.30840996309,30488.82095287971,102001.79824914507,2.44024851144084,1.87378325762481,1.64233141038385,3.0931351197642,2.35814296241712
2021-08-09,2021.0,8.0,82.89,51850.39718402295,36449.25833758367,43671.30840996309,30488.82095287971,102001.79824914507,2.44024851144084,1.87378325762481,1.64233141038385,3.0931351197642,2.35814296241712
2021-08-16,2021.0,8.0,85.04,51850.39718402295,36449.25833758367,43671.30840996309,30488.82095287971,102001.79824914507,2.44024851144084,1.87378325762481,1.64233141038385,3.0931351197642,2.35814296241712
2021-08-23,2021.0,8.0,86.21,51850.39718402295,36449.25833758367,43671.30840996309,30488.82095287971,102001.79824914507,2.44024851144084,1.87378325762481,1.64233141038385,3.0931351197642,2.35814296241712
2021-08-30,2021.0,8.0,86.52,51850.39718402295,36449.25833758367,43671.30840996309,30488.82095287971,102001.79824914507,2.44024851144084,1.87378325762481,1.64233141038385,3.0931351197642,2.35814296241712
2021-09-06,2021.0,9.0,88.53,51850.39718402295,36449.25833758367,43671.30840996309,30488.82095287971,102001.79824914507,2.44024851144084,1.87378325762481,1.64233141038385,3.0931351197642,2.35814296241712
2021-09-13,2021.0,9.0,,51850.39718402295,36449.25833758367,43671.30840996309,30488.82095287971,102001.79824914507,2.44024851144084,1.87378325762481,1.64233141038385,3.0931351197642,2.35814296241712
2021-09-20,2021.0,9.0,,51850.39718402295,36449.25833758367,43671.30840996309,30488.82095287971,102001.79824914507,2.44024851144084,1.87378325762481,1.64233141038385,3.0931351197642,2.35814296241712
2021-09-27,2021.0,9.0,,51850.39718402295,36449.25833758367,43671.30840996309,30488.82095287971,102001.79824914507,2.44024851144084,1.87378325762481,1.64233141038385,3.0931351197642,2.35814296241712
2021-10-04,2021.0,10.0,,51850.39718402295,36449.25833758367,43671.30840996309,30488.82095287971,102001.79824914507,2.44024851144084,1.87378325762481,1.64233141038385,3.0931351197642,2.35814296241712
2021-10-11,2021.0,10.0,,51850.39718402295,36449.25833758367,43671.30840996309,30488.82095287971,102001.79824914507,2.44024851144084,1.87378325762481,1.64233141038385,3.0931351197642,2.35814296241712
2021-10-18,2021.0,10.0,,51850.39718402295,36449.25833758367,43671.30840996309,30488.82095287971,102001.79824914507,2.44024851144084,1.87378325762481,1.64233141038385,3.0931351197642,2.35814296241712
2021-10-25,2021.0,10.0,,51850.39718402295,36449.25833758367,43671.30840996309,30488.82095287971,102001.79824914507,2.44024851144084,1.87378325762481,1.64233141038385,,2.35814296241712
2022-06-13,,6.0,,,,,,,,,,,
2022-06-20,,6.0,,,,,,,,,,,
2022-06-27,,6.0,,,,,,,,,,,
2022-07-04,,7.0,111.46,,,,,,,,,,
2022-07-11,,7.0,92.04,,,,,,,,,,
2022-07-18,,7.0,87.93,,,,,,,,,,
2022-07-25,,7.0,89.32,,,,,,,,,,
2022-08-01,,8.0,99.54,,,,,,,,,,
2022-08-08,2022.0,8.0,104.14,49926.82542953049,,,29674.54428644133,,9.597511728725,8.20128991161718,5.22236748369735,8.39057634118627,7.80737540996716
2022-08-15,2022.0,8.0,102.73,49926.82542953049,34776.42323427401,40886.253268027256,29674.54428644133,103983.29133582003,9.597511728725,8.20128991161718,5.22236748369735,8.39057634118627,7.80737540996716
2022-08-22,2022.0,8.0,99.57,49926.82542953049,34776.42323427401,40886.253268027256,29674.54428644133,103983.29133582003,9.597511728725,8.20128991161718,5.22236748369735,8.39057634118627,7.80737540996716
2022-08-29,2022.0,8.0,98.07,49926.82542953049,34776.42323427401,40886.253268027256,29674.54428644133,103983.29133582003,9.597511728725,8.20128991161718,5.22236748369735,8.39057634118627,7.80737540996716
2022-09-05,2022.0,9.0,102.84,49926.82542953049,34776.42323427401,40886.253268027256,29674.54428644133,103983.29133582003,9.597511728725,8.20128991161718,5.22236748369735,8.39057634118627,7.80737540996716
2022-09-12,2022.0,9.0,98.66,49926.82542953049,34776.42323427401,40886.253268027256,29674.54428644133,103983.29133582003,9.597511728725,8.20128991161718,5.22236748369735,8.39057634118627,7.80737540996716
2022-09-19,2022.0,9.0,,49926.82542953049,34776.42323427401,40886.253268027256,29674.54428644133,103983.29133582003,9.597511728725,8.20128991161718,5.22236748369735,8.39057634118627,7.80737540996716
2022-09-26,2022.0,9.0,,49926.82542953049,34776.42323427401,40886.253268027256,29674.54428644133,103983.29133582003,9.597511728725,8.20128991161718,5.22236748369735,8.39057634118627,7.80737540996716
2022-10-03,2022.0,10.0,,49926.82542953049,34776.42323427401,40886.253268027256,29674.54428644133,103983.29133582003,9.597511728725,8.20128991161718,5.22236748369735,8.39057634118627,7.80737540996716
2022-10-10,2022.0,10.0,,49926.82542953049,34776.42323427401,40886.253268027256,29674.54428644133,103983.29133582003,9.597511728725,8.20128991161718,5.22236748369735,8.39057634118627,7.80737540996716
2022-10-17,2022.0,10.0,,49926.82542953049,34776.42323427401,40886.253268027256,29674.54428644133,103983.29133582003,9.597511728725,8.20128991161718,5.22236748369735,8.39057634118627,7.80737540996716
2022-10-24,2022.0,10.0,,49926.82542953049,34776.42323427401,40886.253268027256,29674.54428644133,103983.29133582003,9.597511728725,8.20128991161718,5.22236748369735,8.39057634118627,7.80737540996716
2022-10-31,2022.0,10.0,,49926.82542953049,34776.42323427401,40886.253268027256,29674.54428644133,103983.29133582003,9.597511728725,8.20128991161718,5.22236748369735,8.39057634118627,7.80737540996716
2022-11-07,2022.0,11.0,,49926.82542953049,34776.42323427401,40886.253268027256,29674.54428644133,103983.29133582003,9.597511728725,8.20128991161718,5.22236748369735,8.39057634118627,7.80737540996716
2022-11-14,2022.0,11.0,140.67,49926.82542953049,34776.42323427401,40886.253268027256,29674.54428644133,103983.29133582003,9.597511728725,8.20128991161718,5.22236748369735,8.39057634118627,7.80737540996716
2022-11-21,2022.0,11.0,140.67,49926.82542953049,34776.42323427401,40886.253268027256,29674.54428644133,103983.29133582003,9.597511728725,8.20128991161718,5.22236748369735,8.39057634118627,7.80737540996716
2022-11-28,2022.0,11.0,140.67,49926.82542953049,34776.42323427401,40886.253268027256,29674.54428644133,103983.29133582003,9.597511728725,8.20128991161718,5.22236748369735,8.39057634118627,7.80737540996716
2022-12-12,2022.0,12.0,160.47,49926.82542953049,34776.42323427401,40886.253268027256,29674.54428644133,103983.29133582003,9.597511728725,8.20128991161718,5.22236748369735,8.39057634118627,7.80737540996716
2022-12-19,2022.0,,160.47,49926.82542953049,34776.42323427401,40886.253268027256,29674.54428644133,103983.29133582003,9.597511728725,8.20128991161718,5.22236748369735,8.39057634118627,7.80737540996716
2022-12-26,2022.0,,160.47,49926.82542953049,34776.42323427401,40886.253268027256,29674.54428644133,103983.29133582003,9.597511728725,8.20128991161718,5.22236748369735,8.39057634118627,7.80737540996716
2023-01-02,,,,,,,,,,,,,
2023-01-09,,,,,,,,,,,,,
2023-06-12,,6.0,100.0,,,,,,,,,,
2023-06-19,,6.0,110.0,,,,,,,,,,
2023-06-26,,6.0,110.0,,,,,,,,,,
2023-07-03,,7.0,105.0,,,,,,,,,,
2023-07-10,,7.0,105.0,,,,,,,,,,
2023-07-17,,7.0,106.59,,,,,,,,,,
2023-07-24,2023.0,7.0,97.17,,,,,,,,,,
2023-07-31,2023.0,7.0,90.27,,,,,,,,,,
2023-08-07,2023.0,8.0,86.86,,,,,,,,,,
2023-08-14,2023.0,8.0,86.86,,,,,,,,,,
2023-08-21,2023.0,8.0,82.73,,,,,,,,,,
2023-08-28,2023.0,8.0,87.93,,,,,,,,,,
2023-09-04,2023.0,9.0,90.5,,,,,,,,,,
2023-09-11,2023.0,9.0,89.13,,,,,,,,,,
2023-09-18,2023.0,9.0,155.82,,,,,,,,,,
2023-09-25,2023.0,9.0,151.82,,,,,,,,,,
2023-10-02,2023.0,10.0,143.82,,,,,,,,,,
2023-10-09,2023.0,10.0,131.44,,,,,,,,,,
2023-10-16,2023.0,10.0,119.13,,,,,,,,,,
2023-10-23,2023.0,10.0,134.83,,,,,,,,,,
2023-10-30,2023.0,10.0,145.67,,,,,,,,,,
2023-11-06,2023.0,11.0,160.67,,,,,,,,,,
2023-11-13,2023.0,11.0,160.67,,,,,,,,,,
