TIME,year,month,T#AT#milk_raw,T#BE#milk_raw,T#BG#milk_raw,T#CY#milk_raw,T#CZ#milk_raw,T#DE#milk_raw,T#DK#milk_raw,T#EE#milk_raw,T#EL#milk_raw,T#ES#milk_raw,T#EU-UK#milk_raw,T#FI#milk_raw,T#FR#milk_raw,T#HU#milk_raw,T#IE#milk_raw,T#IT#milk_raw,T#LT#milk_raw,T#LV#milk_raw,T#MT#milk_raw,T#NL#milk_raw,T#PL#milk_raw,T#PT#milk_raw,T#RO#milk_raw,T#SE#milk_raw,T#SI#milk_raw,T#SK#milk_raw,C#BEL#inflazione,C#ITA#inflazione,C#DEU#inflazione,C#FRA#inflazione,C#ESP#inflazione,C#IRL#inflazione,C#BEL#gdp,C#ITA#gdp,C#DEU#gdp,C#FRA#gdp,C#ESP#gdp,C#IRL#gdp
2005-07-01,2005,7,,26.91,,39.31,27.02,28.21,28.85,25.53,,30.57,28.66,32.55,29.46,25.7,27.79,33.9,19.64,20.07,,26.82,24.64,28.41,,29.91,26.16,24.7,2.78,1.99,1.55,1.75,3.37,2.43,36809.7,32055.09,34520.24,34768.18,26429.15,50933.02
2005-08-01,2005,8,28.68,26.54,,39.38,26.99,27.99,28.81,25.43,,30.3,28.55,32.8,29.42,,27.49,33.79,19.3,20.51,,27.32,24.38,28.03,,29.45,26.04,24.53,2.78,1.99,1.55,1.75,3.37,2.43,36809.7,32055.09,34520.24,34768.18,26429.15,50933.02
2005-09-01,2005,9,28.46,26.46,,39.47,26.96,27.94,28.76,,,30.13,28.56,33.33,29.57,,27.42,33.68,19.07,21.03,,27.87,24.21,27.78,,29.11,25.94,24.36,2.78,1.99,1.55,1.75,3.37,2.43,36809.7,32055.09,34520.24,34768.18,26429.15,50933.02
2005-10-01,2005,10,28.51,26.67,,39.7,26.86,28.06,28.87,,,30.02,28.75,34.34,29.92,,27.83,33.57,19.01,21.58,,28.66,24.19,27.88,,28.84,25.93,24.16,2.78,1.99,1.55,1.75,3.37,2.43,36809.7,32055.09,34520.24,34768.18,26429.15,50933.02
2005-11-01,2005,11,28.93,27.17,,40.32,26.9,28.39,29.03,,,29.96,29.11,35.4,30.56,,28.27,33.57,19.18,22.09,,29.46,24.39,28.09,,28.75,,24.19,2.78,1.99,1.55,1.75,3.37,2.43,36809.7,32055.09,34520.24,34768.18,26429.15,50933.02
2005-12-01,2005,12,29.48,27.72,,40.78,26.99,28.69,29.22,,,29.96,29.47,36.26,31.25,,28.63,33.57,19.52,22.53,,29.88,24.84,28.35,,28.73,,24.3,2.78,1.99,1.55,1.75,3.37,2.43,36809.7,32055.09,34520.24,34768.18,26429.15,50933.02
2006-01-01,2006,1,29.91,28.13,,41.06,27.1,28.69,29.42,,,30.03,29.66,36.87,31.68,,28.79,33.39,19.99,22.83,,30.08,25.22,28.62,,28.67,,24.41,2.64,2.0,1.55,1.74,3.39,2.64,37080.47,32265.75,34782.19,35011.32,26709.14,51418.18
2006-02-01,2006,2,30.33,28.43,,41.13,27.28,28.6,29.57,,35.27,30.0,29.75,36.94,31.79,,28.91,33.2,20.5,23.15,,30.25,25.63,28.91,,28.78,,24.59,2.5,2.02,1.56,1.73,3.41,2.86,37351.25,32476.42,35044.14,35254.47,26989.13,51903.35
2006-03-01,2006,3,30.58,28.42,,41.17,27.35,28.37,29.72,,35.31,29.97,29.54,36.43,31.29,25.0,28.85,33.02,20.97,23.44,,29.38,25.92,28.83,,28.78,,24.79,2.36,2.03,1.56,1.72,3.43,3.07,37622.02,32687.08,35306.09,35497.62,27269.12,52388.51
2006-04-01,2006,4,30.64,28.12,,41.18,27.34,28.02,29.76,24.92,35.3,29.84,29.13,35.66,30.37,24.77,28.58,32.79,21.14,23.69,,28.48,25.95,28.54,,28.71,,24.85,2.22,2.05,1.56,1.71,3.45,3.29,37892.79,32897.74,35568.03,35740.77,27549.11,52873.67
2006-05-01,2006,5,30.29,27.57,,41.11,27.35,27.51,29.57,24.76,35.23,29.69,28.62,34.75,29.49,24.51,27.98,32.57,21.02,23.78,,27.57,25.9,28.16,,28.51,,24.93,2.07,2.06,1.57,1.7,3.47,3.5,38163.56,33108.4,35829.98,35983.92,27829.1,53358.84
2006-06-01,2006,6,29.77,26.9,,40.69,27.26,26.96,29.3,24.56,35.05,29.55,28.09,33.93,28.71,24.06,27.3,32.34,20.75,23.74,,26.64,25.7,27.7,,28.39,26.42,24.9,1.93,2.08,1.57,1.69,3.49,3.72,38434.33,33319.06,36091.93,36227.06,28109.09,53844.0
2006-07-01,2006,7,29.28,26.21,,40.6,27.05,26.51,28.95,24.33,35.03,29.38,27.64,33.87,28.16,23.5,26.68,32.12,20.29,23.66,,26.1,25.28,27.24,,28.2,26.21,24.7,1.79,2.09,1.58,1.68,3.52,3.93,38705.11,33529.73,36353.88,36470.21,28389.08,54329.16
2006-08-01,2006,8,29.04,25.91,,40.28,26.89,26.43,28.63,24.23,34.92,29.21,27.54,34.12,28.12,23.02,26.62,32.08,19.86,23.46,,26.56,24.98,26.84,,28.15,26.07,24.57,1.79,2.09,1.58,1.68,3.52,3.93,38705.11,33529.73,36353.88,36470.21,28389.08,54329.16
2006-09-01,2006,9,28.91,25.92,,40.0,26.67,26.53,28.51,24.09,34.79,29.21,27.56,34.61,28.29,22.65,26.62,32.04,19.58,23.28,,27.03,24.72,26.44,,28.18,26.05,24.52,1.79,2.09,1.58,1.68,3.52,3.93,38705.11,33529.73,36353.88,36470.21,28389.08,54329.16
2006-10-01,2006,10,29.05,26.18,,40.0,26.54,26.75,28.46,24.08,34.73,29.3,27.77,35.61,28.7,22.59,26.72,32.0,19.47,23.16,,27.75,24.67,26.51,,28.33,26.07,24.52,1.79,2.09,1.58,1.68,3.52,3.93,38705.11,33529.73,36353.88,36470.21,28389.08,54329.16
2006-11-01,2006,11,29.45,26.7,,40.04,26.49,27.0,28.56,24.15,34.7,29.48,28.14,36.69,29.43,22.89,26.9,32.0,19.63,23.13,,28.52,24.88,26.81,,28.5,26.25,24.72,1.79,2.09,1.58,1.68,3.52,3.93,38705.11,33529.73,36353.88,36470.21,28389.08,54329.16
2006-12-01,2006,12,30.11,27.22,,40.15,26.52,27.22,28.67,24.18,34.77,29.7,28.48,37.59,30.04,23.25,27.28,32.0,19.94,23.19,,28.83,25.15,27.19,,28.8,26.42,25.07,1.79,2.09,1.58,1.68,3.52,3.93,38705.11,33529.73,36353.88,36470.21,28389.08,54329.16
2007-01-01,2007,1,,27.67,,40.25,26.62,27.33,28.83,24.28,34.86,29.9,28.8,38.22,30.55,23.97,27.64,32.11,20.32,23.29,,29.18,25.51,27.6,,29.03,26.63,25.52,1.8,2.05,,1.65,3.41,4.07,39507.12,34149.87,37109.05,37196.99,28989.4,55338.77
2007-02-01,2007,2,,28.09,,40.31,26.74,27.44,29.06,,34.96,30.06,29.06,38.34,30.78,24.65,27.91,32.23,20.91,23.47,,29.53,25.88,28.01,,29.3,26.86,,1.8,2.02,,,3.31,4.21,,,,,,
2007-03-01,2007,3,,28.26,,40.54,26.83,27.51,29.22,,35.04,30.19,29.03,37.89,30.47,25.3,27.62,32.34,21.4,23.62,,28.83,26.17,28.27,,29.36,27.05,26.63,1.8,1.98,,,,,,,,,,
2007-04-01,2007,4,,28.23,,40.84,26.96,27.5,29.21,,35.14,30.21,28.89,37.19,29.74,25.99,27.56,32.51,21.71,,,28.18,26.5,28.43,,29.25,27.1,27.06,1.81,1.94,1.99,1.57,3.1,4.48,41913.14,36010.31,39374.57,39377.3,30790.38,58367.59
2007-05-01,2007,5,,28.24,,40.85,27.04,27.43,29.04,,35.2,30.2,28.7,36.37,29.02,26.39,27.85,32.67,21.77,,,27.54,26.76,28.53,,29.14,27.03,27.39,1.81,1.9,2.09,1.54,3.0,4.62,42715.15,36630.46,40129.74,40104.08,31390.7,59377.2
2007-06-01,2007,6,,28.73,,40.98,27.0,27.59,28.75,,35.38,30.33,28.6,35.59,28.44,26.51,28.56,32.84,21.6,,,27.06,26.81,28.46,,28.89,26.89,27.52,1.82,1.87,2.2,1.51,2.89,4.76,43517.16,37250.6,40884.91,40830.85,31991.03,60386.81
2007-07-01,2007,7,,29.71,21.96,40.88,26.98,28.17,28.57,,35.59,30.66,28.79,35.58,28.5,26.65,29.33,33.01,21.46,,,26.77,26.99,28.34,,28.61,26.79,27.62,1.82,1.83,2.3,1.49,2.79,4.9,44319.17,37870.75,41640.08,41557.62,32591.35,61396.42
2007-08-01,2007,8,30.84,31.19,22.57,40.79,27.11,,28.67,,36.0,31.49,29.42,35.86,28.79,26.54,,33.06,21.37,,,28.14,27.33,28.51,,28.67,26.75,27.68,1.82,1.83,2.3,1.49,2.79,4.9,44319.17,37870.75,41640.08,41557.62,32591.35,61396.42
2007-09-01,2007,9,31.66,33.02,23.43,40.93,27.55,,29.17,25.52,36.76,,30.39,36.37,29.32,26.83,,33.39,21.64,,,30.06,27.95,29.36,,29.03,26.93,27.89,1.82,1.83,2.3,1.49,2.79,4.9,44319.17,37870.75,41640.08,41557.62,32591.35,61396.42
2007-10-01,2007,10,32.81,35.26,24.31,41.18,,,30.3,26.39,,,,37.67,30.66,27.52,35.66,34.09,22.79,,,32.78,28.93,,,30.12,27.28,28.27,1.82,1.83,2.3,1.49,2.79,4.9,44319.17,37870.75,41640.08,41557.62,32591.35,61396.42
2007-11-01,2007,11,34.53,37.52,25.91,41.51,,34.56,,27.37,39.56,,,39.02,32.32,28.33,38.24,34.7,,26.73,,,30.18,,,,,28.97,1.82,1.83,2.3,1.49,2.79,4.9,44319.17,37870.75,41640.08,41557.62,32591.35,61396.42
2007-12-01,2007,12,36.39,39.45,27.48,41.92,,36.46,,28.54,41.13,39.11,35.23,40.11,33.84,29.34,40.17,35.39,,28.13,,37.07,31.53,,,,,,1.82,1.83,2.3,1.49,2.79,4.9,44319.17,37870.75,41640.08,41557.62,32591.35,61396.42
2008-01-01,2008,1,38.2,40.42,,,32.78,37.81,35.37,29.79,42.57,41.02,36.68,40.91,35.8,30.89,41.38,36.08,28.0,29.59,,38.72,32.57,35.6,,34.49,,,,2.05,2.35,1.68,2.97,4.78,44888.34,38309.91,42207.6,42123.1,33008.4,61390.23
2008-02-01,2008,2,39.68,40.67,,,34.39,38.54,37.04,30.93,43.8,42.41,37.8,41.14,37.13,32.21,42.26,36.77,29.63,31.07,,40.61,33.39,37.2,,35.83,30.83,,,2.26,2.39,,3.15,4.66,45457.52,38749.08,42775.12,42688.58,33425.46,61384.04
2008-03-01,2008,3,40.91,40.36,,45.46,35.7,38.59,38.31,31.98,44.68,43.02,38.31,40.82,38.0,33.34,42.42,37.4,30.78,32.01,,40.46,34.01,38.4,,37.03,31.72,,,,,,3.34,4.54,,,,,,61377.86
2008-04-01,2008,4,41.45,39.51,,46.39,36.53,38.16,38.84,32.44,45.14,42.73,38.2,40.25,37.99,34.06,41.45,37.68,31.06,32.16,,39.67,34.23,38.93,,37.58,32.37,,3.35,2.7,2.49,2.25,3.52,4.42,46595.87,39627.41,43910.16,43819.53,34259.56,61371.67
2008-05-01,2008,5,41.54,37.98,,47.32,36.6,37.23,38.57,32.21,44.97,41.97,37.55,39.96,37.37,34.19,39.98,37.66,30.2,31.68,,38.16,33.94,39.07,,37.5,32.83,,3.73,2.91,2.53,2.43,3.71,4.3,47165.05,40066.58,44477.67,44385.01,34676.62,61365.48
2008-06-01,2008,6,40.99,36.14,,48.07,36.3,36.06,37.45,31.83,44.58,40.9,36.72,39.76,36.85,34.15,38.19,37.66,28.74,30.72,,37.04,33.23,38.43,,36.73,32.94,,4.11,3.13,2.58,2.62,3.89,4.18,47734.22,40505.75,45045.19,44950.48,35093.67,61359.29
2008-07-01,2008,7,40.22,34.41,,48.93,35.8,35.03,36.8,31.14,44.09,39.73,36.0,40.39,36.71,34.07,36.8,37.6,27.27,29.55,,35.59,32.44,37.77,,36.25,32.96,34.14,4.49,3.35,2.63,2.81,4.08,4.06,48303.4,40944.91,45612.71,45515.96,35510.72,61353.11
2008-08-01,2008,8,39.46,33.07,31.25,49.07,34.95,34.4,36.66,30.37,43.6,38.59,35.46,41.37,36.24,33.36,35.77,37.55,25.78,28.3,,35.45,31.87,37.21,,36.16,32.82,33.62,4.49,3.35,2.63,2.81,4.08,4.06,48303.4,40944.91,45612.71,45515.96,35510.72,61353.11
2008-09-01,2008,9,38.89,31.91,31.23,49.33,33.87,33.89,36.66,29.63,43.24,37.63,35.02,42.62,36.04,32.76,34.72,37.5,24.57,27.06,,35.25,31.25,36.54,,36.25,32.74,33.05,4.49,3.35,2.63,2.81,4.08,4.06,48303.4,40944.91,45612.71,45515.96,35510.72,61353.11
2008-10-01,2008,10,38.4,30.87,,49.61,32.71,33.39,36.62,28.81,42.89,36.91,34.57,44.36,35.45,32.01,33.91,37.43,23.8,26.12,,35.37,30.39,36.03,,36.01,32.73,32.32,4.49,3.35,2.63,2.81,4.08,4.06,48303.4,40944.91,45612.71,45515.96,35510.72,61353.11
2008-11-01,2008,11,37.74,29.87,,49.99,31.54,32.79,36.62,28.29,42.53,36.4,34.28,,35.53,31.24,33.69,37.45,23.32,25.61,,35.46,29.44,35.23,,35.77,32.79,31.48,4.49,3.35,2.63,2.81,4.08,4.06,48303.4,40944.91,45612.71,45515.96,35510.72,61353.11
2008-12-01,2008,12,37.11,29.13,,50.32,30.34,31.9,36.63,27.89,42.26,35.88,33.84,46.92,35.57,30.43,,37.2,22.95,25.17,,35.24,28.37,34.46,,35.26,32.83,30.6,4.49,3.35,2.63,2.81,4.08,4.06,48303.4,40944.91,45612.71,45515.96,35510.72,61353.11
2009-01-01,2009,1,36.4,28.36,,50.72,28.73,30.93,36.35,27.23,41.9,35.31,33.27,47.24,35.79,29.18,,36.68,22.41,24.78,,34.73,27.16,34.11,,34.16,32.55,29.33,3.84,2.98,2.3,2.42,3.45,,47797.24,40413.75,45046.66,44976.22,35033.41,
2009-02-01,2009,2,35.82,27.38,,51.05,26.98,29.73,35.49,26.49,41.44,34.66,32.44,47.0,35.64,27.49,,,21.77,24.16,,33.99,25.61,33.79,,32.94,32.09,27.77,3.19,2.61,,2.03,2.83,,47291.08,39882.58,44480.61,44436.48,34556.09,
2009-03-01,2009,3,35.06,26.22,,51.25,25.57,28.29,,25.49,40.84,33.78,31.18,45.58,34.84,25.84,,,20.98,23.25,,,24.2,33.24,,30.97,,25.93,2.54,2.25,,1.64,2.21,,46784.92,39351.42,43914.56,43896.73,34078.77,
2009-04-01,2009,4,33.83,25.1,,51.28,24.32,26.8,,24.32,40.16,32.76,29.62,43.91,,24.17,,34.01,19.97,22.01,,,23.0,32.39,,29.01,,23.99,1.89,1.88,1.31,1.26,1.58,-0.82,46278.77,38820.25,43348.51,43356.99,33601.45,56084.53
2009-05-01,2009,5,32.4,23.93,27.74,51.26,23.27,25.46,,23.17,39.51,31.62,28.3,42.12,,22.9,,33.05,18.8,20.62,,27.45,22.13,31.43,,27.33,,22.16,1.24,1.51,0.97,0.87,0.96,-2.04,45772.61,38289.09,42782.47,42817.25,33124.14,54767.38
2009-06-01,2009,6,30.88,22.95,26.43,51.21,22.45,24.34,28.61,22.0,38.93,30.48,27.09,40.43,30.67,21.71,,32.01,17.79,19.28,,25.55,21.38,30.7,,26.0,27.95,20.74,0.6,1.14,0.64,0.48,0.34,-3.26,45266.45,37757.92,42216.42,42277.51,32646.82,53450.24
2009-07-01,2009,7,29.5,22.08,25.52,51.15,21.99,23.51,27.23,20.95,38.35,29.45,26.14,38.96,29.97,20.77,23.51,31.06,16.91,18.17,,24.16,20.99,29.94,,24.92,26.67,19.49,-0.05,0.77,0.31,0.09,-0.29,-4.48,44760.29,37226.76,41650.37,41737.76,32169.5,52133.09
2009-08-01,2009,8,28.38,21.59,24.84,51.04,21.9,22.97,26.56,20.25,37.77,28.61,25.57,38.0,29.13,20.33,22.83,30.39,16.36,17.16,,23.93,21.02,29.07,19.87,24.89,25.76,18.8,-0.05,0.77,0.31,0.09,-0.29,-4.48,44760.29,37226.76,41650.37,41737.76,32169.5,52133.09
2009-09-01,2009,9,27.51,21.63,24.32,50.88,22.17,22.52,26.15,19.8,37.34,28.05,25.24,37.27,28.59,20.34,22.67,29.89,16.08,16.46,,24.03,21.37,28.34,19.45,24.95,25.07,18.74,-0.05,0.77,0.31,0.09,-0.29,-4.48,44760.29,37226.76,41650.37,41737.76,32169.5,52133.09
2009-10-01,2009,10,27.0,22.33,24.36,50.72,22.38,22.39,26.32,19.76,37.06,27.83,25.31,37.71,28.19,20.71,23.49,29.68,16.47,16.38,,25.11,21.76,27.76,19.3,25.66,24.59,19.38,-0.05,0.77,0.31,0.09,-0.29,-4.48,44760.29,37226.76,41650.37,41737.76,32169.5,52133.09
2009-11-01,2009,11,27.11,23.34,24.66,50.75,22.68,22.91,26.67,20.11,36.9,27.9,25.91,38.21,28.88,21.25,24.39,29.79,17.42,17.09,,26.64,22.35,27.7,19.44,26.26,24.52,20.45,-0.05,0.77,0.31,0.09,-0.29,-4.48,44760.29,37226.76,41650.37,41737.76,32169.5,52133.09
2009-12-01,2009,12,27.46,24.48,24.86,50.89,23.1,23.43,27.25,20.63,36.85,28.27,26.47,38.46,29.17,21.75,25.15,29.78,18.78,18.29,,28.37,23.03,27.77,19.75,26.96,24.62,21.64,-0.05,0.77,0.31,0.09,-0.29,-4.48,44760.29,37226.76,41650.37,41737.76,32169.5,52133.09
2010-01-01,2010,1,28.22,25.51,25.3,51.0,23.66,24.34,27.85,21.5,36.84,28.66,27.15,38.67,29.74,22.44,25.9,29.94,20.07,19.57,,29.29,23.81,27.83,20.65,27.45,24.84,22.76,0.27,0.88,0.43,0.29,0.01,-3.97,44678.1,37056.6,41639.24,41586.09,31935.64,51637.45
2010-02-01,2010,2,28.98,26.48,25.56,51.13,24.27,25.22,28.44,22.47,36.92,29.03,27.73,38.92,29.89,23.12,26.64,30.22,21.34,20.78,,30.0,24.56,27.91,21.55,28.08,25.09,23.84,0.59,0.99,0.54,0.5,0.31,-3.46,44595.91,36886.44,41628.11,41434.42,31701.78,51141.81
2010-03-01,2010,3,29.7,27.45,25.89,51.25,24.96,26.04,28.92,23.4,37.0,29.25,28.12,38.61,29.66,23.86,27.23,30.77,22.55,21.99,,29.75,25.2,28.11,22.48,28.75,25.37,24.77,0.91,1.1,0.65,0.71,0.61,-2.95,44513.71,36716.28,41616.98,41282.75,,
2010-04-01,2010,4,30.08,28.19,26.14,51.24,25.65,26.94,29.25,24.32,37.06,29.27,28.42,38.05,29.18,24.48,27.62,31.28,23.55,23.13,,29.54,25.8,28.11,23.08,29.17,25.65,25.5,1.23,1.2,0.76,0.91,0.91,-2.45,44431.52,36546.12,41605.85,41131.08,31234.06,50150.52
2010-05-01,2010,5,30.34,28.54,26.26,51.19,26.32,27.84,29.38,25.18,37.02,29.18,28.69,37.31,28.98,24.67,27.96,31.63,24.08,24.0,,29.35,26.17,28.06,23.55,29.52,25.87,25.9,1.55,1.31,0.88,1.12,1.2,-1.94,44349.33,36375.96,41594.72,40979.41,31000.2,49654.88
2010-06-01,2010,6,30.26,28.68,26.11,51.13,26.84,28.34,29.69,25.87,36.96,29.03,28.87,36.61,29.06,24.7,28.27,31.98,24.09,24.36,,,26.23,27.93,23.62,30.08,25.98,26.07,1.87,1.42,0.99,1.32,1.5,-1.43,44267.14,36205.8,41583.59,40827.74,30766.34,49159.24
2010-07-01,2010,7,30.35,28.79,26.08,51.08,27.34,28.99,29.92,26.45,36.86,28.78,29.21,36.72,29.41,24.76,28.8,32.74,23.72,24.37,,,26.24,27.67,23.37,30.61,26.09,26.16,2.19,1.53,1.1,1.53,1.8,-0.92,44184.95,36035.64,41572.46,40676.06,30532.48,48663.6
2010-08-01,2010,8,30.49,29.25,26.06,51.07,27.68,29.48,30.26,26.75,36.81,28.63,29.61,37.16,29.83,24.86,29.49,33.44,23.45,24.37,,,26.41,27.54,22.77,31.6,26.22,26.32,2.19,1.53,1.1,1.53,1.8,-0.92,44184.95,36035.64,41572.46,40676.06,30532.48,48663.6
2010-09-01,2010,9,30.88,29.87,26.37,51.04,28.19,30.23,30.84,27.26,36.78,28.65,30.22,37.87,30.47,25.1,30.42,34.21,23.65,24.51,,,26.64,27.7,22.61,32.68,26.46,26.58,2.19,1.53,1.1,1.53,1.8,-0.92,44184.95,36035.64,41572.46,40676.06,30532.48,48663.6
2010-10-01,2010,10,31.4,30.57,26.89,51.05,28.24,31.15,31.66,27.84,36.91,28.9,30.93,39.15,31.1,25.57,31.68,34.49,24.3,24.79,,,26.93,28.02,22.69,33.78,26.75,27.03,2.19,1.53,1.1,1.53,1.8,-0.92,44184.95,36035.64,41572.46,40676.06,30532.48,48663.6
2010-11-01,2010,11,32.09,31.26,27.69,51.21,28.72,32.05,32.7,28.38,37.15,29.25,31.69,40.52,31.78,26.06,32.6,34.76,25.08,25.16,,,27.38,28.53,23.13,35.07,27.06,27.59,2.19,1.53,1.1,1.53,1.8,-0.92,44184.95,36035.64,41572.46,40676.06,30532.48,48663.6
2010-12-01,2010,12,32.85,31.91,,51.38,29.16,32.77,33.75,28.95,37.51,29.67,32.36,41.69,32.39,26.72,32.9,35.05,25.95,25.62,,,27.95,,23.74,36.53,27.43,28.23,2.19,1.53,1.1,1.53,1.8,-0.92,44184.95,36035.64,41572.46,40676.06,30532.48,48663.6
2011-01-01,2011,1,33.61,32.39,29.51,51.44,29.8,33.2,34.34,29.45,,30.05,32.89,42.46,32.89,27.57,33.04,35.71,26.77,26.17,,34.69,28.58,,24.58,37.53,27.79,28.87,2.38,1.7,1.24,1.61,2.0,-0.43,44645.75,36409.07,,41128.98,30696.11,49171.62
2011-02-01,2011,2,34.1,33.0,30.5,51.52,30.42,33.57,34.76,30.02,,30.43,33.29,42.69,33.14,28.52,33.29,35.96,27.81,26.89,44.6,34.96,29.21,30.31,25.49,38.46,28.17,29.53,2.57,1.88,1.38,1.7,2.2,0.07,45106.55,36782.5,,41581.89,30859.74,49679.63
2011-03-01,2011,3,34.45,33.3,31.33,51.64,31.07,33.89,35.08,30.7,39.28,30.75,33.52,42.26,32.87,29.36,33.36,36.2,28.89,27.66,45.34,35.29,29.66,30.82,26.54,39.01,28.54,30.14,,,,,,,,37155.93,,42034.81,31023.37,50187.65
2011-04-01,2011,4,34.57,33.36,31.91,51.75,31.49,34.01,35.21,31.2,39.89,30.89,33.58,41.86,32.31,30.14,33.14,36.47,29.59,28.4,45.97,35.61,29.95,31.0,27.31,39.25,28.92,30.69,2.96,2.24,1.66,1.86,2.6,1.07,46028.16,37529.36,44505.85,42487.72,31187.01,50695.66
2011-05-01,2011,5,34.66,33.2,32.17,51.84,32.26,34.01,35.3,31.62,40.27,30.87,33.62,41.28,31.98,30.54,32.6,36.98,29.66,28.88,46.36,36.09,30.13,31.07,27.74,39.37,29.21,31.03,3.15,2.42,1.8,1.95,2.8,1.56,46488.96,37902.78,45239.2,42940.64,31350.64,51203.68
2011-06-01,2011,6,34.66,33.07,32.26,51.78,32.54,33.98,35.2,32.01,40.75,30.85,33.71,40.86,32.16,30.91,32.48,37.5,29.33,29.16,46.54,36.42,30.1,31.02,27.79,39.11,29.42,31.27,3.34,2.6,1.94,2.03,3.0,2.06,46949.76,38276.21,45972.55,43393.55,31514.27,51711.69
2011-07-01,2011,7,34.56,32.92,32.32,51.69,32.85,33.99,35.07,32.3,41.21,30.76,33.87,40.66,32.63,31.27,32.62,38.07,28.8,29.32,46.78,36.76,30.15,30.78,27.81,38.47,29.61,31.39,3.53,2.78,2.08,2.11,3.2,2.56,47410.57,38649.64,46705.9,43846.47,31677.9,52219.71
2011-08-01,2011,8,34.5,32.81,32.31,51.66,32.99,34.22,35.29,32.51,41.85,30.75,34.05,41.3,32.98,31.46,33.02,38.26,28.38,29.38,47.33,36.99,30.02,30.74,27.75,38.07,29.82,31.49,3.53,2.78,2.08,2.11,3.2,2.56,47410.57,38649.64,46705.9,43846.47,31677.9,52219.71
2011-09-01,2011,9,34.63,32.7,32.36,51.59,33.01,34.55,35.5,32.67,42.48,30.85,34.26,42.05,33.46,31.36,33.6,38.48,28.09,29.32,48.1,37.07,29.69,30.86,27.72,37.64,30.08,31.55,3.53,2.78,2.08,2.11,3.2,2.56,47410.57,38649.64,46705.9,43846.47,31677.9,52219.71
2011-10-01,2011,10,34.96,32.75,32.46,51.71,33.0,34.89,35.79,32.61,43.19,31.04,34.48,43.19,33.69,31.21,34.43,38.68,27.98,29.26,48.3,37.21,29.41,31.03,27.91,37.33,30.48,31.67,3.53,2.78,2.08,2.11,3.2,2.56,47410.57,38649.64,46705.9,43846.47,31677.9,52219.71
2011-11-01,2011,11,35.52,32.97,32.63,51.96,32.86,35.27,36.14,32.49,43.88,31.32,34.75,43.83,34.07,30.85,,38.78,27.95,29.18,48.47,37.39,29.22,31.28,27.93,37.22,30.86,31.74,3.53,2.78,2.08,2.11,3.2,2.56,47410.57,38649.64,46705.9,43846.47,31677.9,52219.71
2011-12-01,2011,12,,33.17,32.87,52.2,32.71,35.45,36.29,32.36,44.82,,34.91,44.47,34.33,30.6,35.81,38.88,28.09,29.24,48.3,37.32,29.01,31.51,28.15,37.01,31.23,31.82,3.53,2.78,2.08,2.11,3.2,2.56,47410.57,38649.64,46705.9,43846.47,31677.9,52219.71
2012-01-01,2012,1,36.39,33.08,33.01,52.51,32.52,,36.36,32.37,45.54,31.87,34.92,44.93,34.4,30.39,35.97,38.96,28.55,29.46,48.02,37.11,28.86,31.73,28.53,36.98,31.57,31.84,3.43,2.82,2.07,2.09,3.09,2.43,47019.14,38135.62,46298.75,43421.38,31198.62,51751.72
2012-02-01,2012,2,36.75,33.0,33.04,52.83,32.4,,36.21,32.38,46.19,32.08,34.88,45.48,34.27,30.43,36.06,38.97,29.18,29.69,47.64,36.79,28.89,31.92,,37.0,31.87,31.87,3.33,2.86,2.06,2.07,2.98,2.31,46627.71,37621.61,45891.6,42996.29,30719.34,51283.74
2012-03-01,2012,3,37.01,32.7,32.97,53.16,32.25,,35.86,32.41,46.41,32.16,34.68,45.2,33.86,30.45,35.89,38.99,29.62,29.92,46.94,36.36,29.05,31.96,29.25,36.83,32.04,31.77,3.24,2.89,2.05,2.04,2.87,2.19,46236.28,37107.59,45484.45,42571.2,30240.06,50815.75
2012-04-01,2012,4,36.89,32.1,32.5,53.3,31.94,,35.57,32.25,46.39,32.04,34.22,44.81,32.93,30.37,35.02,38.52,29.5,30.01,46.24,36.0,29.17,31.84,29.23,36.59,32.02,31.5,3.14,2.93,2.04,2.02,2.77,2.07,45844.85,36593.57,45077.3,42146.12,29760.78,50347.77
2012-05-01,2012,5,36.46,,31.91,53.17,31.42,,35.07,31.9,46.15,31.72,33.63,44.27,32.36,30.15,33.67,38.01,28.59,29.73,45.67,35.39,29.04,31.65,28.6,36.23,31.69,31.04,3.04,2.97,2.03,2.0,2.66,1.94,45453.42,36079.56,44670.15,41721.03,29281.5,49879.79
2012-06-01,2012,6,35.56,,31.13,52.89,30.8,,34.43,,45.79,31.32,32.99,44.21,32.23,29.85,32.35,37.49,27.49,29.11,45.66,34.64,28.75,31.19,27.93,35.82,31.15,,2.94,3.0,2.02,1.98,2.55,1.82,45061.99,35565.54,44263.0,41295.94,28802.23,49411.8
2012-07-01,2012,7,34.54,29.1,30.3,52.64,30.17,,33.79,,45.29,30.82,32.42,44.13,32.27,29.51,31.3,37.03,26.32,28.38,46.05,33.86,28.55,30.75,27.09,35.4,30.5,,2.84,3.04,2.01,1.95,2.45,1.7,44670.56,35051.52,43855.85,40870.85,28322.95,48943.82
2012-08-01,2012,8,33.61,28.54,29.65,52.41,29.63,30.89,33.21,29.97,44.95,30.39,31.94,44.26,31.98,29.28,30.62,36.63,25.25,27.6,46.62,33.21,28.46,30.35,26.44,35.19,29.89,29.02,2.84,3.04,2.01,1.95,2.45,1.7,44670.56,35051.52,43855.85,40870.85,28322.95,48943.82
2012-09-01,2012,9,32.85,28.21,29.27,52.3,29.12,30.52,32.93,29.24,44.52,30.15,31.59,44.44,31.66,28.84,30.48,36.28,24.41,26.88,47.23,32.68,28.14,30.02,25.92,35.04,29.45,28.51,2.84,3.04,2.01,1.95,2.45,1.7,44670.56,35051.52,43855.85,40870.85,28322.95,48943.82
2012-10-01,2012,10,32.31,28.5,29.16,52.26,28.7,30.65,33.07,28.64,44.44,30.13,31.51,44.99,31.44,28.74,30.81,35.98,24.2,26.35,48.46,32.46,27.96,29.88,25.74,35.04,29.21,28.3,2.84,3.04,2.01,1.95,2.45,1.7,44670.56,35051.52,43855.85,40870.85,28322.95,48943.82
2012-11-01,2012,11,32.24,29.2,29.45,52.36,28.52,31.08,33.43,28.45,44.45,30.26,31.78,45.31,31.65,29.03,31.53,36.17,24.51,26.07,50.11,32.64,28.09,29.93,25.98,35.22,29.2,28.39,2.84,3.04,2.01,1.95,2.45,1.7,44670.56,35051.52,43855.85,40870.85,28322.95,48943.82
2012-12-01,2012,12,32.4,30.22,29.99,52.52,28.69,31.68,33.79,28.75,44.5,30.57,32.2,45.65,31.77,29.53,32.23,36.53,25.51,26.23,51.52,33.24,28.47,30.02,26.61,35.76,29.34,28.71,2.84,3.04,2.01,1.95,2.45,1.7,44670.56,35051.52,43855.85,40870.85,28322.95,48943.82
2013-01-01,2013,1,32.89,31.27,30.81,53.51,29.3,32.48,34.21,29.27,44.76,31.0,32.69,45.74,31.83,30.06,32.96,36.87,26.63,26.71,52.15,33.76,28.88,30.41,27.48,36.14,29.59,29.24,2.59,2.78,,,2.3,1.53,44968.76,35124.17,44204.86,41118.26,28430.69,49308.56
2013-02-01,2013,2,33.51,32.34,31.51,54.35,29.85,33.27,34.71,30.01,44.85,31.49,33.16,45.86,31.87,30.62,33.64,37.16,27.82,27.3,52.59,34.19,29.21,30.83,28.39,36.52,29.96,29.88,,,,,2.15,1.36,45266.96,35196.82,44553.87,41365.67,28538.44,49673.29
2013-03-01,2013,3,34.22,33.25,32.24,55.2,30.38,34.07,35.29,30.81,44.79,31.99,33.59,45.47,31.86,30.92,34.27,37.41,28.98,27.94,52.84,34.55,29.47,31.22,29.24,36.95,30.35,30.52,,,,,,,45565.16,35269.48,44902.88,41613.08,28646.19,50038.02
2013-04-01,2013,4,34.74,34.01,32.83,55.92,30.82,34.61,35.71,31.49,44.84,32.29,33.91,45.01,31.71,31.23,34.43,37.62,29.62,28.55,53.06,35.26,29.78,31.7,29.67,37.32,30.63,31.05,1.85,2.0,1.72,1.33,1.85,1.02,45863.36,35342.13,45251.89,41860.49,28753.94,50402.76
2013-05-01,2013,5,35.19,34.51,33.13,56.47,31.22,34.52,35.93,32.08,44.59,32.48,34.1,44.42,31.82,31.33,34.5,37.82,29.76,29.0,53.08,36.23,29.93,31.94,29.85,37.76,30.82,31.37,1.61,1.74,1.65,1.18,1.71,0.85,46161.55,35414.78,45600.9,42107.9,28861.69,50767.49
2013-06-01,2013,6,35.5,34.84,,56.99,31.59,34.68,36.14,32.48,44.36,32.65,34.36,44.26,32.27,31.28,34.67,38.0,29.68,29.26,53.0,36.94,29.9,32.08,29.6,38.18,30.93,31.55,1.36,1.48,1.58,1.02,1.56,0.68,46459.75,35487.43,45949.91,42355.31,28969.43,51132.23
2013-07-01,2013,7,35.73,35.04,,57.43,31.89,35.05,36.5,32.68,44.22,32.86,34.71,44.1,,31.22,35.11,38.07,29.54,29.4,53.26,37.39,29.91,32.22,29.31,38.34,31.0,31.69,1.11,1.22,1.5,0.86,1.41,0.51,46757.95,35560.08,46298.92,42602.72,29077.18,51496.96
2013-08-01,2013,8,36.07,35.5,,57.06,32.0,35.47,36.86,32.84,44.08,33.02,35.09,44.5,,31.25,35.89,38.31,29.54,29.58,53.4,38.0,30.11,32.33,28.88,38.63,31.13,31.82,1.11,1.22,1.5,0.86,1.41,0.51,46757.95,35560.08,46298.92,42602.72,29077.18,51496.96
2013-09-01,2013,9,36.57,36.32,,56.95,32.37,36.24,37.57,33.12,44.01,33.34,35.71,45.0,34.19,31.46,37.2,38.59,30.04,29.9,53.39,38.93,30.54,32.8,,39.16,31.46,32.05,1.11,1.22,1.5,0.86,1.41,0.51,46757.95,35560.08,46298.92,42602.72,29077.18,51496.96
2013-10-01,2013,10,37.24,37.23,,57.03,32.84,37.25,38.5,33.35,44.09,33.94,36.49,45.88,34.83,32.07,38.72,38.89,30.9,30.34,53.26,40.04,31.12,33.3,,39.7,31.98,32.44,1.11,1.22,1.5,0.86,1.41,0.51,46757.95,35560.08,46298.92,42602.72,29077.18,51496.96
2013-11-01,2013,11,38.19,38.18,,57.12,33.09,38.36,39.57,33.76,44.22,34.66,37.35,46.51,35.65,32.66,40.21,39.19,31.95,30.85,52.94,41.04,32.02,33.8,,40.28,32.57,32.9,1.11,1.22,1.5,0.86,1.41,0.51,46757.95,35560.08,46298.92,42602.72,29077.18,51496.96
2013-12-01,2013,12,39.15,39.06,,57.33,33.31,39.69,40.57,34.45,44.44,35.46,38.21,47.3,36.4,,41.12,39.47,,31.41,52.5,41.68,33.04,34.57,,40.76,33.28,33.47,1.11,1.22,1.5,0.86,1.41,0.51,46757.95,35560.08,46298.92,42602.72,29077.18,51496.96
2014-01-01,2014,1,40.07,39.69,34.83,57.47,33.63,40.42,41.29,35.42,44.68,36.21,38.85,47.47,37.06,33.85,41.87,39.76,34.14,32.1,,42.11,33.94,35.15,,41.12,34.15,34.06,1.0,1.08,1.42,0.81,1.19,0.46,46901.68,35560.89,46545.34,42669.27,29139.53,52104.93
2014-02-01,2014,2,40.89,40.32,35.35,57.65,33.95,40.91,42.07,36.42,44.88,36.82,39.36,47.66,37.43,34.38,42.58,40.14,35.24,32.87,,42.54,34.71,35.72,,41.6,35.02,34.62,0.89,0.94,1.33,0.76,0.96,0.42,47045.41,35561.69,46791.76,42735.81,29201.89,52712.91
2014-03-01,2014,3,41.57,40.74,35.88,57.82,34.21,41.31,42.86,37.42,44.86,37.41,39.7,47.02,37.48,34.88,42.54,40.47,36.07,33.57,,42.89,35.28,36.25,,42.09,35.78,35.12,,,,0.71,,0.37,,35562.5,,42802.36,,
2014-04-01,2014,4,41.81,40.66,36.16,57.74,34.29,41.27,43.21,38.16,44.7,37.53,39.64,46.29,37.08,35.18,41.99,40.72,35.91,33.96,47.85,42.86,35.45,36.61,,42.02,36.28,35.37,0.67,0.66,1.16,0.66,0.52,0.32,47332.88,35563.3,47284.61,42868.91,29326.59,53928.85
2014-05-01,2014,5,41.7,40.27,36.14,57.38,34.15,40.86,43.0,38.46,44.39,37.31,39.34,45.41,36.69,35.12,40.9,40.91,34.66,33.84,47.13,42.82,35.29,36.49,,41.72,36.43,35.38,0.56,0.52,1.08,0.61,0.29,0.28,47476.61,35564.11,47531.03,42935.45,29388.95,54536.82
2014-06-01,2014,6,41.18,39.49,35.92,57.01,34.17,40.22,42.64,38.09,44.02,36.99,38.94,44.99,36.58,34.93,39.76,41.07,33.21,33.33,46.64,42.54,34.7,36.19,,41.34,36.35,35.18,0.45,0.38,0.99,0.56,0.07,0.23,47620.34,35564.92,47777.45,43002.0,29451.3,55144.79
2014-07-01,2014,7,40.54,38.53,35.56,56.48,34.17,39.5,42.0,37.35,43.63,36.38,38.44,44.42,36.59,34.51,38.71,41.04,31.75,32.72,46.24,41.89,33.97,35.65,,40.76,36.09,34.84,0.34,0.24,0.91,0.51,-0.15,0.18,47764.07,35565.72,48023.87,43068.55,29513.65,55752.76
2014-08-01,2014,8,39.94,37.64,35.12,56.06,33.93,38.9,41.29,35.97,43.21,35.76,37.95,44.53,36.49,33.95,37.87,40.95,30.01,31.72,46.6,41.43,33.17,35.19,30.33,40.03,35.6,34.42,0.34,0.24,0.91,0.51,-0.15,0.18,47764.07,35565.72,48023.87,43068.55,29513.65,55752.76
2014-09-01,2014,9,39.47,36.63,34.72,55.78,33.57,38.26,40.43,33.84,42.81,35.22,37.41,44.29,36.51,33.5,36.97,40.66,27.98,30.08,47.0,40.71,32.33,34.76,29.88,39.22,35.05,33.94,0.34,0.24,0.91,0.51,-0.15,0.18,47764.07,35565.72,48023.87,43068.55,29513.65,55752.76
2014-10-01,2014,10,38.79,35.5,34.21,55.72,33.13,37.49,39.36,31.72,42.5,34.52,36.8,44.46,36.45,33.07,36.85,39.94,26.29,28.39,47.26,39.93,31.54,34.41,29.76,38.29,34.39,33.47,0.34,0.24,0.91,0.51,-0.15,0.18,47764.07,35565.72,48023.87,43068.55,29513.65,55752.76
2014-11-01,2014,11,38.33,34.39,33.76,55.89,32.67,36.67,38.36,29.68,42.48,34.14,36.25,44.36,36.55,32.67,36.71,39.25,25.24,26.92,47.51,38.96,30.94,33.85,29.68,37.56,33.75,33.04,0.34,0.24,0.91,0.51,-0.15,0.18,47764.07,35565.72,48023.87,43068.55,29513.65,55752.76
2014-12-01,2014,12,37.92,33.41,33.42,56.12,32.24,35.76,37.43,28.0,42.5,33.84,35.6,44.29,36.45,32.24,36.17,38.5,24.87,25.84,47.53,37.36,30.52,33.76,29.75,36.57,33.19,32.66,0.34,0.24,0.91,0.51,-0.15,0.18,47764.07,35565.72,48023.87,43068.55,29513.65,55752.76
2015-01-01,2015,1,37.47,32.37,33.09,56.42,31.67,34.74,36.0,26.76,42.54,33.33,34.74,43.85,35.8,31.52,35.39,37.69,24.41,24.87,47.52,35.68,29.96,33.42,29.87,35.38,32.47,32.25,0.37,0.21,0.85,0.44,-0.2,0.12,46798.96,,47035.21,,28976.61,56670.84
2015-02-01,2015,2,37.0,31.5,32.69,56.81,31.11,33.84,34.85,25.57,42.56,33.01,33.97,42.76,,31.01,34.92,37.05,23.86,23.83,47.36,34.54,29.54,33.18,29.83,34.33,31.74,31.79,0.4,0.18,0.79,0.37,-0.25,0.05,,,46046.55,,,57588.91
2015-03-01,2015,3,36.49,30.66,32.24,57.07,30.68,32.93,33.89,24.89,42.55,32.66,33.19,,,30.57,33.99,36.44,23.72,23.14,46.82,33.71,29.45,32.89,29.57,33.55,31.04,31.3,0.43,0.15,,,-0.3,,,,45057.89,,,
2015-04-01,2015,4,35.75,29.93,31.51,57.21,30.24,32.11,33.22,24.86,42.36,32.1,32.46,,,29.94,33.33,35.82,23.78,23.05,46.16,33.04,29.4,32.76,29.26,32.77,30.34,30.79,0.47,0.13,0.68,0.24,-0.35,-0.09,43903.63,32523.82,44069.23,39402.48,27365.49,59425.05
2015-05-01,2015,5,35.13,29.3,30.54,56.99,29.67,31.35,32.76,24.7,42.3,31.61,31.77,39.18,31.6,29.02,31.98,35.53,23.37,22.92,45.63,32.32,29.2,32.03,28.39,32.25,29.71,30.13,0.5,0.1,0.63,0.17,-0.4,-0.15,42938.52,31763.34,43080.57,38485.96,26828.44,60343.12
2015-06-01,2015,6,34.47,28.74,29.68,56.73,29.01,30.61,32.03,24.4,42.13,31.08,31.12,38.27,30.91,27.89,30.63,35.26,22.71,22.56,45.28,31.75,28.82,31.3,27.32,31.72,29.08,29.41,0.53,0.07,0.57,0.1,-0.45,-0.22,41973.41,31002.86,42091.92,37569.44,26291.4,61261.19
2015-07-01,2015,7,33.76,28.11,28.77,56.49,28.26,29.97,31.52,24.25,41.93,30.43,30.62,37.34,30.59,26.81,29.75,35.04,21.97,22.1,45.3,31.64,28.39,30.46,,31.33,28.45,28.65,0.56,0.04,0.51,0.04,-0.5,-0.29,41008.3,30242.39,41103.26,36652.92,25754.36,62179.26
2015-08-01,2015,8,33.32,27.84,28.13,56.09,27.63,29.52,31.37,23.99,41.79,30.03,30.34,36.62,30.7,26.16,29.25,34.86,21.42,21.76,45.59,31.39,28.1,29.92,25.53,31.1,28.12,28.0,0.56,0.04,0.51,0.04,-0.5,-0.29,41008.3,30242.39,41103.26,36652.92,25754.36,62179.26
2015-09-01,2015,9,33.02,27.6,27.66,55.83,27.03,29.17,31.22,23.8,41.69,29.71,30.1,36.73,30.81,25.51,28.86,34.62,21.12,21.52,46.15,30.96,27.74,29.5,25.07,31.15,27.96,27.53,0.56,0.04,0.51,0.04,-0.5,-0.29,41008.3,30242.39,41103.26,36652.92,25754.36,62179.26
2015-10-01,2015,10,32.92,27.57,27.34,55.8,26.53,28.99,31.12,23.48,41.63,29.51,29.95,36.92,30.98,24.97,29.01,34.4,20.95,21.32,46.71,30.25,27.42,29.12,25.02,31.35,27.9,27.19,0.56,0.04,0.51,0.04,-0.5,-0.29,41008.3,30242.39,41103.26,36652.92,25754.36,62179.26
2015-11-01,2015,11,33.01,27.56,27.38,55.93,26.17,28.85,30.8,23.28,41.73,29.51,29.85,37.22,31.13,24.62,29.04,34.3,20.89,21.18,47.4,29.75,27.14,28.56,25.14,31.56,27.92,26.96,0.56,0.04,0.51,0.04,-0.5,-0.29,41008.3,30242.39,41103.26,36652.92,25754.36,62179.26
2015-12-01,2015,12,33.19,27.49,27.69,56.31,26.05,28.84,30.5,23.14,41.66,29.57,29.83,37.5,31.2,24.52,29.14,34.3,20.99,21.12,47.97,29.46,27.02,28.52,25.49,31.66,27.97,26.89,0.56,0.04,0.51,0.04,-0.5,-0.29,41008.3,30242.39,41103.26,36652.92,25754.36,62179.26
2016-01-01,2016,1,33.26,27.42,27.99,56.7,26.01,28.86,30.47,23.16,41.67,29.64,29.82,37.73,31.24,24.59,29.15,34.23,21.25,21.21,48.14,29.29,26.9,28.5,26.02,31.76,27.94,26.97,0.76,0.02,0.51,0.06,-0.46,-0.25,41151.77,30345.01,41250.81,36711.44,25866.19,62265.66
2016-02-01,2016,2,33.26,27.29,28.28,56.94,25.96,28.88,30.31,23.07,41.54,29.76,29.79,37.95,31.12,24.69,29.22,34.17,21.46,21.27,47.8,29.18,26.71,28.49,26.49,31.81,27.85,27.03,,0.0,0.51,0.08,-0.42,-0.2,41295.25,30447.63,41398.36,36769.95,25978.02,62352.06
2016-03-01,2016,3,33.21,26.94,28.29,57.13,25.84,28.82,30.23,23.12,41.16,29.82,29.64,38.06,30.77,24.64,28.68,33.87,21.7,21.31,47.15,29.18,26.59,28.46,26.79,32.05,27.54,26.98,,,0.5,0.1,-0.37,-0.16,41438.72,30550.25,41545.91,36828.47,26089.85,62438.46
2016-04-01,2016,4,32.91,26.48,27.98,57.03,25.58,28.44,30.02,23.02,,29.74,29.33,38.03,30.36,24.4,27.94,33.55,21.59,21.19,46.2,29.04,26.28,28.8,26.72,32.09,,26.7,1.37,-0.04,0.5,0.12,-0.33,-0.12,41582.2,30652.87,41693.46,36886.99,26201.67,62524.87
2016-05-01,2016,5,32.29,,27.45,56.78,25.08,27.66,29.57,22.78,,29.5,28.78,37.89,29.97,23.93,,33.14,21.0,20.8,45.43,28.46,25.72,28.65,25.98,31.64,,26.22,1.57,-0.06,0.5,0.14,-0.29,-0.08,41725.67,30755.49,41841.02,36945.5,26313.5,62611.27
2016-06-01,2016,6,,24.86,26.86,56.42,24.45,,28.95,22.31,39.34,29.2,,37.6,29.64,23.33,,32.65,20.16,,44.83,27.79,25.1,28.47,25.1,30.95,,25.61,1.77,-0.08,0.49,0.16,-0.25,-0.03,41869.15,30858.11,41988.57,37004.02,26425.33,62697.67
2016-07-01,2016,7,,24.11,26.31,55.96,23.78,,28.29,,38.8,28.86,27.52,37.15,29.41,,25.15,32.06,,,44.53,27.07,24.52,28.23,24.48,30.13,24.69,,1.97,-0.09,0.49,0.18,-0.2,0.01,42012.62,30960.73,42136.12,37062.53,26537.16,62784.07
2016-08-01,2016,8,30.28,23.8,25.92,55.44,23.2,25.15,27.65,21.44,38.27,28.61,27.09,36.8,29.26,22.37,24.97,31.5,,19.14,44.55,26.46,24.35,27.97,23.96,29.54,24.22,24.4,1.97,-0.09,0.49,0.18,-0.2,0.01,42012.62,30960.73,42136.12,37062.53,26537.16,62784.07
2016-09-01,2016,9,30.01,23.95,25.77,55.1,22.86,24.9,27.31,21.45,37.93,28.48,26.94,36.61,29.28,22.2,25.3,31.11,18.7,19.1,45.06,26.04,24.46,,23.72,29.34,23.95,24.02,1.97,-0.09,0.49,0.18,-0.2,0.01,42012.62,30960.73,42136.12,37062.53,26537.16,62784.07
2016-10-01,2016,10,29.97,24.76,26.0,55.08,22.84,25.34,27.32,21.98,37.89,28.52,27.21,36.59,29.51,22.42,26.54,30.99,19.44,19.7,45.81,26.14,24.83,27.75,23.95,29.37,24.09,24.01,1.97,-0.09,0.49,0.18,-0.2,0.01,42012.62,30960.73,42136.12,37062.53,26537.16,62784.07
2016-11-01,2016,11,30.3,26.13,26.59,55.37,23.14,26.4,27.74,23.07,37.98,28.73,27.89,36.64,29.93,23.08,28.29,31.06,20.79,20.95,46.46,26.93,25.57,27.33,24.6,29.64,24.62,24.34,1.97,-0.09,0.49,0.18,-0.2,0.01,42012.62,30960.73,42136.12,37062.53,26537.16,62784.07
2016-12-01,2016,12,31.0,28.0,27.44,55.75,23.79,27.79,28.61,24.67,38.16,29.02,28.9,36.7,30.49,24.04,29.87,31.53,22.5,22.69,46.82,28.71,26.62,27.57,25.84,30.38,25.29,25.0,1.97,-0.09,0.49,0.18,-0.2,0.01,42012.62,30960.73,42136.12,37062.53,26537.16,62784.07
2017-01-01,2017,1,31.81,29.82,28.34,56.05,24.63,29.35,29.92,26.44,38.36,29.41,30.03,36.81,31.29,25.26,31.58,32.33,24.42,24.58,47.12,30.07,27.64,27.7,27.15,31.67,26.06,25.86,2.0,0.09,,0.3,,0.06,42324.89,31167.3,42495.62,37308.04,26772.61,
2017-02-01,2017,2,32.59,31.53,29.19,56.24,25.6,30.86,31.4,,38.33,29.82,31.14,37.08,31.97,26.52,32.96,33.16,26.25,26.34,47.09,31.5,28.68,27.89,28.22,33.2,26.81,26.77,2.02,,,,,0.1,,,,,,
2017-03-01,2017,3,33.37,32.82,29.9,56.3,26.59,32.18,32.92,29.85,38.34,30.15,32.1,37.3,32.42,27.59,33.63,34.04,27.78,27.89,46.91,33.07,29.47,28.16,29.09,34.56,27.46,27.64,2.04,,,,,,,,,,,
2017-04-01,2017,4,34.05,33.76,30.31,56.3,27.56,33.2,34.11,30.96,38.29,30.39,32.88,37.39,32.91,28.47,33.88,34.76,28.72,29.04,46.51,34.46,30.08,28.39,29.59,35.57,28.01,28.44,2.06,0.66,1.07,0.67,1.03,0.2,43261.69,31787.01,43574.1,38044.54,27478.97,66993.59
2017-05-01,2017,5,34.51,34.12,30.37,56.05,28.42,33.68,34.86,31.59,38.19,30.47,33.29,37.32,33.03,29.07,33.85,35.51,28.85,29.6,45.92,35.43,30.46,28.57,29.45,36.1,28.35,29.02,2.08,0.85,1.22,0.79,1.34,0.25,43573.95,31993.58,43933.6,38290.04,27714.42,68045.97
2017-06-01,2017,6,34.91,34.05,30.25,55.75,29.18,33.86,35.34,31.86,38.1,30.43,33.48,37.17,33.03,29.41,33.46,36.17,28.53,29.73,45.59,35.96,30.69,28.66,29.01,36.31,28.58,29.44,2.1,1.04,1.36,0.91,1.65,0.29,43886.22,32200.15,44293.09,38535.55,27949.87,69098.36
2017-07-01,2017,7,35.2,33.81,30.06,55.46,29.83,34.18,35.79,31.93,37.99,30.39,33.65,37.16,33.21,29.63,33.45,36.52,28.22,29.65,45.63,35.93,30.82,28.55,28.47,36.56,28.82,29.76,2.13,1.23,1.51,1.03,1.96,0.34,44198.48,32406.72,44652.59,38781.05,28185.32,70150.74
2017-08-01,2017,8,35.61,33.97,29.9,55.29,30.43,34.65,36.09,31.97,38.0,30.39,33.93,37.2,33.34,29.76,33.77,36.65,27.98,29.51,46.16,36.5,31.16,28.77,27.91,36.71,29.11,30.01,2.13,1.23,1.51,1.03,1.96,0.34,44198.48,32406.72,44652.59,38781.05,28185.32,70150.74
2017-09-01,2017,9,36.3,34.48,29.85,55.33,31.04,35.43,36.38,32.17,38.29,30.47,34.45,37.33,33.82,29.96,34.71,36.83,28.23,29.76,47.26,37.29,31.61,29.12,27.81,37.03,29.65,30.36,2.13,1.23,1.51,1.03,1.96,0.34,44198.48,32406.72,44652.59,38781.05,28185.32,70150.74
2017-10-01,2017,10,37.18,35.02,29.9,55.6,31.77,36.39,36.72,32.49,38.59,30.67,35.09,37.58,34.33,30.3,36.18,36.98,29.0,30.22,48.41,38.11,32.17,29.51,28.05,37.46,30.26,30.87,2.13,1.23,1.51,1.03,1.96,0.34,44198.48,32406.72,44652.59,38781.05,28185.32,70150.74
2017-11-01,2017,11,38.16,35.53,30.17,55.83,32.55,37.4,37.21,32.94,,30.97,35.76,37.85,34.72,30.68,,37.22,29.79,30.72,49.31,38.93,32.91,29.98,28.41,37.97,30.91,31.41,2.13,1.23,1.51,1.03,1.96,0.34,44198.48,32406.72,44652.59,38781.05,28185.32,70150.74
2017-12-01,2017,12,39.18,35.92,30.59,56.05,33.26,38.27,37.67,33.28,,,36.41,38.11,35.24,31.1,38.78,37.43,30.56,31.26,49.94,39.71,33.64,30.5,29.13,38.64,31.56,32.0,2.13,1.23,1.51,1.03,1.96,0.34,44198.48,32406.72,44652.59,38781.05,28185.32,70150.74
2018-01-01,2018,1,39.82,35.69,31.02,56.2,33.75,38.61,37.82,33.33,39.72,31.54,36.73,38.46,35.66,31.48,39.61,37.43,31.15,31.48,50.19,39.82,34.03,30.85,29.97,39.07,31.86,32.53,2.12,1.21,1.54,1.15,1.92,0.36,44676.55,32723.21,45122.12,39177.74,28498.81,71478.77
2018-02-01,2018,2,40.02,35.27,31.23,56.15,34.08,38.47,37.37,32.96,40.06,31.8,36.74,38.71,35.8,31.71,39.9,37.31,31.39,31.25,50.19,39.61,34.23,31.27,30.72,38.96,31.87,32.89,2.11,1.2,1.57,1.27,1.88,0.38,45154.62,33039.71,45591.64,39574.42,28812.29,72806.79
2018-03-01,2018,3,39.91,34.55,31.26,55.88,34.19,38.01,36.77,32.54,40.22,31.91,36.47,38.95,35.62,31.75,39.28,37.12,31.4,30.88,49.55,39.18,34.2,31.31,31.26,38.31,31.67,33.11,2.09,1.19,1.6,,1.84,,,,,,,
2018-04-01,2018,4,39.35,33.48,31.04,55.51,34.04,37.09,36.04,31.92,40.23,31.86,35.85,39.07,35.09,31.57,37.89,36.77,30.73,30.19,48.61,38.32,33.95,31.35,31.29,37.18,31.13,33.02,2.08,1.18,1.64,1.5,1.8,0.43,46110.77,33672.69,46530.7,40367.8,29439.26,75462.85
2018-05-01,2018,5,38.5,32.34,30.73,55.12,33.59,35.96,35.32,31.18,40.11,31.69,35.06,38.71,34.56,31.14,36.35,36.37,29.58,29.34,48.04,37.21,33.41,31.2,30.86,35.87,30.53,32.68,2.07,1.16,1.67,1.62,1.76,0.45,46588.84,33989.18,47000.22,40764.48,29752.75,76790.88
2018-06-01,2018,6,37.51,31.4,30.33,54.93,32.94,34.82,34.89,30.54,39.95,31.39,34.26,38.31,34.02,30.53,34.89,35.92,28.5,28.52,47.88,36.14,32.64,30.96,30.42,34.64,29.95,32.24,2.06,1.15,1.7,1.73,1.72,0.47,47066.91,34305.68,47469.75,41161.17,30066.24,78118.91
2018-07-01,2018,7,36.59,30.62,29.91,55.04,32.28,33.85,34.79,30.11,39.78,31.08,33.59,37.89,33.69,29.9,33.63,35.51,27.58,27.81,48.22,35.32,31.83,30.64,29.92,33.63,29.5,31.79,2.05,1.14,1.73,1.85,1.67,0.49,47544.98,34622.17,47939.28,41557.85,30379.72,79446.94
2018-08-01,2018,8,35.85,30.65,29.54,55.18,31.81,33.43,34.98,29.89,39.65,30.87,33.28,37.43,33.6,29.36,32.77,35.33,26.86,27.42,49.11,35.07,31.36,30.44,29.47,33.02,29.32,31.37,2.05,1.14,1.73,1.85,1.67,0.49,47544.98,34622.17,47939.28,41557.85,30379.72,79446.94
2018-09-01,2018,9,35.61,30.99,29.39,55.45,31.54,33.51,35.62,30.09,39.57,30.71,33.32,37.19,33.73,28.95,32.77,35.25,26.68,27.53,50.1,35.25,31.17,30.25,29.03,32.87,29.48,31.19,2.05,1.14,1.73,1.85,1.67,0.49,47544.98,34622.17,47939.28,41557.85,30379.72,79446.94
2018-10-01,2018,10,35.73,31.58,29.43,55.85,31.54,33.86,36.28,30.35,39.52,30.72,33.63,37.13,34.14,28.79,33.55,35.39,26.97,27.79,50.85,35.61,31.19,30.37,29.0,33.46,29.87,31.19,2.05,1.14,1.73,1.85,1.67,0.49,47544.98,34622.17,47939.28,41557.85,30379.72,79446.94
2018-11-01,2018,11,36.14,32.36,29.61,56.39,31.75,34.45,36.95,30.73,39.5,30.93,34.1,37.08,34.69,28.84,34.68,35.66,27.66,28.18,51.53,36.0,31.32,30.49,29.28,34.16,30.42,31.42,2.05,1.14,1.73,1.85,1.67,0.49,47544.98,34622.17,47939.28,41557.85,30379.72,79446.94
2018-12-01,2018,12,36.74,33.21,29.87,56.93,32.22,35.04,37.34,31.14,39.44,31.12,34.6,37.39,35.2,29.11,35.5,35.99,28.44,28.65,51.59,36.46,31.67,30.7,29.8,34.98,30.87,31.77,2.05,1.14,1.73,1.85,1.67,0.49,47544.98,34622.17,47939.28,41557.85,30379.72,79446.94
2019-01-01,2019,1,37.27,33.7,30.14,57.3,32.78,35.45,37.04,31.43,39.35,31.36,34.99,37.75,35.7,29.54,35.88,36.65,29.16,29.11,51.33,36.75,31.97,30.82,30.27,35.6,31.36,32.16,,1.06,1.69,1.74,1.54,0.55,47415.94,34486.68,47777.26,41406.0,30265.69,79647.13
2019-02-01,2019,2,37.65,34.21,30.36,57.51,33.26,35.74,36.61,31.7,39.25,31.61,35.3,38.1,36.03,30.02,36.25,37.28,29.85,29.49,50.67,36.86,32.24,31.05,30.69,35.91,31.7,32.48,,,1.65,1.64,,,47286.91,34351.19,47615.24,41254.15,30151.66,79847.33
2019-03-01,2019,3,38.01,34.46,30.56,57.68,33.69,35.89,36.18,31.87,39.07,31.78,35.46,38.37,36.09,30.47,36.14,37.86,30.54,29.83,49.74,36.96,32.47,31.16,30.98,36.16,32.04,32.76,,,1.61,1.53,,,47157.87,34215.7,47453.22,41102.3,30037.63,80047.52
2019-04-01,2019,4,38.21,34.35,30.59,57.79,33.94,35.75,35.64,31.89,38.84,31.9,35.42,38.41,36.02,30.79,35.38,38.38,30.83,30.01,48.58,36.82,32.5,31.24,31.18,36.22,32.25,32.89,1.7,0.84,1.57,1.43,1.12,0.75,47028.83,34080.22,47291.2,40950.45,29923.61,80247.72
2019-05-01,2019,5,38.15,33.98,30.51,57.83,34.03,35.37,35.1,31.79,38.59,31.9,35.17,38.2,35.84,30.9,34.34,38.7,30.44,30.01,47.75,36.43,32.34,31.13,30.92,35.71,32.26,32.91,1.61,0.76,1.53,1.32,0.98,0.81,46899.8,33944.73,47129.18,40798.6,29809.58,80447.91
2019-06-01,2019,6,37.82,33.4,30.37,57.68,33.95,34.81,34.56,31.53,38.42,31.73,34.86,37.95,35.7,30.87,33.32,38.99,29.7,29.85,47.4,36.21,32.08,30.9,30.44,35.3,32.15,32.8,1.52,0.69,1.49,1.21,0.84,0.87,46770.76,33809.24,46967.16,40646.75,29695.55,80648.11
2019-07-01,2019,7,37.36,32.77,30.2,57.52,33.71,34.31,34.16,31.27,38.31,31.6,34.57,37.81,35.69,30.73,32.49,39.27,28.96,29.63,47.54,35.89,31.74,30.66,29.93,34.81,32.12,32.64,1.44,0.61,1.45,1.11,0.7,0.94,46641.72,33673.75,46805.14,40494.9,29581.52,80848.3
2019-08-01,2019,8,36.96,32.43,30.04,57.36,33.39,33.95,34.16,31.04,38.17,31.5,34.39,37.72,35.78,30.59,32.16,39.28,28.32,29.37,48.02,35.71,31.4,30.53,29.57,34.44,32.05,32.41,1.44,0.61,1.45,1.11,0.7,0.94,46641.72,33673.75,46805.14,40494.9,29581.52,80848.3
2019-09-01,2019,9,36.66,32.28,29.95,57.22,33.16,33.76,34.14,30.79,38.15,31.44,34.31,37.77,36.03,30.42,32.17,39.29,27.87,29.1,48.76,35.5,31.14,30.37,29.34,34.31,32.11,32.3,1.44,0.61,1.45,1.11,0.7,0.94,46641.72,33673.75,46805.14,40494.9,29581.52,80848.3
2019-10-01,2019,10,36.49,32.27,29.98,57.23,33.02,33.74,34.12,30.64,38.14,31.51,34.37,38.04,36.45,30.45,32.74,39.34,27.7,28.86,49.53,35.25,31.0,30.4,29.43,34.31,32.31,32.28,1.44,0.61,1.45,1.11,0.7,0.94,46641.72,33673.75,46805.14,40494.9,29581.52,80848.3
2019-11-01,2019,11,36.36,32.44,30.21,57.34,33.06,33.84,34.1,30.53,38.17,31.71,34.52,38.31,36.77,30.61,33.55,39.36,27.71,28.78,50.71,35.18,31.16,30.44,29.78,34.36,32.55,32.35,1.44,0.61,1.45,1.11,0.7,0.94,46641.72,33673.75,46805.14,40494.9,29581.52,80848.3
2019-12-01,2019,12,36.34,32.85,30.5,57.53,33.18,34.02,34.19,30.56,38.32,31.89,34.74,38.54,37.07,30.93,34.27,39.31,28.07,28.89,51.65,35.34,31.42,30.51,30.39,34.65,32.84,32.42,1.44,0.61,1.45,1.11,0.7,0.94,46641.72,33673.75,46805.14,40494.9,29581.52,80848.3
2020-01-01,2020,1,36.4,33.23,30.86,57.78,33.4,34.27,34.28,30.68,38.43,32.1,34.92,38.81,37.27,31.29,34.66,39.08,28.7,29.13,51.71,35.34,31.67,30.6,30.99,34.78,33.14,32.57,1.34,0.5,1.26,1.02,0.55,0.76,46494.19,33423.63,46797.19,40307.02,29210.49,81580.41
2020-02-01,2020,2,36.59,33.62,31.19,58.0,33.64,34.53,34.51,30.84,38.56,32.32,35.12,39.0,37.39,31.6,35.2,38.84,29.4,29.45,51.5,35.56,31.92,30.63,31.62,34.9,33.31,32.75,1.24,0.4,,0.93,0.41,0.58,46346.66,33173.51,46789.23,40119.14,,
2020-03-01,2020,3,36.84,33.68,31.51,58.17,33.65,34.8,34.73,31.03,38.68,32.46,35.2,39.15,37.3,31.73,35.16,38.42,30.11,29.78,51.11,35.74,32.07,30.66,32.11,35.12,33.4,32.97,,,,,,0.39,,,46781.28,,,
2020-04-01,2020,4,37.01,33.34,31.66,58.26,33.4,34.82,34.84,31.04,38.68,32.54,35.05,39.18,36.92,31.66,34.52,37.83,30.21,29.8,50.68,35.74,31.95,30.64,32.39,35.2,33.12,33.06,1.04,0.18,0.7,0.75,0.12,0.21,46051.6,32673.28,46773.33,39743.38,28097.39,83776.75
2020-05-01,2020,5,37.0,32.82,31.68,58.2,32.91,34.52,34.97,30.73,38.72,32.51,34.73,39.02,36.56,31.33,33.66,37.32,29.64,29.36,50.24,35.49,31.66,30.53,32.14,35.13,32.6,32.98,0.94,0.08,0.52,0.66,-0.03,0.03,45904.07,32423.16,46765.38,39555.5,27726.36,84508.86
2020-06-01,2020,6,36.9,32.17,31.6,58.11,32.38,34.02,34.98,30.25,38.73,32.33,34.28,38.74,36.1,30.92,32.87,36.66,28.86,28.76,49.77,35.06,31.2,30.4,31.64,34.97,32.04,32.81,0.84,-0.03,0.33,0.57,-0.18,-0.15,45756.53,32173.04,46757.43,39367.62,27355.33,85240.98
2020-07-01,2020,7,36.75,31.34,31.49,57.88,31.81,33.53,34.88,29.73,38.67,32.15,33.86,38.52,35.79,30.35,32.34,36.08,28.13,28.24,49.46,34.57,30.7,30.24,31.17,34.65,31.47,32.59,0.74,-0.14,0.14,0.48,-0.32,-0.33,45609.0,31922.92,46749.48,39179.74,26984.3,85973.09
2020-08-01,2020,8,36.83,30.64,31.37,57.68,31.26,33.12,34.78,,38.62,32.0,33.55,38.38,35.54,29.81,32.23,35.66,27.46,27.77,49.65,34.32,30.42,30.08,30.78,34.49,30.98,32.36,0.74,-0.14,0.14,0.48,-0.32,-0.33,45609.0,31922.92,46749.48,39179.74,26984.3,85973.09
2020-09-01,2020,9,36.98,30.18,31.25,57.42,30.69,32.9,34.63,28.76,38.58,31.79,33.37,38.4,35.54,29.32,32.48,35.3,27.03,27.33,50.01,33.93,30.25,30.06,30.38,34.5,30.69,32.14,0.74,-0.14,0.14,0.48,-0.32,-0.33,45609.0,31922.92,46749.48,39179.74,26984.3,85973.09
2020-10-01,2020,10,37.29,30.15,31.22,57.4,30.44,32.87,34.61,28.4,38.55,31.84,33.44,38.51,35.77,29.08,33.55,35.14,26.95,26.98,50.52,33.64,30.44,30.05,30.36,34.7,30.56,32.02,0.74,-0.14,0.14,0.48,-0.32,-0.33,45609.0,31922.92,46749.48,39179.74,26984.3,85973.09
2020-11-01,2020,11,37.7,30.36,31.34,57.49,30.6,33.01,34.72,28.28,38.54,31.97,33.68,38.64,36.02,29.16,34.85,35.17,27.42,27.03,50.92,33.54,31.15,30.07,30.47,35.13,30.78,31.95,0.74,-0.14,0.14,0.48,-0.32,-0.33,45609.0,31922.92,46749.48,39179.74,26984.3,85973.09
2020-12-01,2020,12,,30.76,31.52,57.67,30.98,33.38,34.56,28.45,38.59,32.11,34.02,38.77,36.24,29.35,35.84,35.15,28.31,27.59,51.26,33.85,31.91,30.17,30.83,35.62,30.97,31.99,0.74,-0.14,0.14,0.48,-0.32,-0.33,45609.0,31922.92,46749.48,39179.74,26984.3,85973.09
2021-01-01,2021,1,38.85,31.23,31.74,57.8,31.34,33.81,34.51,28.76,38.6,32.29,34.36,38.92,36.59,29.58,36.39,35.34,29.27,28.12,51.62,34.1,32.38,30.23,31.29,35.96,31.24,32.04,0.98,0.15,0.56,0.64,0.17,0.05,46500.63,32569.54,,39821.4,27484.94,88262.9
2021-02-01,2021,2,39.25,31.7,31.99,58.09,31.76,34.21,34.53,29.07,38.63,32.47,34.67,39.13,36.74,29.92,37.02,35.54,30.19,28.57,51.8,34.38,32.83,30.28,31.72,36.37,31.45,32.09,1.23,0.44,0.98,0.81,0.65,0.43,47392.26,33216.16,,40463.05,27985.59,
2021-03-01,2021,3,39.38,32.37,32.2,58.23,32.06,34.72,34.79,29.49,38.68,32.64,34.96,39.36,36.81,30.17,37.47,35.75,31.05,29.01,52.5,34.56,33.12,30.32,32.19,36.76,31.64,32.18,1.47,0.72,1.4,0.98,1.14,0.82,,33862.78,,41104.7,28486.24,
2021-04-01,2021,4,39.35,33.05,32.38,58.38,32.45,35.11,35.16,29.88,38.71,32.84,35.19,39.3,36.78,30.52,37.47,35.89,31.59,29.43,53.07,34.88,33.37,30.29,32.3,37.2,31.74,32.25,1.71,1.01,1.81,1.14,1.63,1.2,49175.51,34509.4,49422.2,41746.35,28986.88,95132.35
2021-05-01,2021,5,39.24,33.6,32.48,58.27,32.91,35.28,35.47,30.22,38.73,32.82,35.28,39.06,36.57,30.78,37.24,35.96,31.7,29.74,53.4,35.35,33.48,30.23,32.15,37.64,31.72,32.19,1.95,1.3,2.23,1.31,2.12,1.59,50067.14,35156.02,50090.39,42388.0,29487.53,97422.17
2021-06-01,2021,6,38.98,34.06,32.52,58.1,33.2,35.41,35.75,30.44,38.74,32.69,35.34,38.68,36.54,30.9,36.99,35.98,31.5,29.95,54.04,35.88,33.3,30.13,31.84,37.84,31.56,32.11,2.2,1.59,2.65,1.48,2.61,1.97,50958.77,35802.64,50758.57,43029.66,29988.17,99711.98
2021-07-01,2021,7,38.61,34.42,32.53,57.85,33.36,35.61,36.29,30.61,38.59,32.62,35.43,38.32,36.59,30.88,36.95,36.17,31.14,30.08,54.89,36.21,33.01,30.0,31.55,37.81,31.59,32.0,2.44,1.87,3.07,1.64,3.09,2.36,51850.4,36449.26,51426.75,43671.31,30488.82,102001.8
2021-08-01,2021,8,38.59,34.83,32.54,57.68,33.55,35.88,36.67,30.8,38.64,32.59,35.65,38.17,36.76,30.93,37.46,36.35,31.08,30.33,55.52,36.71,33.08,29.92,31.39,38.11,31.62,31.95,2.44,1.87,3.07,1.64,3.09,2.36,51850.4,36449.26,51426.75,43671.31,30488.82,102001.8
2021-09-01,2021,9,38.7,35.34,32.65,57.54,33.78,36.28,37.21,31.07,38.77,32.65,35.98,38.36,37.08,31.09,38.21,36.52,31.36,30.65,56.75,37.14,33.3,29.94,31.33,38.49,31.81,32.06,2.44,1.87,3.07,1.64,3.09,2.36,51850.4,36449.26,51426.75,43671.31,30488.82,102001.8
2021-10-01,2021,10,39.12,35.99,32.92,57.58,34.14,36.81,37.73,31.39,39.04,32.87,36.48,38.52,,31.33,,36.71,32.11,31.1,57.75,37.75,33.76,30.15,31.4,39.09,32.14,32.26,2.44,1.87,3.07,1.64,3.09,2.36,51850.4,36449.26,51426.75,43671.31,30488.82,102001.8
2021-11-01,2021,11,39.68,36.76,33.39,57.68,34.67,37.54,38.05,31.82,,33.23,37.13,39.0,,31.62,,37.13,33.28,31.86,58.74,38.5,34.49,30.4,32.06,39.59,,32.58,2.44,1.87,3.07,1.64,3.09,2.36,51850.4,36449.26,51426.75,43671.31,30488.82,102001.8
2021-12-01,2021,12,40.47,38.11,,57.86,35.27,38.46,38.72,32.46,,,37.92,39.56,38.56,32.01,42.84,37.64,,33.19,59.81,39.39,,30.67,32.73,40.15,,,2.44,1.87,3.07,1.64,3.09,2.36,51850.4,36449.26,51426.75,43671.31,30488.82,102001.8
2022-01-01,2022,1,41.07,39.54,34.75,57.99,36.1,39.46,39.6,33.55,,,38.78,40.29,39.15,32.7,44.08,38.2,,34.81,60.62,40.39,36.45,,34.18,40.68,33.81,,3.46,2.78,3.61,2.15,3.85,3.14,51575.6,36210.28,51039.78,43273.44,30372.5,102284.87
2022-02-01,2022,2,41.7,41.04,35.53,58.19,37.14,40.56,40.49,34.91,41.89,34.79,39.71,41.02,39.68,33.66,45.56,38.68,39.35,36.56,61.28,41.46,37.58,,,41.43,34.57,,,,4.15,,4.61,,51300.81,35971.31,50652.82,42875.58,30256.17,102567.94
2022-03-01,2022,3,42.43,42.75,36.37,58.31,38.07,42.2,41.88,36.36,43.02,35.41,40.79,41.89,40.09,34.5,46.95,39.15,41.73,38.34,62.15,42.71,38.73,32.53,36.84,42.28,35.43,35.78,,,,,,,51026.01,35732.33,50265.85,42477.71,30139.85,102851.01
2022-04-01,2022,4,43.3,44.51,37.27,58.26,39.22,43.94,43.13,37.92,44.21,36.48,42.06,42.72,40.64,35.49,48.21,40.39,44.18,40.25,62.5,44.21,40.25,33.64,38.28,43.21,36.52,36.76,6.53,5.49,5.24,3.69,6.12,5.47,50751.21,35493.35,49878.89,42079.85,30023.52,103134.08
2022-05-01,2022,5,44.22,46.36,38.06,58.13,40.38,45.71,44.72,39.51,45.48,37.56,43.39,43.63,41.17,36.54,49.22,41.8,46.36,42.27,62.39,46.07,41.74,34.6,39.56,44.17,37.69,37.73,7.55,6.39,5.79,4.2,6.88,6.25,50476.42,35254.38,49491.92,41681.98,29907.19,103417.15
2022-06-01,2022,6,45.07,48.39,38.8,57.92,41.45,47.24,47.03,41.18,46.99,38.61,44.73,44.39,41.76,37.61,50.2,43.11,48.04,44.09,62.3,48.25,43.32,35.52,40.87,45.34,39.0,38.78,8.58,7.3,6.33,4.71,7.63,7.03,50201.62,35015.4,49104.96,41284.12,29790.87,103700.22
2022-07-01,2022,7,46.06,49.88,39.56,57.75,42.59,48.97,49.21,42.75,48.62,39.98,46.13,45.44,42.36,38.82,51.53,44.36,49.24,45.5,62.22,50.57,44.65,36.7,42.75,46.61,40.48,39.94,9.6,8.2,6.87,5.22,8.39,7.81,49926.83,34776.42,48717.99,40886.25,29674.54,103983.29
2022-08-01,2022,8,47.49,51.46,40.38,58.3,43.63,50.85,51.38,44.08,50.32,41.44,47.64,46.55,42.95,40.13,53.48,45.94,50.24,46.65,62.2,52.71,46.19,37.6,43.56,48.18,42.19,41.1,9.6,8.2,6.87,5.22,8.39,7.81,49926.83,34776.42,48717.99,40886.25,29674.54,103983.29
2022-09-01,2022,9,49.15,53.23,41.5,58.95,44.74,52.9,53.56,45.47,52.13,43.06,49.36,48.08,43.68,41.65,55.87,47.91,51.2,47.59,62.41,55.04,47.99,38.97,45.47,49.87,44.19,42.39,9.6,8.2,6.87,5.22,8.39,7.81,49926.83,34776.42,48717.99,40886.25,29674.54,103983.29
2022-10-01,2022,10,50.98,54.86,43.15,,46.15,54.7,55.52,47.0,53.86,45.46,51.18,49.72,44.72,43.35,58.66,50.02,52.29,48.42,62.32,57.29,49.88,41.52,47.34,51.58,46.39,43.89,9.6,8.2,6.87,5.22,8.39,7.81,49926.83,34776.42,48717.99,40886.25,29674.54,103983.29
2022-11-01,2022,11,52.83,56.21,44.79,,47.58,56.39,57.61,48.51,55.53,47.79,52.83,51.08,45.62,45.3,61.24,51.37,52.8,48.97,62.35,59.25,51.77,43.88,49.64,53.35,48.44,45.48,9.6,8.2,6.87,5.22,8.39,7.81,49926.83,34776.42,48717.99,40886.25,29674.54,103983.29
2022-12-01,2022,12,54.57,57.15,46.45,61.71,49.12,57.82,59.15,50.02,56.63,50.1,54.29,52.25,46.53,47.42,63.32,52.83,52.54,49.12,62.3,60.68,53.61,46.25,51.95,54.88,50.33,47.05,9.6,8.2,6.87,5.22,8.39,7.81,49926.83,34776.42,48717.99,40886.25,29674.54,103983.29
2023-01-01,2023,1,56.14,56.99,47.93,62.85,50.53,58.76,59.82,50.94,57.47,52.33,55.2,53.31,47.38,49.72,63.88,54.11,51.47,48.3,62.18,61.18,53.95,48.57,53.9,55.76,51.73,48.36,,,,,,,,,,,,
2023-02-01,2023,2,57.05,56.08,48.98,64.01,51.52,58.71,59.76,51.28,57.71,54.27,55.52,54.14,48.21,51.7,63.39,55.43,49.41,46.07,62.02,60.61,53.74,50.56,55.01,56.01,52.56,49.23,,,,,,,,,,,,
2023-03-01,2023,3,57.51,54.57,49.58,64.38,51.91,57.79,58.97,51.24,57.44,55.92,55.22,54.87,48.74,52.82,61.41,55.98,47.55,43.87,61.93,59.25,53.28,52.48,56.08,55.61,52.69,49.69,,,,,,,,,,,,
2023-04-01,2023,4,57.46,52.52,49.26,64.57,51.89,56.07,57.3,50.55,56.62,56.82,54.22,55.14,48.83,53.13,58.17,55.89,45.44,41.8,61.7,56.89,52.36,53.89,55.37,54.37,52.0,49.57,,,,,,,,,,,,
2023-05-01,2023,5,56.73,50.07,48.15,64.58,51.21,53.75,54.99,49.23,55.42,56.64,52.63,54.72,48.42,52.75,54.22,55.36,42.66,39.68,61.59,54.18,51.06,53.51,52.7,52.23,50.6,48.87,,,,,,,,,,,,
2023-06-01,2023,6,55.56,47.45,46.69,64.46,49.82,50.95,52.18,47.48,54.03,55.91,50.7,54.15,47.96,51.49,49.95,54.82,39.78,37.51,60.67,51.47,48.88,52.63,50.37,49.13,48.82,47.69,,,,,,,,,,,,
2023-07-01,2023,7,53.98,44.68,45.21,64.35,47.93,47.98,49.34,45.48,52.98,54.98,48.62,53.57,47.44,49.47,45.74,53.92,37.37,35.48,59.92,48.71,46.42,51.36,48.35,46.02,46.93,46.23,,,,,,,,,,,,
2023-08-01,2023,8,52.5,42.43,43.83,64.14,45.89,45.51,46.66,43.69,52.08,53.86,46.88,53.08,46.97,47.02,42.74,52.81,35.87,34.49,59.21,46.32,45.01,50.16,46.46,43.23,45.35,44.77,,,,,,,,,,,,
2023-09-01,2023,9,51.07,40.94,42.73,63.93,44.04,43.69,44.41,42.43,51.36,52.64,45.46,52.28,46.52,44.66,40.69,51.57,35.63,34.52,58.74,44.24,44.01,49.05,44.29,40.74,44.11,43.51,,,,,,,,,,,,
2023-10-01,2023,10,49.97,40.21,41.95,63.8,42.73,42.73,42.75,41.49,51.01,51.55,44.62,51.63,46.37,42.89,40.19,50.64,35.74,34.64,58.07,42.89,43.45,47.72,42.95,39.0,43.36,42.55,,,,,,,,,,,,
2023-11-01,2023,11,49.09,39.77,41.78,63.79,41.8,42.43,41.96,41.04,51.01,51.03,44.32,51.17,46.44,41.75,40.44,49.9,36.32,34.94,57.3,42.53,43.6,46.46,42.48,38.07,43.17,42.1,,,,,,,,,,,,
2023-12-01,2023,12,48.72,40.02,42.04,63.92,41.45,42.6,41.8,41.05,51.3,50.72,44.48,50.93,46.72,41.2,40.92,49.64,37.45,35.51,56.38,42.97,44.14,45.77,43.87,38.04,43.47,42.06,,,,,,,,,,,,
2024-01-01,2024,1,48.41,40.82,42.59,64.11,41.48,43.15,42.29,41.34,51.7,50.48,44.83,50.67,46.92,41.12,42.03,49.2,38.8,36.28,56.4,43.4,44.79,45.21,44.39,39.12,43.85,42.27,,,,,,,,,,,,
2024-02-01,2024,2,48.45,,43.07,64.3,41.68,43.85,42.8,,52.09,50.3,,50.37,46.93,41.4,,48.85,39.96,37.04,56.39,43.62,45.6,44.97,44.62,40.23,44.29,42.39,,,,,,,,,,,,
2024-03-01,2024,3,,,,,,,,,,,,,,41.73,,,41.25,37.53,,,,,,,,,,,,,,,,,,,,
