TIME,year,month,T#BE#beef_calves,T#DE#beef_calves,T#FR#beef_calves,T#IT#beef_calves,T#NL#beef_calves,C#BEL#inflazione,C#ITA#inflazione,C#DEU#inflazione,C#FRA#inflazione,C#ESP#inflazione,C#IRL#inflazione,C#BEL#gdp,C#ITA#gdp,C#DEU#gdp,C#FRA#gdp,C#ESP#gdp,C#IRL#gdp
2014-08-11,2014,8,625.46,446.71,601.43,437.0,462.81,0.34,0.24,0.91,0.51,-0.15,0.18,47764.07,35565.72,48023.87,43068.55,29513.65,55752.76
2014-08-18,2014,8,625.11,444.71,600.14,435.71,463.4,0.34,0.24,0.91,0.51,-0.15,0.18,47764.07,35565.72,48023.87,43068.55,29513.65,55752.76
2014-08-25,2014,8,625.54,444.57,599.29,439.0,464.69,0.34,0.24,0.91,0.51,-0.15,0.18,47764.07,35565.72,48023.87,43068.55,29513.65,55752.76
2014-09-01,2014,9,,445.43,598.71,438.29,467.36,0.34,0.24,0.91,0.51,-0.15,0.18,47764.07,35565.72,48023.87,43068.55,29513.65,55752.76
2014-09-08,2014,9,,448.86,599.29,438.71,470.74,0.34,0.24,0.91,0.51,-0.15,0.18,47764.07,35565.72,48023.87,43068.55,29513.65,55752.76
2014-09-15,2014,9,,454.43,600.14,439.43,474.12,0.34,0.24,0.91,0.51,-0.15,0.18,47764.07,35565.72,48023.87,43068.55,29513.65,55752.76
2014-09-22,2014,9,,459.43,601.86,441.86,477.51,0.34,0.24,0.91,0.51,-0.15,0.18,47764.07,35565.72,48023.87,43068.55,29513.65,55752.76
2014-09-29,2014,9,,463.43,,443.71,480.18,0.34,0.24,0.91,0.51,-0.15,0.18,47764.07,35565.72,48023.87,43068.55,29513.65,55752.76
2014-10-06,2014,10,,466.86,,446.71,482.25,0.34,0.24,0.91,0.51,-0.15,0.18,47764.07,35565.72,48023.87,43068.55,29513.65,55752.76
2014-10-13,2014,10,,469.86,,444.71,483.63,0.34,0.24,0.91,0.51,-0.15,0.18,47764.07,35565.72,48023.87,43068.55,29513.65,55752.76
2014-10-20,2014,10,634.32,472.43,,448.14,483.63,0.34,0.24,0.91,0.51,-0.15,0.18,47764.07,35565.72,48023.87,43068.55,29513.65,55752.76
2014-10-27,2014,10,633.39,472.57,,450.0,482.96,0.34,0.24,0.91,0.51,-0.15,0.18,47764.07,35565.72,48023.87,43068.55,29513.65,55752.76
2014-11-03,2014,11,632.36,470.71,,451.57,482.96,0.34,0.24,0.91,0.51,-0.15,0.18,47764.07,35565.72,48023.87,43068.55,29513.65,55752.76
2014-11-10,2014,11,631.32,468.71,,452.0,482.96,0.34,0.24,0.91,0.51,-0.15,0.18,47764.07,35565.72,48023.87,43068.55,29513.65,55752.76
2014-11-17,2014,11,630.29,469.86,,452.71,482.96,0.34,0.24,0.91,0.51,-0.15,0.18,47764.07,35565.72,48023.87,43068.55,29513.65,55752.76
2014-11-24,2014,11,629.25,472.14,,454.57,483.58,0.34,0.24,0.91,0.51,-0.15,0.18,47764.07,35565.72,48023.87,43068.55,29513.65,55752.76
2014-12-01,2014,12,628.21,472.43,,458.71,484.2,0.34,0.24,0.91,0.51,-0.15,0.18,47764.07,35565.72,48023.87,43068.55,29513.65,55752.76
2014-12-08,2014,12,628.11,473.29,,463.0,484.81,0.34,0.24,0.91,0.51,-0.15,0.18,47764.07,35565.72,48023.87,43068.55,29513.65,55752.76
2014-12-15,2014,12,628.0,477.0,,468.14,486.1,0.34,0.24,0.91,0.51,-0.15,0.18,47764.07,35565.72,48023.87,43068.55,29513.65,55752.76
2014-12-22,2014,12,628.0,,,472.86,486.72,0.34,0.24,0.91,0.51,-0.15,0.18,47764.07,35565.72,48023.87,43068.55,29513.65,55752.76
2014-12-29,2014,12,623.91,,,477.43,487.33,0.34,0.24,0.91,0.51,-0.15,0.18,47764.07,35565.72,48023.87,43068.55,29513.65,55752.76
2015-01-05,2015,1,619.83,487.0,,480.71,487.95,,,,,,,,,,,,
2015-01-12,2015,1,,485.57,,482.71,487.95,,,,,,,,,,,,
2015-01-19,2015,1,611.66,485.0,,482.0,488.66,,,,,,,,,,,,
2015-01-26,2015,1,607.57,482.29,,481.0,488.66,0.47,0.13,0.68,0.24,-0.35,-0.09,43903.63,32523.82,44069.23,39402.48,27365.49,59425.05
2015-02-02,2015,2,603.49,479.29,,477.57,488.66,0.5,0.1,0.63,0.17,-0.4,-0.15,42938.52,31763.34,43080.57,38485.96,26828.44,60343.12
2015-02-09,2015,2,599.24,474.29,,,488.66,0.53,0.07,0.57,0.1,-0.45,-0.22,41973.41,31002.86,42091.92,37569.44,26291.4,61261.19
2015-02-16,2015,2,598.64,469.43,,,488.66,0.56,0.04,0.51,0.04,-0.5,-0.29,41008.3,30242.39,41103.26,36652.92,25754.36,62179.26
2015-02-23,2015,2,597.89,466.43,,,488.66,0.56,0.04,0.51,0.04,-0.5,-0.29,41008.3,30242.39,41103.26,36652.92,25754.36,62179.26
2015-03-02,2015,3,597.13,464.14,630.14,,488.66,0.56,0.04,0.51,0.04,-0.5,-0.29,41008.3,30242.39,41103.26,36652.92,25754.36,62179.26
2015-03-09,2015,3,596.52,463.14,629.14,,487.95,0.56,0.04,0.51,0.04,-0.5,-0.29,41008.3,30242.39,41103.26,36652.92,25754.36,62179.26
2015-03-16,2015,3,596.02,462.43,628.86,,487.95,0.56,0.04,0.51,0.04,-0.5,-0.29,41008.3,30242.39,41103.26,36652.92,25754.36,62179.26
2015-03-23,2015,3,595.68,460.86,627.57,,487.95,0.56,0.04,0.51,0.04,-0.5,-0.29,41008.3,30242.39,41103.26,36652.92,25754.36,62179.26
2015-03-30,2015,3,595.49,460.14,627.29,,487.95,0.56,0.04,0.51,0.04,-0.5,-0.29,41008.3,30242.39,41103.26,36652.92,25754.36,62179.26
2015-04-06,2015,4,595.75,460.43,626.43,,486.66,0.56,0.04,0.51,0.04,-0.5,-0.29,41008.3,30242.39,41103.26,36652.92,25754.36,62179.26
2015-04-13,2015,4,595.69,459.86,621.57,,,0.56,0.04,0.51,0.04,-0.5,-0.29,41008.3,30242.39,41103.26,36652.92,25754.36,62179.26
2015-04-20,2015,4,595.49,459.71,617.0,,,0.56,0.04,0.51,0.04,-0.5,-0.29,41008.3,30242.39,41103.26,36652.92,25754.36,62179.26
2015-04-27,2015,4,594.76,456.86,611.71,,,0.56,0.04,0.51,0.04,-0.5,-0.29,41008.3,30242.39,41103.26,36652.92,25754.36,62179.26
2015-05-04,2015,5,593.52,454.14,606.29,,473.29,0.56,0.04,0.51,0.04,-0.5,-0.29,41008.3,30242.39,41103.26,36652.92,25754.36,62179.26
2015-05-11,2015,5,,452.57,599.71,,469.29,0.56,0.04,0.51,0.04,-0.5,-0.29,41008.3,30242.39,41103.26,36652.92,25754.36,62179.26
2015-05-18,2015,5,590.74,450.43,593.0,,465.29,0.56,0.04,0.51,0.04,-0.5,-0.29,41008.3,30242.39,41103.26,36652.92,25754.36,62179.26
2015-05-25,2015,5,589.24,449.57,586.71,,462.57,0.56,0.04,0.51,0.04,-0.5,-0.29,41008.3,30242.39,41103.26,36652.92,25754.36,62179.26
2015-06-01,2015,6,588.26,449.43,583.43,443.71,461.26,0.56,0.04,0.51,0.04,-0.5,-0.29,41008.3,30242.39,41103.26,36652.92,25754.36,62179.26
2015-06-08,2015,6,587.41,449.71,580.29,444.43,459.95,0.56,0.04,0.51,0.04,-0.5,-0.29,41008.3,30242.39,41103.26,36652.92,25754.36,62179.26
2015-06-15,2015,6,586.95,451.14,577.71,444.0,459.95,0.56,0.04,0.51,0.04,-0.5,-0.29,41008.3,30242.39,41103.26,36652.92,25754.36,62179.26
2015-06-22,2015,6,586.89,451.71,575.14,443.57,459.95,0.56,0.04,0.51,0.04,-0.5,-0.29,41008.3,30242.39,41103.26,36652.92,25754.36,62179.26
2015-06-29,2015,6,586.84,451.57,573.71,443.86,459.95,0.56,0.04,0.51,0.04,-0.5,-0.29,41008.3,30242.39,41103.26,36652.92,25754.36,62179.26
2015-07-06,2015,7,586.41,451.29,572.14,444.71,459.24,0.56,0.04,0.51,0.04,-0.5,-0.29,41008.3,30242.39,41103.26,36652.92,25754.36,62179.26
2015-07-13,2015,7,586.08,450.86,569.86,444.29,458.52,0.56,0.04,0.51,0.04,-0.5,-0.29,41008.3,30242.39,41103.26,36652.92,25754.36,62179.26
2015-07-20,2015,7,585.71,450.0,567.43,443.14,457.81,0.56,0.04,0.51,0.04,-0.5,-0.29,41008.3,30242.39,41103.26,36652.92,25754.36,62179.26
2015-07-27,2015,7,585.34,447.57,565.14,441.43,455.81,0.56,0.04,0.51,0.04,-0.5,-0.29,41008.3,30242.39,41103.26,36652.92,25754.36,62179.26
2015-08-03,2015,8,583.39,446.0,563.71,440.43,453.09,0.56,0.04,0.51,0.04,-0.5,-0.29,41008.3,30242.39,41103.26,36652.92,25754.36,62179.26
2015-08-10,2015,8,581.79,444.71,561.71,439.29,450.38,0.56,0.04,0.51,0.04,-0.5,-0.29,41008.3,30242.39,41103.26,36652.92,25754.36,62179.26
2015-08-17,2015,8,579.94,444.71,559.29,437.71,447.66,0.56,0.04,0.51,0.04,-0.5,-0.29,41008.3,30242.39,41103.26,36652.92,25754.36,62179.26
2015-08-24,2015,8,579.41,445.86,557.29,437.57,446.38,0.56,0.04,0.51,0.04,-0.5,-0.29,41008.3,30242.39,41103.26,36652.92,25754.36,62179.26
2015-08-31,2015,8,579.52,444.57,557.57,438.71,445.76,0.56,0.04,0.51,0.04,-0.5,-0.29,41008.3,30242.39,41103.26,36652.92,25754.36,62179.26
2015-09-07,2015,9,580.18,445.0,557.43,441.57,446.48,0.56,0.04,0.51,0.04,-0.5,-0.29,41008.3,30242.39,41103.26,36652.92,25754.36,62179.26
2015-09-14,2015,9,581.23,446.43,557.43,445.43,449.79,0.56,0.04,0.51,0.04,-0.5,-0.29,41008.3,30242.39,41103.26,36652.92,25754.36,62179.26
2015-09-21,2015,9,584.09,449.71,558.0,450.14,454.5,0.56,0.04,0.51,0.04,-0.5,-0.29,41008.3,30242.39,41103.26,36652.92,25754.36,62179.26
2015-09-28,2015,9,586.76,454.86,560.29,454.86,459.22,0.56,0.04,0.51,0.04,-0.5,-0.29,41008.3,30242.39,41103.26,36652.92,25754.36,62179.26
2015-10-05,2015,10,589.66,457.86,564.29,460.71,463.93,0.56,0.04,0.51,0.04,-0.5,-0.29,41008.3,30242.39,41103.26,36652.92,25754.36,62179.26
2015-10-12,2015,10,591.53,460.86,569.14,465.43,467.93,0.56,0.04,0.51,0.04,-0.5,-0.29,41008.3,30242.39,41103.26,36652.92,25754.36,62179.26
2015-10-19,2015,10,592.69,465.0,572.43,471.43,471.26,0.56,0.04,0.51,0.04,-0.5,-0.29,41008.3,30242.39,41103.26,36652.92,25754.36,62179.26
2015-10-26,2015,10,593.29,469.14,577.14,474.57,473.26,0.56,0.04,0.51,0.04,-0.5,-0.29,41008.3,30242.39,41103.26,36652.92,25754.36,62179.26
2015-11-02,2015,11,593.66,472.86,583.0,475.14,,0.56,0.04,0.51,0.04,-0.5,-0.29,41008.3,30242.39,41103.26,36652.92,25754.36,62179.26
2015-11-09,2015,11,593.8,475.14,589.57,475.57,,0.56,0.04,0.51,0.04,-0.5,-0.29,41008.3,30242.39,41103.26,36652.92,25754.36,62179.26
2015-11-16,2015,11,594.01,476.14,594.86,476.57,,0.56,0.04,0.51,0.04,-0.5,-0.29,41008.3,30242.39,41103.26,36652.92,25754.36,62179.26
2015-11-23,2015,11,594.62,477.71,598.86,476.57,,0.56,0.04,0.51,0.04,-0.5,-0.29,41008.3,30242.39,41103.26,36652.92,25754.36,62179.26
2015-11-30,2015,11,595.49,480.0,602.29,477.29,,0.56,0.04,0.51,0.04,-0.5,-0.29,41008.3,30242.39,41103.26,36652.92,25754.36,62179.26
2015-12-07,2015,12,596.51,483.29,605.86,478.0,,0.56,0.04,0.51,0.04,-0.5,-0.29,41008.3,30242.39,41103.26,36652.92,25754.36,62179.26
2015-12-14,2015,12,597.54,485.57,610.14,480.71,,0.56,0.04,0.51,0.04,-0.5,-0.29,41008.3,30242.39,41103.26,36652.92,25754.36,62179.26
2015-12-21,2015,12,598.41,489.29,613.0,486.71,482.66,0.56,0.04,0.51,0.04,-0.5,-0.29,41008.3,30242.39,41103.26,36652.92,25754.36,62179.26
2015-12-28,2015,12,599.4,491.0,614.0,,485.38,0.56,0.04,0.51,0.04,-0.5,-0.29,41008.3,30242.39,41103.26,36652.92,25754.36,62179.26
2016-01-04,2016,1,600.15,491.71,615.14,495.86,487.38,,,,,,,,,,,,
2016-01-11,2016,1,600.54,491.57,617.43,501.71,490.09,,,,,,,,,,,,
2016-01-18,2016,1,600.78,491.71,619.29,507.43,490.09,,,,,,,,,,,,
2016-01-25,2016,1,600.93,488.57,621.86,509.29,490.09,1.37,-0.04,0.5,0.12,-0.33,-0.12,41582.2,30652.87,41693.46,36886.99,26201.67,62524.87
2016-02-01,2016,2,600.45,486.29,623.57,508.29,488.81,1.57,-0.06,0.5,0.14,-0.29,-0.08,41725.67,30755.49,41841.02,36945.5,26313.5,62611.27
2016-02-08,2016,2,599.6,483.29,625.57,506.57,486.81,1.77,-0.08,0.49,0.16,-0.25,-0.03,41869.15,30858.11,41988.57,37004.02,26425.33,62697.67
2016-02-15,2016,2,598.4,479.71,627.57,504.43,484.81,1.97,-0.09,0.49,0.18,-0.2,0.01,42012.62,30960.73,42136.12,37062.53,26537.16,62784.07
2016-02-22,2016,2,597.2,478.71,629.71,502.86,483.52,1.97,-0.09,0.49,0.18,-0.2,0.01,42012.62,30960.73,42136.12,37062.53,26537.16,62784.07
2016-02-29,2016,2,595.96,476.86,630.71,498.57,480.81,1.97,-0.09,0.49,0.18,-0.2,0.01,42012.62,30960.73,42136.12,37062.53,26537.16,62784.07
2016-03-07,2016,3,594.89,474.71,631.57,493.29,478.81,1.97,-0.09,0.49,0.18,-0.2,0.01,42012.62,30960.73,42136.12,37062.53,26537.16,62784.07
2016-03-14,2016,3,593.81,473.29,631.14,490.71,477.52,1.97,-0.09,0.49,0.18,-0.2,0.01,42012.62,30960.73,42136.12,37062.53,26537.16,62784.07
2016-03-21,2016,3,593.36,472.43,630.14,489.86,477.52,1.97,-0.09,0.49,0.18,-0.2,0.01,42012.62,30960.73,42136.12,37062.53,26537.16,62784.07
2016-03-28,2016,3,592.96,471.71,629.14,487.86,476.81,1.97,-0.09,0.49,0.18,-0.2,0.01,42012.62,30960.73,42136.12,37062.53,26537.16,62784.07
2016-04-04,2016,4,592.64,471.29,627.57,483.14,474.81,1.97,-0.09,0.49,0.18,-0.2,0.01,42012.62,30960.73,42136.12,37062.53,26537.16,62784.07
2016-04-11,2016,4,591.74,468.71,625.0,478.0,472.09,1.97,-0.09,0.49,0.18,-0.2,0.01,42012.62,30960.73,42136.12,37062.53,26537.16,62784.07
2016-04-18,2016,4,590.54,465.86,621.57,471.71,468.76,1.97,-0.09,0.49,0.18,-0.2,0.01,42012.62,30960.73,42136.12,37062.53,26537.16,62784.07
2016-04-25,2016,4,588.94,461.71,616.57,464.57,464.76,1.97,-0.09,0.49,0.18,-0.2,0.01,42012.62,30960.73,42136.12,37062.53,26537.16,62784.07
2016-05-02,2016,5,587.14,458.14,611.29,456.57,460.05,1.97,-0.09,0.49,0.18,-0.2,0.01,42012.62,30960.73,42136.12,37062.53,26537.16,62784.07
2016-05-09,2016,5,585.04,452.71,606.14,448.57,455.33,1.97,-0.09,0.49,0.18,-0.2,0.01,42012.62,30960.73,42136.12,37062.53,26537.16,62784.07
2016-05-16,2016,5,582.97,447.57,600.43,441.0,451.33,1.97,-0.09,0.49,0.18,-0.2,0.01,42012.62,30960.73,42136.12,37062.53,26537.16,62784.07
2016-05-23,2016,5,580.91,444.29,593.86,436.43,447.77,1.97,-0.09,0.49,0.18,-0.2,0.01,42012.62,30960.73,42136.12,37062.53,26537.16,62784.07
2016-05-30,2016,5,578.97,441.14,587.86,433.43,443.49,1.97,-0.09,0.49,0.18,-0.2,0.01,42012.62,30960.73,42136.12,37062.53,26537.16,62784.07
2016-06-06,2016,6,577.02,438.86,582.0,432.0,439.39,1.97,-0.09,0.49,0.18,-0.2,0.01,42012.62,30960.73,42136.12,37062.53,26537.16,62784.07
2016-06-13,2016,6,575.31,436.43,578.29,432.86,435.96,1.97,-0.09,0.49,0.18,-0.2,0.01,42012.62,30960.73,42136.12,37062.53,26537.16,62784.07
2016-06-20,2016,6,573.42,434.29,575.0,432.43,431.92,1.97,-0.09,0.49,0.18,-0.2,0.01,42012.62,30960.73,42136.12,37062.53,26537.16,62784.07
2016-06-27,2016,6,571.39,432.86,572.43,431.86,427.2,1.97,-0.09,0.49,0.18,-0.2,0.01,42012.62,30960.73,42136.12,37062.53,26537.16,62784.07
2016-07-04,2016,7,568.77,429.86,568.29,432.86,422.49,1.97,-0.09,0.49,0.18,-0.2,0.01,42012.62,30960.73,42136.12,37062.53,26537.16,62784.07
2016-07-11,2016,7,565.86,426.0,566.29,431.0,415.91,1.97,-0.09,0.49,0.18,-0.2,0.01,42012.62,30960.73,42136.12,37062.53,26537.16,62784.07
2016-07-18,2016,7,562.84,421.14,564.57,431.14,,1.97,-0.09,0.49,0.18,-0.2,0.01,42012.62,30960.73,42136.12,37062.53,26537.16,62784.07
2016-07-25,2016,7,559.44,417.71,562.14,428.14,,1.97,-0.09,0.49,0.18,-0.2,0.01,42012.62,30960.73,42136.12,37062.53,26537.16,62784.07
2016-08-01,2016,8,555.92,413.43,559.29,427.86,,1.97,-0.09,0.49,0.18,-0.2,0.01,42012.62,30960.73,42136.12,37062.53,26537.16,62784.07
2016-08-08,2016,8,553.19,409.71,557.29,429.14,,1.97,-0.09,0.49,0.18,-0.2,0.01,42012.62,30960.73,42136.12,37062.53,26537.16,62784.07
2016-08-15,2016,8,550.89,408.14,554.86,430.71,,1.97,-0.09,0.49,0.18,-0.2,0.01,42012.62,30960.73,42136.12,37062.53,26537.16,62784.07
2016-08-22,2016,8,549.47,406.71,554.0,428.0,,1.97,-0.09,0.49,0.18,-0.2,0.01,42012.62,30960.73,42136.12,37062.53,26537.16,62784.07
2016-08-29,2016,8,548.59,407.14,553.14,432.57,,1.97,-0.09,0.49,0.18,-0.2,0.01,42012.62,30960.73,42136.12,37062.53,26537.16,62784.07
2016-09-05,2016,9,548.48,409.14,552.43,426.86,401.36,1.97,-0.09,0.49,0.18,-0.2,0.01,42012.62,30960.73,42136.12,37062.53,26537.16,62784.07
2016-09-12,2016,9,549.09,412.0,552.57,431.29,406.79,1.97,-0.09,0.49,0.18,-0.2,0.01,42012.62,30960.73,42136.12,37062.53,26537.16,62784.07
2016-09-19,2016,9,549.84,415.86,553.71,431.86,412.22,1.97,-0.09,0.49,0.18,-0.2,0.01,42012.62,30960.73,42136.12,37062.53,26537.16,62784.07
2016-09-26,2016,9,550.24,419.71,554.14,433.0,418.24,1.97,-0.09,0.49,0.18,-0.2,0.01,42012.62,30960.73,42136.12,37062.53,26537.16,62784.07
2016-10-03,2016,10,550.69,421.86,554.29,435.0,424.27,1.97,-0.09,0.49,0.18,-0.2,0.01,42012.62,30960.73,42136.12,37062.53,26537.16,62784.07
2016-10-10,2016,10,551.3,425.14,554.71,443.71,429.67,1.97,-0.09,0.49,0.18,-0.2,0.01,42012.62,30960.73,42136.12,37062.53,26537.16,62784.07
2016-10-17,2016,10,552.54,427.0,554.14,,433.67,1.97,-0.09,0.49,0.18,-0.2,0.01,42012.62,30960.73,42136.12,37062.53,26537.16,62784.07
2016-10-24,2016,10,553.93,431.86,555.43,,437.72,1.97,-0.09,0.49,0.18,-0.2,0.01,42012.62,30960.73,42136.12,37062.53,26537.16,62784.07
2016-10-31,2016,10,555.87,434.86,557.86,467.14,439.72,1.97,-0.09,0.49,0.18,-0.2,0.01,42012.62,30960.73,42136.12,37062.53,26537.16,62784.07
2016-11-07,2016,11,558.69,438.57,,473.0,443.0,1.97,-0.09,0.49,0.18,-0.2,0.01,42012.62,30960.73,42136.12,37062.53,26537.16,62784.07
2016-11-14,2016,11,562.52,442.71,560.0,476.0,447.12,1.97,-0.09,0.49,0.18,-0.2,0.01,42012.62,30960.73,42136.12,37062.53,26537.16,62784.07
2016-11-21,2016,11,567.38,448.14,562.0,480.43,453.24,1.97,-0.09,0.49,0.18,-0.2,0.01,42012.62,30960.73,42136.12,37062.53,26537.16,62784.07
2016-11-28,2016,11,573.29,456.71,565.57,482.0,459.95,1.97,-0.09,0.49,0.18,-0.2,0.01,42012.62,30960.73,42136.12,37062.53,26537.16,62784.07
2016-12-05,2016,12,578.94,465.14,569.71,485.57,468.09,1.97,-0.09,0.49,0.18,-0.2,0.01,42012.62,30960.73,42136.12,37062.53,26537.16,62784.07
2016-12-12,2016,12,584.36,471.57,573.0,493.86,475.52,1.97,-0.09,0.49,0.18,-0.2,0.01,42012.62,30960.73,42136.12,37062.53,26537.16,62784.07
2016-12-19,2016,12,589.22,479.57,575.71,497.14,482.95,1.97,-0.09,0.49,0.18,-0.2,0.01,42012.62,30960.73,42136.12,37062.53,26537.16,62784.07
2016-12-26,2016,12,593.17,487.43,579.14,504.57,489.09,1.97,-0.09,0.49,0.18,-0.2,0.01,42012.62,30960.73,42136.12,37062.53,26537.16,62784.07
2017-01-02,2017,1,596.06,492.0,582.71,512.71,493.81,,,,,,,,,,,,
2017-01-09,2017,1,597.73,494.0,586.86,518.86,496.52,,,,,,,,,,,,
2017-01-16,2017,1,598.18,491.43,590.43,523.29,497.95,,,,,,,,,,,,
2017-01-23,2017,1,597.89,488.71,594.29,525.86,497.95,2.06,0.66,1.07,0.67,1.03,0.2,43261.69,31787.01,43574.1,38044.54,27478.97,66993.59
2017-01-30,2017,1,596.69,486.86,597.0,523.29,495.9,2.08,0.85,1.22,0.79,1.34,0.25,43573.95,31993.58,43933.6,38290.04,27714.42,68045.97
2017-02-06,2017,2,594.89,482.71,600.14,519.29,493.19,2.1,1.04,1.36,0.91,1.65,0.29,43886.22,32200.15,44293.09,38535.55,27949.87,69098.36
2017-02-13,2017,2,592.64,478.43,602.29,512.29,489.76,2.13,1.23,1.51,1.03,1.96,0.34,44198.48,32406.72,44652.59,38781.05,28185.32,70150.74
2017-02-20,2017,2,589.94,475.57,604.71,506.0,485.64,2.13,1.23,1.51,1.03,1.96,0.34,44198.48,32406.72,44652.59,38781.05,28185.32,70150.74
2017-02-27,2017,2,587.41,473.71,605.86,497.86,481.53,2.13,1.23,1.51,1.03,1.96,0.34,44198.48,32406.72,44652.59,38781.05,28185.32,70150.74
2017-03-06,2017,3,584.87,471.14,605.57,491.0,477.41,2.13,1.23,1.51,1.03,1.96,0.34,44198.48,32406.72,44652.59,38781.05,28185.32,70150.74
2017-03-13,2017,3,582.54,468.71,605.14,483.57,473.29,2.13,1.23,1.51,1.03,1.96,0.34,44198.48,32406.72,44652.59,38781.05,28185.32,70150.74
2017-03-20,2017,3,580.91,466.71,594.71,478.57,471.22,2.13,1.23,1.51,1.03,1.96,0.34,44198.48,32406.72,44652.59,38781.05,28185.32,70150.74
2017-03-27,2017,3,579.46,465.0,593.57,474.0,468.51,2.13,1.23,1.51,1.03,1.96,0.34,44198.48,32406.72,44652.59,38781.05,28185.32,70150.74
2017-04-03,2017,4,578.26,463.43,591.86,472.43,467.22,2.13,1.23,1.51,1.03,1.96,0.34,44198.48,32406.72,44652.59,38781.05,28185.32,70150.74
2017-04-10,2017,4,577.1,461.14,590.29,471.29,465.91,2.13,1.23,1.51,1.03,1.96,0.34,44198.48,32406.72,44652.59,38781.05,28185.32,70150.74
2017-04-17,2017,4,575.74,457.57,588.29,472.71,464.6,2.13,1.23,1.51,1.03,1.96,0.34,44198.48,32406.72,44652.59,38781.05,28185.32,70150.74
2017-04-24,2017,4,573.91,456.14,585.29,472.57,462.57,2.13,1.23,1.51,1.03,1.96,0.34,44198.48,32406.72,44652.59,38781.05,28185.32,70150.74
2017-05-01,2017,5,571.94,456.29,582.0,472.14,460.55,2.13,1.23,1.51,1.03,1.96,0.34,44198.48,32406.72,44652.59,38781.05,28185.32,70150.74
2017-05-08,2017,5,569.21,452.0,586.57,470.71,458.52,2.13,1.23,1.51,1.03,1.96,0.34,44198.48,32406.72,44652.59,38781.05,28185.32,70150.74
2017-05-15,2017,5,566.6,448.71,581.86,469.43,457.81,2.13,1.23,1.51,1.03,1.96,0.34,44198.48,32406.72,44652.59,38781.05,28185.32,70150.74
2017-05-22,2017,5,564.23,445.57,578.43,467.57,456.38,2.13,1.23,1.51,1.03,1.96,0.34,44198.48,32406.72,44652.59,38781.05,28185.32,70150.74
2017-05-29,2017,5,561.71,444.0,574.29,465.86,455.66,2.13,1.23,1.51,1.03,1.96,0.34,44198.48,32406.72,44652.59,38781.05,28185.32,70150.74
2017-06-05,2017,6,559.4,444.43,570.0,464.14,454.33,2.13,1.23,1.51,1.03,1.96,0.34,44198.48,32406.72,44652.59,38781.05,28185.32,70150.74
2017-06-12,2017,6,557.56,443.86,567.57,464.14,453.72,2.13,1.23,1.51,1.03,1.96,0.34,44198.48,32406.72,44652.59,38781.05,28185.32,70150.74
2017-06-19,2017,6,555.71,440.0,563.57,464.71,451.72,2.13,1.23,1.51,1.03,1.96,0.34,44198.48,32406.72,44652.59,38781.05,28185.32,70150.74
2017-06-26,2017,6,554.17,437.14,559.86,464.43,447.72,2.13,1.23,1.51,1.03,1.96,0.34,44198.48,32406.72,44652.59,38781.05,28185.32,70150.74
2017-07-03,2017,7,552.75,432.71,554.57,464.57,442.38,2.13,1.23,1.51,1.03,1.96,0.34,44198.48,32406.72,44652.59,38781.05,28185.32,70150.74
2017-07-10,2017,7,551.06,428.43,548.43,463.86,436.38,2.13,1.23,1.51,1.03,1.96,0.34,44198.48,32406.72,44652.59,38781.05,28185.32,70150.74
2017-07-17,2017,7,549.9,423.57,542.71,463.29,431.05,2.13,1.23,1.51,1.03,1.96,0.34,44198.48,32406.72,44652.59,38781.05,28185.32,70150.74
2017-07-24,2017,7,548.74,418.0,536.14,462.71,424.27,2.13,1.23,1.51,1.03,1.96,0.34,44198.48,32406.72,44652.59,38781.05,28185.32,70150.74
2017-07-31,2017,7,547.59,413.0,530.0,461.14,417.48,2.13,1.23,1.51,1.03,1.96,0.34,44198.48,32406.72,44652.59,38781.05,28185.32,70150.74
2017-08-07,2017,8,547.46,411.71,526.57,,414.15,2.13,1.23,1.51,1.03,1.96,0.34,44198.48,32406.72,44652.59,38781.05,28185.32,70150.74
2017-08-14,2017,8,548.2,412.86,525.43,460.86,412.82,2.13,1.23,1.51,1.03,1.96,0.34,44198.48,32406.72,44652.59,38781.05,28185.32,70150.74
2017-08-21,2017,8,549.75,415.57,525.29,462.57,412.82,2.13,1.23,1.51,1.03,1.96,0.34,44198.48,32406.72,44652.59,38781.05,28185.32,70150.74
2017-08-28,2017,8,552.21,419.29,527.0,464.71,414.82,2.13,1.23,1.51,1.03,1.96,0.34,44198.48,32406.72,44652.59,38781.05,28185.32,70150.74
2017-09-04,2017,9,555.61,424.0,530.0,470.0,418.15,2.13,1.23,1.51,1.03,1.96,0.34,44198.48,32406.72,44652.59,38781.05,28185.32,70150.74
2017-09-11,2017,9,560.39,429.0,535.14,,425.55,2.13,1.23,1.51,1.03,1.96,0.34,44198.48,32406.72,44652.59,38781.05,28185.32,70150.74
2017-09-18,2017,9,566.18,433.43,539.57,,433.67,2.13,1.23,1.51,1.03,1.96,0.34,44198.48,32406.72,44652.59,38781.05,28185.32,70150.74
2017-09-25,2017,9,571.66,437.57,544.57,488.29,441.03,2.13,1.23,1.51,1.03,1.96,0.34,44198.48,32406.72,44652.59,38781.05,28185.32,70150.74
2017-10-02,2017,10,576.74,441.71,549.0,493.57,449.07,2.13,1.23,1.51,1.03,1.96,0.34,44198.48,32406.72,44652.59,38781.05,28185.32,70150.74
2017-10-09,2017,10,581.82,444.57,554.43,500.57,457.83,2.13,1.23,1.51,1.03,1.96,0.34,44198.48,32406.72,44652.59,38781.05,28185.32,70150.74
2017-10-16,2017,10,586.22,448.71,559.43,507.29,465.26,2.13,1.23,1.51,1.03,1.96,0.34,44198.48,32406.72,44652.59,38781.05,28185.32,70150.74
2017-10-23,2017,10,589.53,452.71,564.0,510.86,470.69,2.13,1.23,1.51,1.03,1.96,0.34,44198.48,32406.72,44652.59,38781.05,28185.32,70150.74
2017-10-30,2017,10,591.44,456.71,568.29,514.57,474.12,2.13,1.23,1.51,1.03,1.96,0.34,44198.48,32406.72,44652.59,38781.05,28185.32,70150.74
2017-11-06,2017,11,592.84,462.0,572.43,516.29,478.12,2.13,1.23,1.51,1.03,1.96,0.34,44198.48,32406.72,44652.59,38781.05,28185.32,70150.74
2017-11-13,2017,11,594.96,467.0,576.29,518.0,482.24,2.13,1.23,1.51,1.03,1.96,0.34,44198.48,32406.72,44652.59,38781.05,28185.32,70150.74
2017-11-20,2017,11,598.09,472.86,581.29,519.71,486.26,2.13,1.23,1.51,1.03,1.96,0.34,44198.48,32406.72,44652.59,38781.05,28185.32,70150.74
2017-11-27,2017,11,600.62,478.57,586.14,520.86,489.57,2.13,1.23,1.51,1.03,1.96,0.34,44198.48,32406.72,44652.59,38781.05,28185.32,70150.74
2017-12-04,2017,12,603.15,482.0,590.0,522.14,492.88,2.13,1.23,1.51,1.03,1.96,0.34,44198.48,32406.72,44652.59,38781.05,28185.32,70150.74
2017-12-11,2017,12,605.84,486.0,593.86,525.29,496.2,2.13,1.23,1.51,1.03,1.96,0.34,44198.48,32406.72,44652.59,38781.05,28185.32,70150.74
2017-12-18,2017,12,608.54,489.86,597.14,526.29,499.51,2.13,1.23,1.51,1.03,1.96,0.34,44198.48,32406.72,44652.59,38781.05,28185.32,70150.74
2017-12-25,2017,12,610.75,491.29,601.0,528.43,500.94,2.13,1.23,1.51,1.03,1.96,0.34,44198.48,32406.72,44652.59,38781.05,28185.32,70150.74
2018-01-01,2018,1,611.75,491.57,603.43,529.86,500.94,,,,,,,,,,,,
2018-01-08,2018,1,611.75,489.57,604.29,530.71,500.34,,,,,,,,,,,,
2018-01-15,2018,1,,487.43,604.43,530.86,499.74,,,,,,,,,,,,
2018-01-22,2018,1,,487.14,605.57,530.29,499.14,2.08,1.18,1.64,1.5,1.8,0.43,46110.77,33672.69,46530.7,40367.8,29439.26,75462.85
2018-01-29,2018,1,,486.14,606.29,528.29,498.55,2.07,1.16,1.67,1.62,1.76,0.45,46588.84,33989.18,47000.22,40764.48,29752.75,76790.88
2018-02-05,2018,2,,484.57,607.14,527.29,497.95,2.06,1.15,1.7,1.73,1.72,0.47,47066.91,34305.68,47469.75,41161.17,30066.24,78118.91
2018-02-12,2018,2,,484.86,607.14,525.14,497.24,2.05,1.14,1.73,1.85,1.67,0.49,47544.98,34622.17,47939.28,41557.85,30379.72,79446.94
2018-02-19,2018,2,,483.29,607.43,525.0,496.52,2.05,1.14,1.73,1.85,1.67,0.49,47544.98,34622.17,47939.28,41557.85,30379.72,79446.94
2018-02-26,2018,2,,481.71,608.71,524.29,495.81,2.05,1.14,1.73,1.85,1.67,0.49,47544.98,34622.17,47939.28,41557.85,30379.72,79446.94
2018-03-05,2018,3,612.14,483.57,610.43,522.71,495.09,2.05,1.14,1.73,1.85,1.67,0.49,47544.98,34622.17,47939.28,41557.85,30379.72,79446.94
2018-03-12,2018,3,612.14,481.86,610.43,522.71,494.38,2.05,1.14,1.73,1.85,1.67,0.49,47544.98,34622.17,47939.28,41557.85,30379.72,79446.94
2018-03-19,2018,3,612.14,481.29,610.0,522.0,492.95,2.05,1.14,1.73,1.85,1.67,0.49,47544.98,34622.17,47939.28,41557.85,30379.72,79446.94
2018-03-26,2018,3,611.75,482.14,609.86,521.0,490.24,2.05,1.14,1.73,1.85,1.67,0.49,47544.98,34622.17,47939.28,41557.85,30379.72,79446.94
2018-04-02,2018,4,610.12,480.71,609.86,521.0,486.83,2.05,1.14,1.73,1.85,1.67,0.49,47544.98,34622.17,47939.28,41557.85,30379.72,79446.94
2018-04-09,2018,4,607.12,480.57,608.0,516.86,482.12,2.05,1.14,1.73,1.85,1.67,0.49,47544.98,34622.17,47939.28,41557.85,30379.72,79446.94
2018-04-16,2018,4,603.12,480.86,605.57,512.86,477.4,2.05,1.14,1.73,1.85,1.67,0.49,47544.98,34622.17,47939.28,41557.85,30379.72,79446.94
2018-04-23,2018,4,597.73,476.43,602.43,508.57,471.36,2.05,1.14,1.73,1.85,1.67,0.49,47544.98,34622.17,47939.28,41557.85,30379.72,79446.94
2018-04-30,2018,4,591.49,,600.0,503.14,463.93,2.05,1.14,1.73,1.85,1.67,0.49,47544.98,34622.17,47939.28,41557.85,30379.72,79446.94
2018-05-07,2018,5,583.88,,597.0,496.86,457.22,2.05,1.14,1.73,1.85,1.67,0.49,47544.98,34622.17,47939.28,41557.85,30379.72,79446.94
2018-05-14,2018,5,576.66,459.43,592.29,490.71,451.79,2.05,1.14,1.73,1.85,1.67,0.49,47544.98,34622.17,47939.28,41557.85,30379.72,79446.94
2018-05-21,2018,5,569.97,454.57,588.0,484.29,447.76,2.05,1.14,1.73,1.85,1.67,0.49,47544.98,34622.17,47939.28,41557.85,30379.72,79446.94
2018-05-28,2018,5,563.94,449.71,584.43,480.0,444.36,2.05,1.14,1.73,1.85,1.67,0.49,47544.98,34622.17,47939.28,41557.85,30379.72,79446.94
2018-06-04,2018,6,558.14,445.29,580.71,475.43,440.36,2.05,1.14,1.73,1.85,1.67,0.49,47544.98,34622.17,47939.28,41557.85,30379.72,79446.94
2018-06-11,2018,6,553.1,441.57,576.0,472.43,436.98,2.05,1.14,1.73,1.85,1.67,0.49,47544.98,34622.17,47939.28,41557.85,30379.72,79446.94
2018-06-18,2018,6,549.31,437.29,570.86,469.43,434.26,2.05,1.14,1.73,1.85,1.67,0.49,47544.98,34622.17,47939.28,41557.85,30379.72,79446.94
2018-06-25,2018,6,546.27,434.43,567.29,468.0,430.93,2.05,1.14,1.73,1.85,1.67,0.49,47544.98,34622.17,47939.28,41557.85,30379.72,79446.94
2018-07-02,2018,7,542.63,432.43,564.43,467.14,426.93,2.05,1.14,1.73,1.85,1.67,0.49,47544.98,34622.17,47939.28,41557.85,30379.72,79446.94
2018-07-09,2018,7,538.91,429.43,561.43,466.14,422.93,2.05,1.14,1.73,1.85,1.67,0.49,47544.98,34622.17,47939.28,41557.85,30379.72,79446.94
2018-07-16,2018,7,535.52,426.71,560.0,464.29,419.62,2.05,1.14,1.73,1.85,1.67,0.49,47544.98,34622.17,47939.28,41557.85,30379.72,79446.94
2018-07-23,2018,7,532.5,422.86,558.29,462.71,416.19,2.05,1.14,1.73,1.85,1.67,0.49,47544.98,34622.17,47939.28,41557.85,30379.72,79446.94
2018-07-30,2018,7,529.32,420.0,557.29,460.43,413.48,2.05,1.14,1.73,1.85,1.67,0.49,47544.98,34622.17,47939.28,41557.85,30379.72,79446.94
2018-08-06,2018,8,526.14,418.29,556.43,458.14,412.19,2.05,1.14,1.73,1.85,1.67,0.49,47544.98,34622.17,47939.28,41557.85,30379.72,79446.94
2018-08-13,2018,8,523.57,418.43,555.0,455.29,412.19,2.05,1.14,1.73,1.85,1.67,0.49,47544.98,34622.17,47939.28,41557.85,30379.72,79446.94
2018-08-20,2018,8,522.61,419.14,553.57,452.71,414.19,2.05,1.14,1.73,1.85,1.67,0.49,47544.98,34622.17,47939.28,41557.85,30379.72,79446.94
2018-08-27,2018,8,524.04,419.86,553.29,450.57,416.9,2.05,1.14,1.73,1.85,1.67,0.49,47544.98,34622.17,47939.28,41557.85,30379.72,79446.94
2018-09-03,2018,9,527.07,422.57,553.71,449.57,420.9,2.05,1.14,1.73,1.85,1.67,0.49,47544.98,34622.17,47939.28,41557.85,30379.72,79446.94
2018-09-10,2018,9,531.71,426.57,554.86,448.86,426.33,2.05,1.14,1.73,1.85,1.67,0.49,47544.98,34622.17,47939.28,41557.85,30379.72,79446.94
2018-09-17,2018,9,536.75,432.57,557.0,453.57,431.76,2.05,1.14,1.73,1.85,1.67,0.49,47544.98,34622.17,47939.28,41557.85,30379.72,79446.94
2018-09-24,2018,9,541.79,439.71,559.29,457.57,436.48,2.05,1.14,1.73,1.85,1.67,0.49,47544.98,34622.17,47939.28,41557.85,30379.72,79446.94
2018-10-01,2018,10,546.82,444.29,562.0,462.0,440.52,2.05,1.14,1.73,1.85,1.67,0.49,47544.98,34622.17,47939.28,41557.85,30379.72,79446.94
2018-10-08,2018,10,550.86,447.71,565.14,468.0,443.24,2.05,1.14,1.73,1.85,1.67,0.49,47544.98,34622.17,47939.28,41557.85,30379.72,79446.94
2018-10-15,2018,10,553.29,451.29,566.29,472.0,444.52,2.05,1.14,1.73,1.85,1.67,0.49,47544.98,34622.17,47939.28,41557.85,30379.72,79446.94
2018-10-22,2018,10,554.5,454.71,567.29,478.43,445.24,2.05,1.14,1.73,1.85,1.67,0.49,47544.98,34622.17,47939.28,41557.85,30379.72,79446.94
2018-10-29,2018,10,555.13,455.57,,484.14,445.9,2.05,1.14,1.73,1.85,1.67,0.49,47544.98,34622.17,47939.28,41557.85,30379.72,79446.94
2018-11-05,2018,11,557.13,458.29,,485.71,447.9,2.05,1.14,1.73,1.85,1.67,0.49,47544.98,34622.17,47939.28,41557.85,30379.72,79446.94
2018-11-12,2018,11,560.74,461.14,,488.43,450.62,2.05,1.14,1.73,1.85,1.67,0.49,47544.98,34622.17,47939.28,41557.85,30379.72,79446.94
2018-11-19,2018,11,565.56,463.29,,492.14,453.93,2.05,1.14,1.73,1.85,1.67,0.49,47544.98,34622.17,47939.28,41557.85,30379.72,79446.94
2018-11-26,2018,11,570.83,467.0,,494.0,457.24,2.05,1.14,1.73,1.85,1.67,0.49,47544.98,34622.17,47939.28,41557.85,30379.72,79446.94
2018-12-03,2018,12,576.1,471.43,,497.71,461.96,2.05,1.14,1.73,1.85,1.67,0.49,47544.98,34622.17,47939.28,41557.85,30379.72,79446.94
2018-12-10,2018,12,581.37,473.29,,499.57,465.96,2.05,1.14,1.73,1.85,1.67,0.49,47544.98,34622.17,47939.28,41557.85,30379.72,79446.94
2018-12-17,2018,12,586.01,477.29,576.71,501.0,468.6,2.05,1.14,1.73,1.85,1.67,0.49,47544.98,34622.17,47939.28,41557.85,30379.72,79446.94
2018-12-24,2018,12,589.29,477.86,578.14,502.71,469.91,2.05,1.14,1.73,1.85,1.67,0.49,47544.98,34622.17,47939.28,41557.85,30379.72,79446.94
2018-12-31,2018,12,590.95,476.71,579.57,501.43,470.51,2.05,1.14,1.73,1.85,1.67,0.49,47544.98,34622.17,47939.28,41557.85,30379.72,79446.94
2019-01-07,2019,1,591.16,476.86,580.29,501.0,470.51,,,,,,,,,,,,
2019-01-14,2019,1,590.93,476.14,580.86,500.57,470.51,,,,,,,,,,,,
2019-01-21,2019,1,590.21,475.0,582.14,499.43,469.22,,,,,,,,,,,,
2019-01-28,2019,1,588.37,472.57,583.71,496.71,466.51,1.7,0.84,1.57,1.43,1.12,0.75,47028.83,34080.22,47291.2,40950.45,29923.61,80247.72
2019-02-04,2019,2,585.77,469.71,584.0,493.57,463.2,1.61,0.76,1.53,1.32,0.98,0.81,46899.8,33944.73,47129.18,40798.6,29809.58,80447.91
2019-02-11,2019,2,582.93,466.86,584.43,489.14,459.17,1.52,0.69,1.49,1.21,0.84,0.87,46770.76,33809.24,46967.16,40646.75,29695.55,80648.11
2019-02-18,2019,2,579.84,463.71,584.14,487.0,455.14,1.44,0.61,1.45,1.11,0.7,0.94,46641.72,33673.75,46805.14,40494.9,29581.52,80848.3
2019-02-25,2019,2,576.99,459.57,583.29,483.57,451.12,1.44,0.61,1.45,1.11,0.7,0.94,46641.72,33673.75,46805.14,40494.9,29581.52,80848.3
2019-03-04,2019,3,573.56,455.14,582.14,479.86,447.09,1.44,0.61,1.45,1.11,0.7,0.94,46641.72,33673.75,46805.14,40494.9,29581.52,80848.3
2019-03-11,2019,3,570.61,449.71,579.14,477.43,443.66,1.44,0.61,1.45,1.11,0.7,0.94,46641.72,33673.75,46805.14,40494.9,29581.52,80848.3
2019-03-18,2019,3,568.79,445.57,574.57,475.0,441.66,1.44,0.61,1.45,1.11,0.7,0.94,46641.72,33673.75,46805.14,40494.9,29581.52,80848.3
2019-03-25,2019,3,567.51,443.71,570.71,473.14,440.95,1.44,0.61,1.45,1.11,0.7,0.94,46641.72,33673.75,46805.14,40494.9,29581.52,80848.3
2019-04-01,2019,4,566.48,441.71,566.0,471.71,440.95,1.44,0.61,1.45,1.11,0.7,0.94,46641.72,33673.75,46805.14,40494.9,29581.52,80848.3
2019-04-08,2019,4,565.44,440.0,560.0,469.71,440.95,1.44,0.61,1.45,1.11,0.7,0.94,46641.72,33673.75,46805.14,40494.9,29581.52,80848.3
2019-04-15,2019,4,564.41,438.0,553.86,468.14,440.95,1.44,0.61,1.45,1.11,0.7,0.94,46641.72,33673.75,46805.14,40494.9,29581.52,80848.3
2019-04-22,2019,4,563.59,438.0,547.0,464.86,439.66,1.44,0.61,1.45,1.11,0.7,0.94,46641.72,33673.75,46805.14,40494.9,29581.52,80848.3
2019-04-29,2019,4,561.55,437.43,540.86,461.43,438.38,1.44,0.61,1.45,1.11,0.7,0.94,46641.72,33673.75,46805.14,40494.9,29581.52,80848.3
2019-05-06,2019,5,558.91,437.71,535.29,460.11,435.05,1.44,0.61,1.45,1.11,0.7,0.94,46641.72,33673.75,46805.14,40494.9,29581.52,80848.3
2019-05-13,2019,5,555.87,435.71,530.0,460.96,431.72,1.44,0.61,1.45,1.11,0.7,0.94,46641.72,33673.75,46805.14,40494.9,29581.52,80848.3
2019-05-20,2019,5,552.44,434.43,525.14,461.2,427.72,1.44,0.61,1.45,1.11,0.7,0.94,46641.72,33673.75,46805.14,40494.9,29581.52,80848.3
2019-05-27,2019,5,548.65,433.0,522.14,459.43,423.0,1.44,0.61,1.45,1.11,0.7,0.94,46641.72,33673.75,46805.14,40494.9,29581.52,80848.3
2019-06-03,2019,6,543.64,430.71,519.71,456.28,418.29,1.44,0.61,1.45,1.11,0.7,0.94,46641.72,33673.75,46805.14,40494.9,29581.52,80848.3
2019-06-10,2019,6,538.68,425.57,518.0,452.28,414.17,1.44,0.61,1.45,1.11,0.7,0.94,46641.72,33673.75,46805.14,40494.9,29581.52,80848.3
2019-06-17,2019,6,534.64,422.43,516.14,450.73,409.46,1.44,0.61,1.45,1.11,0.7,0.94,46641.72,33673.75,46805.14,40494.9,29581.52,80848.3
2019-06-24,2019,6,530.79,418.43,514.14,448.85,406.07,1.44,0.61,1.45,1.11,0.7,0.94,46641.72,33673.75,46805.14,40494.9,29581.52,80848.3
2019-07-01,2019,7,527.21,413.43,513.14,447.38,402.69,1.44,0.61,1.45,1.11,0.7,0.94,46641.72,33673.75,46805.14,40494.9,29581.52,80848.3
2019-07-08,2019,7,524.02,407.29,512.29,448.01,399.26,1.44,0.61,1.45,1.11,0.7,0.94,46641.72,33673.75,46805.14,40494.9,29581.52,80848.3
2019-07-15,2019,7,521.44,400.43,510.0,445.92,396.55,1.44,0.61,1.45,1.11,0.7,0.94,46641.72,33673.75,46805.14,40494.9,29581.52,80848.3
2019-07-22,2019,7,520.08,397.43,509.0,450.01,393.17,1.44,0.61,1.45,1.11,0.7,0.94,46641.72,33673.75,46805.14,40494.9,29581.52,80848.3
2019-07-29,2019,7,519.04,393.57,506.29,452.18,390.48,1.44,0.61,1.45,1.11,0.7,0.94,46641.72,33673.75,46805.14,40494.9,29581.52,80848.3
2019-08-05,2019,8,518.19,388.86,504.29,457.09,388.39,1.44,0.61,1.45,1.11,0.7,0.94,46641.72,33673.75,46805.14,40494.9,29581.52,80848.3
2019-08-12,2019,8,518.51,385.57,502.71,457.77,387.67,1.44,0.61,1.45,1.11,0.7,0.94,46641.72,33673.75,46805.14,40494.9,29581.52,80848.3
2019-08-19,2019,8,520.38,384.57,500.14,457.46,388.39,1.44,0.61,1.45,1.11,0.7,0.94,46641.72,33673.75,46805.14,40494.9,29581.52,80848.3
2019-08-26,2019,8,523.46,383.86,498.86,452.85,391.81,1.44,0.61,1.45,1.11,0.7,0.94,46641.72,33673.75,46805.14,40494.9,29581.52,80848.3
2019-09-02,2019,9,528.14,384.57,498.71,461.3,396.53,1.44,0.61,1.45,1.11,0.7,0.94,46641.72,33673.75,46805.14,40494.9,29581.52,80848.3
2019-09-09,2019,9,534.04,385.71,500.57,457.78,402.62,1.44,0.61,1.45,1.11,0.7,0.94,46641.72,33673.75,46805.14,40494.9,29581.52,80848.3
2019-09-16,2019,9,540.71,388.43,505.43,461.06,410.03,1.44,0.61,1.45,1.11,0.7,0.94,46641.72,33673.75,46805.14,40494.9,29581.52,80848.3
2019-09-23,2019,9,547.78,391.57,510.57,465.99,418.12,1.44,0.61,1.45,1.11,0.7,0.94,46641.72,33673.75,46805.14,40494.9,29581.52,80848.3
2019-09-30,2019,9,554.48,393.29,515.86,476.0,426.26,1.44,0.61,1.45,1.11,0.7,0.94,46641.72,33673.75,46805.14,40494.9,29581.52,80848.3
2019-10-07,2019,10,560.73,394.29,524.0,,433.64,1.44,0.61,1.45,1.11,0.7,0.94,46641.72,33673.75,46805.14,40494.9,29581.52,80848.3
2019-10-14,2019,10,566.87,396.57,532.43,498.02,439.64,1.44,0.61,1.45,1.11,0.7,0.94,46641.72,33673.75,46805.14,40494.9,29581.52,80848.3
2019-10-21,2019,10,572.01,400.86,541.43,499.91,445.07,1.44,0.61,1.45,1.11,0.7,0.94,46641.72,33673.75,46805.14,40494.9,29581.52,80848.3
2019-10-28,2019,10,576.79,403.71,548.29,507.73,450.5,1.44,0.61,1.45,1.11,0.7,0.94,46641.72,33673.75,46805.14,40494.9,29581.52,80848.3
2019-11-04,2019,11,581.78,407.0,554.14,513.62,455.22,1.44,0.61,1.45,1.11,0.7,0.94,46641.72,33673.75,46805.14,40494.9,29581.52,80848.3
2019-11-11,2019,11,587.44,409.86,562.14,517.36,461.31,1.44,0.61,1.45,1.11,0.7,0.94,46641.72,33673.75,46805.14,40494.9,29581.52,80848.3
2019-11-18,2019,11,593.35,414.57,569.43,517.24,467.31,1.44,0.61,1.45,1.11,0.7,0.94,46641.72,33673.75,46805.14,40494.9,29581.52,80848.3
2019-11-25,2019,11,599.25,420.57,575.29,521.74,473.36,1.44,0.61,1.45,1.11,0.7,0.94,46641.72,33673.75,46805.14,40494.9,29581.52,80848.3
2019-12-02,2019,12,604.29,427.0,579.29,528.13,478.79,1.44,0.61,1.45,1.11,0.7,0.94,46641.72,33673.75,46805.14,40494.9,29581.52,80848.3
2019-12-09,2019,12,608.71,431.71,583.29,531.77,483.5,1.44,0.61,1.45,1.11,0.7,0.94,46641.72,33673.75,46805.14,40494.9,29581.52,80848.3
2019-12-16,2019,12,612.29,437.86,588.29,541.12,470.64,1.44,0.61,1.45,1.11,0.7,0.94,46641.72,33673.75,46805.14,40494.9,29581.52,80848.3
2019-12-23,2019,12,614.9,444.43,592.43,558.52,457.19,1.44,0.61,1.45,1.11,0.7,0.94,46641.72,33673.75,46805.14,40494.9,29581.52,80848.3
2019-12-30,2019,12,616.51,450.0,594.86,559.21,441.66,1.44,0.61,1.45,1.11,0.7,0.94,46641.72,33673.75,46805.14,40494.9,29581.52,80848.3
2020-01-06,2020,1,617.51,453.71,597.43,565.76,425.52,,,,,,,,,,,,
2020-01-13,2020,1,617.75,455.14,598.29,559.94,424.81,,,,,,,,,,,,
2020-01-20,2020,1,617.75,455.57,600.0,551.76,424.81,,,,,,,,,,,,
2020-01-27,2020,1,617.75,455.71,601.14,549.46,424.09,1.04,0.18,0.7,0.75,0.12,0.21,46051.6,32673.28,46773.33,39743.38,28097.39,83776.75
2020-02-03,2020,2,617.36,455.86,601.0,543.21,440.24,0.94,0.08,0.52,0.66,-0.03,0.03,45904.07,32423.16,46765.38,39555.5,27726.36,84508.86
2020-02-10,2020,2,616.81,454.43,600.29,530.63,456.38,0.84,-0.03,0.33,0.57,-0.18,-0.15,45756.53,32173.04,46757.43,39367.62,27355.33,85240.98
2020-02-17,2020,2,616.26,453.14,598.43,528.14,471.9,0.74,-0.14,0.14,0.48,-0.32,-0.33,45609.0,31922.92,46749.48,39179.74,26984.3,85973.09
2020-02-24,2020,2,615.71,452.57,596.86,520.5,487.43,0.74,-0.14,0.14,0.48,-0.32,-0.33,45609.0,31922.92,46749.48,39179.74,26984.3,85973.09
2020-03-02,2020,3,615.16,453.14,594.29,517.3,486.81,0.74,-0.14,0.14,0.48,-0.32,-0.33,45609.0,31922.92,46749.48,39179.74,26984.3,85973.09
2020-03-09,2020,3,614.37,453.14,592.57,517.16,485.48,0.74,-0.14,0.14,0.48,-0.32,-0.33,45609.0,31922.92,46749.48,39179.74,26984.3,85973.09
2020-03-16,2020,3,612.62,449.43,591.0,521.65,482.2,0.74,-0.14,0.14,0.48,-0.32,-0.33,45609.0,31922.92,46749.48,39179.74,26984.3,85973.09
2020-03-23,2020,3,609.37,,588.29,515.5,474.79,0.74,-0.14,0.14,0.48,-0.32,-0.33,45609.0,31922.92,46749.48,39179.74,26984.3,85973.09
2020-03-30,2020,3,603.56,,583.29,509.96,463.36,0.74,-0.14,0.14,0.48,-0.32,-0.33,45609.0,31922.92,46749.48,39179.74,26984.3,85973.09
2020-04-06,2020,4,,,576.71,504.68,449.84,0.74,-0.14,0.14,0.48,-0.32,-0.33,45609.0,31922.92,46749.48,39179.74,26984.3,85973.09
2020-04-13,2020,4,586.39,402.29,568.86,494.66,434.31,0.74,-0.14,0.14,0.48,-0.32,-0.33,45609.0,31922.92,46749.48,39179.74,26984.3,85973.09
2020-04-20,2020,4,575.78,386.71,558.71,485.03,416.79,0.74,-0.14,0.14,0.48,-0.32,-0.33,45609.0,31922.92,46749.48,39179.74,26984.3,85973.09
2020-04-27,2020,4,564.31,370.86,546.14,467.93,397.88,0.74,-0.14,0.14,0.48,-0.32,-0.33,45609.0,31922.92,46749.48,39179.74,26984.3,85973.09
2020-05-04,2020,5,552.31,357.43,532.71,446.46,381.03,0.74,-0.14,0.14,0.48,-0.32,-0.33,45609.0,31922.92,46749.48,39179.74,26984.3,85973.09
2020-05-11,2020,5,540.96,347.14,519.29,442.07,368.29,0.74,-0.14,0.14,0.48,-0.32,-0.33,45609.0,31922.92,46749.48,39179.74,26984.3,85973.09
2020-05-18,2020,5,531.73,341.0,509.0,428.81,358.86,0.74,-0.14,0.14,0.48,-0.32,-0.33,45609.0,31922.92,46749.48,39179.74,26984.3,85973.09
2020-05-25,2020,5,524.71,335.0,500.71,418.53,352.14,0.74,-0.14,0.14,0.48,-0.32,-0.33,45609.0,31922.92,46749.48,39179.74,26984.3,85973.09
2020-06-01,2020,6,518.79,330.43,493.29,411.76,347.43,0.74,-0.14,0.14,0.48,-0.32,-0.33,45609.0,31922.92,46749.48,39179.74,26984.3,85973.09
2020-06-08,2020,6,514.36,327.29,490.14,413.59,344.71,0.74,-0.14,0.14,0.48,-0.32,-0.33,45609.0,31922.92,46749.48,39179.74,26984.3,85973.09
2020-06-15,2020,6,511.11,326.14,487.57,411.28,343.38,0.74,-0.14,0.14,0.48,-0.32,-0.33,45609.0,31922.92,46749.48,39179.74,26984.3,85973.09
2020-06-22,2020,6,509.51,325.71,486.0,414.77,342.66,0.74,-0.14,0.14,0.48,-0.32,-0.33,45609.0,31922.92,46749.48,39179.74,26984.3,85973.09
2020-06-29,2020,6,509.14,324.43,485.29,408.3,341.95,0.74,-0.14,0.14,0.48,-0.32,-0.33,45609.0,31922.92,46749.48,39179.74,26984.3,85973.09
2020-07-06,2020,7,509.39,326.29,485.14,411.23,341.95,0.74,-0.14,0.14,0.48,-0.32,-0.33,45609.0,31922.92,46749.48,39179.74,26984.3,85973.09
2020-07-13,2020,7,509.63,329.0,485.43,407.58,341.95,0.74,-0.14,0.14,0.48,-0.32,-0.33,45609.0,31922.92,46749.48,39179.74,26984.3,85973.09
2020-07-20,2020,7,509.87,331.86,485.86,407.01,341.95,0.74,-0.14,0.14,0.48,-0.32,-0.33,45609.0,31922.92,46749.48,39179.74,26984.3,85973.09
2020-07-27,2020,7,510.11,337.29,486.43,398.4,341.95,0.74,-0.14,0.14,0.48,-0.32,-0.33,45609.0,31922.92,46749.48,39179.74,26984.3,85973.09
2020-08-03,2020,8,510.25,340.43,486.71,399.58,341.95,0.74,-0.14,0.14,0.48,-0.32,-0.33,45609.0,31922.92,46749.48,39179.74,26984.3,85973.09
2020-08-10,2020,8,510.61,344.86,487.43,397.59,341.95,0.74,-0.14,0.14,0.48,-0.32,-0.33,45609.0,31922.92,46749.48,39179.74,26984.3,85973.09
2020-08-17,2020,8,511.22,350.71,488.57,397.89,342.66,0.74,-0.14,0.14,0.48,-0.32,-0.33,45609.0,31922.92,46749.48,39179.74,26984.3,85973.09
2020-08-24,2020,8,512.22,354.43,490.14,395.71,344.0,0.74,-0.14,0.14,0.48,-0.32,-0.33,45609.0,31922.92,46749.48,39179.74,26984.3,85973.09
2020-08-31,2020,8,514.44,359.71,492.0,399.87,,0.74,-0.14,0.14,0.48,-0.32,-0.33,45609.0,31922.92,46749.48,39179.74,26984.3,85973.09
2020-09-07,2020,9,,363.71,495.29,401.61,,0.74,-0.14,0.14,0.48,-0.32,-0.33,45609.0,31922.92,46749.48,39179.74,26984.3,85973.09
2020-09-14,2020,9,,367.0,499.14,409.67,,0.74,-0.14,0.14,0.48,-0.32,-0.33,45609.0,31922.92,46749.48,39179.74,26984.3,85973.09
2020-09-21,2020,9,527.86,372.57,505.43,416.04,399.86,0.74,-0.14,0.14,0.48,-0.32,-0.33,45609.0,31922.92,46749.48,39179.74,26984.3,85973.09
2020-09-28,2020,9,533.54,379.43,512.86,425.54,407.29,0.74,-0.14,0.14,0.48,-0.32,-0.33,45609.0,31922.92,46749.48,39179.74,26984.3,85973.09
2020-10-05,2020,10,539.57,384.86,522.0,434.24,414.72,0.74,-0.14,0.14,0.48,-0.32,-0.33,45609.0,31922.92,46749.48,39179.74,26984.3,85973.09
2020-10-12,2020,10,546.04,391.57,531.86,442.79,421.53,0.74,-0.14,0.14,0.48,-0.32,-0.33,45609.0,31922.92,46749.48,39179.74,26984.3,85973.09
2020-10-19,2020,10,551.29,397.0,542.43,456.25,427.55,0.74,-0.14,0.14,0.48,-0.32,-0.33,45609.0,31922.92,46749.48,39179.74,26984.3,85973.09
2020-10-26,2020,10,554.96,403.29,553.0,463.66,395.98,0.74,-0.14,0.14,0.48,-0.32,-0.33,45609.0,31922.92,46749.48,39179.74,26984.3,85973.09
2020-11-02,2020,11,557.27,405.14,562.57,467.18,399.98,0.74,-0.14,0.14,0.48,-0.32,-0.33,45609.0,31922.92,46749.48,39179.74,26984.3,85973.09
2020-11-09,2020,11,558.52,407.14,571.0,479.51,402.69,0.74,-0.14,0.14,0.48,-0.32,-0.33,45609.0,31922.92,46749.48,39179.74,26984.3,85973.09
2020-11-16,2020,11,559.16,406.29,578.14,481.6,404.69,0.74,-0.14,0.14,0.48,-0.32,-0.33,45609.0,31922.92,46749.48,39179.74,26984.3,85973.09
2020-11-23,2020,11,559.2,407.43,583.14,485.29,405.98,0.74,-0.14,0.14,0.48,-0.32,-0.33,45609.0,31922.92,46749.48,39179.74,26984.3,85973.09
2020-11-30,2020,11,558.41,406.71,586.0,484.76,407.26,0.74,-0.14,0.14,0.48,-0.32,-0.33,45609.0,31922.92,46749.48,39179.74,26984.3,85973.09
2020-12-07,2020,12,558.08,406.71,587.14,477.69,408.66,0.74,-0.14,0.14,0.48,-0.32,-0.33,45609.0,31922.92,46749.48,39179.74,26984.3,85973.09
2020-12-14,2020,12,558.66,408.29,588.14,480.54,409.38,0.74,-0.14,0.14,0.48,-0.32,-0.33,45609.0,31922.92,46749.48,39179.74,26984.3,85973.09
2020-12-21,2020,12,559.64,411.71,588.86,481.45,410.76,0.74,-0.14,0.14,0.48,-0.32,-0.33,45609.0,31922.92,46749.48,39179.74,26984.3,85973.09
2020-12-28,2020,12,560.85,413.29,589.29,478.77,413.48,0.74,-0.14,0.14,0.48,-0.32,-0.33,45609.0,31922.92,46749.48,39179.74,26984.3,85973.09
2021-01-04,2021,1,562.67,415.86,589.0,475.98,402.05,,,,,,,,,,,,
2021-01-11,2021,1,564.49,417.71,588.14,468.59,390.62,,,,,,,,,,,,
2021-01-18,2021,1,566.31,418.71,588.43,467.99,,,,,,,,,,,,,
2021-01-25,2021,1,567.69,418.43,589.29,470.83,,1.71,1.01,1.81,1.14,1.63,1.2,49175.51,34509.4,49422.2,41746.35,28986.88,95132.35
2021-02-01,2021,2,568.54,417.0,589.14,470.81,354.9,1.95,1.3,2.23,1.31,2.12,1.59,50067.14,35156.02,50090.39,42388.0,29487.53,97422.17
2021-02-08,2021,2,568.86,416.57,588.71,472.38,356.24,2.2,1.59,2.65,1.48,2.61,1.97,50958.77,35802.64,50758.57,43029.66,29988.17,99711.98
2021-02-15,2021,2,568.68,416.71,588.0,469.84,356.24,2.44,1.87,3.07,1.64,3.09,2.36,51850.4,36449.26,51426.75,43671.31,30488.82,102001.8
2021-02-22,2021,2,567.5,416.71,588.71,477.65,370.38,2.44,1.87,3.07,1.64,3.09,2.36,51850.4,36449.26,51426.75,43671.31,30488.82,102001.8
2021-03-01,2021,3,565.93,416.29,589.43,482.45,384.52,2.44,1.87,3.07,1.64,3.09,2.36,51850.4,36449.26,51426.75,43671.31,30488.82,102001.8
2021-03-08,2021,3,563.96,418.0,589.71,485.73,398.66,2.44,1.87,3.07,1.64,3.09,2.36,51850.4,36449.26,51426.75,43671.31,30488.82,102001.8
2021-03-15,2021,3,561.61,419.43,588.86,483.67,412.81,2.44,1.87,3.07,1.64,3.09,2.36,51850.4,36449.26,51426.75,43671.31,30488.82,102001.8
2021-03-22,2021,3,559.31,420.14,588.29,484.98,426.95,2.44,1.87,3.07,1.64,3.09,2.36,51850.4,36449.26,51426.75,43671.31,30488.82,102001.8
2021-03-29,2021,3,557.16,421.29,587.57,485.12,426.95,2.44,1.87,3.07,1.64,3.09,2.36,51850.4,36449.26,51426.75,43671.31,30488.82,102001.8
2021-04-05,2021,4,555.52,421.14,586.71,483.3,426.95,2.44,1.87,3.07,1.64,3.09,2.36,51850.4,36449.26,51426.75,43671.31,30488.82,102001.8
2021-04-12,2021,4,554.49,420.0,,472.77,425.62,2.44,1.87,3.07,1.64,3.09,2.36,51850.4,36449.26,51426.75,43671.31,30488.82,102001.8
2021-04-19,2021,4,553.56,420.29,,471.07,424.29,2.44,1.87,3.07,1.64,3.09,2.36,51850.4,36449.26,51426.75,43671.31,30488.82,102001.8
2021-04-26,2021,4,552.76,416.86,,462.82,420.88,2.44,1.87,3.07,1.64,3.09,2.36,51850.4,36449.26,51426.75,43671.31,30488.82,102001.8
2021-05-03,2021,5,552.19,414.14,570.71,457.87,417.48,2.44,1.87,3.07,1.64,3.09,2.36,51850.4,36449.26,51426.75,43671.31,30488.82,102001.8
2021-05-10,2021,5,551.34,411.57,567.0,456.85,414.08,2.44,1.87,3.07,1.64,3.09,2.36,51850.4,36449.26,51426.75,43671.31,30488.82,102001.8
2021-05-17,2021,5,550.44,409.29,563.0,450.12,410.68,2.44,1.87,3.07,1.64,3.09,2.36,51850.4,36449.26,51426.75,43671.31,30488.82,102001.8
2021-05-24,2021,5,550.61,408.86,559.57,448.42,407.27,2.44,1.87,3.07,1.64,3.09,2.36,51850.4,36449.26,51426.75,43671.31,30488.82,102001.8
2021-05-31,2021,5,550.81,409.43,556.86,449.15,405.89,2.44,1.87,3.07,1.64,3.09,2.36,51850.4,36449.26,51426.75,43671.31,30488.82,102001.8
2021-06-07,2021,6,551.3,410.71,554.71,448.62,405.22,2.44,1.87,3.07,1.64,3.09,2.36,51850.4,36449.26,51426.75,43671.31,30488.82,102001.8
2021-06-14,2021,6,552.81,414.71,553.29,452.71,407.29,2.44,1.87,3.07,1.64,3.09,2.36,51850.4,36449.26,51426.75,43671.31,30488.82,102001.8
2021-06-21,2021,6,554.49,418.57,550.71,452.49,409.36,2.44,1.87,3.07,1.64,3.09,2.36,51850.4,36449.26,51426.75,43671.31,30488.82,102001.8
2021-06-28,2021,6,556.39,421.86,548.29,448.87,411.44,2.44,1.87,3.07,1.64,3.09,2.36,51850.4,36449.26,51426.75,43671.31,30488.82,102001.8
2021-07-05,2021,7,558.47,423.57,545.86,455.5,413.51,2.44,1.87,3.07,1.64,3.09,2.36,51850.4,36449.26,51426.75,43671.31,30488.82,102001.8
2021-07-12,2021,7,559.47,425.43,543.57,455.5,415.58,2.44,1.87,3.07,1.64,3.09,2.36,51850.4,36449.26,51426.75,43671.31,30488.82,102001.8
2021-07-19,2021,7,560.24,425.86,541.57,456.03,416.96,2.44,1.87,3.07,1.64,3.09,2.36,51850.4,36449.26,51426.75,43671.31,30488.82,102001.8
2021-07-26,2021,7,561.0,426.43,539.71,455.49,418.25,2.44,1.87,3.07,1.64,3.09,2.36,51850.4,36449.26,51426.75,43671.31,30488.82,102001.8
2021-08-02,2021,8,563.39,426.0,538.57,454.9,420.29,2.44,1.87,3.07,1.64,3.09,2.36,51850.4,36449.26,51426.75,43671.31,30488.82,102001.8
2021-08-09,2021,8,566.57,426.29,538.43,463.95,422.94,2.44,1.87,3.07,1.64,3.09,2.36,51850.4,36449.26,51426.75,43671.31,30488.82,102001.8
2021-08-16,2021,8,570.86,427.71,539.57,462.66,426.27,2.44,1.87,3.07,1.64,3.09,2.36,51850.4,36449.26,51426.75,43671.31,30488.82,102001.8
2021-08-23,2021,8,576.46,433.0,541.86,465.82,431.6,2.44,1.87,3.07,1.64,3.09,2.36,51850.4,36449.26,51426.75,43671.31,30488.82,102001.8
2021-08-30,2021,8,583.07,,544.86,472.35,437.64,2.44,1.87,3.07,1.64,3.09,2.36,51850.4,36449.26,51426.75,43671.31,30488.82,102001.8
2021-09-06,2021,9,591.39,,549.0,485.61,445.69,2.44,1.87,3.07,1.64,3.09,2.36,51850.4,36449.26,51426.75,43671.31,30488.82,102001.8
2021-09-13,2021,9,600.34,454.57,553.57,494.23,454.5,2.44,1.87,3.07,1.64,3.09,2.36,51850.4,36449.26,51426.75,43671.31,30488.82,102001.8
2021-09-20,2021,9,607.38,463.86,558.71,503.24,462.5,2.44,1.87,3.07,1.64,3.09,2.36,51850.4,36449.26,51426.75,43671.31,30488.82,102001.8
2021-09-27,2021,9,614.34,470.71,565.43,506.31,470.62,2.44,1.87,3.07,1.64,3.09,2.36,51850.4,36449.26,51426.75,43671.31,30488.82,102001.8
2021-10-04,2021,10,620.2,477.43,571.86,515.22,478.05,2.44,1.87,3.07,1.64,3.09,2.36,51850.4,36449.26,51426.75,43671.31,30488.82,102001.8
2021-10-11,2021,10,624.84,482.57,578.86,518.1,483.48,2.44,1.87,3.07,1.64,3.09,2.36,51850.4,36449.26,51426.75,43671.31,30488.82,102001.8
2021-10-18,2021,10,628.72,487.43,585.86,521.88,472.05,2.44,1.87,3.07,1.64,3.09,2.36,51850.4,36449.26,51426.75,43671.31,30488.82,102001.8
2021-10-25,2021,10,631.04,490.86,591.43,514.39,476.07,2.44,1.87,3.07,1.64,3.09,2.36,51850.4,36449.26,51426.75,43671.31,30488.82,102001.8
2021-11-01,2021,11,633.34,494.43,598.29,511.94,479.4,2.44,1.87,3.07,1.64,3.09,2.36,51850.4,36449.26,51426.75,43671.31,30488.82,102001.8
2021-11-08,2021,11,635.77,497.43,605.0,514.27,482.12,2.44,1.87,3.07,1.64,3.09,2.36,51850.4,36449.26,51426.75,43671.31,30488.82,102001.8
2021-11-15,2021,11,638.49,503.14,611.43,521.32,485.5,2.44,1.87,3.07,1.64,3.09,2.36,51850.4,36449.26,51426.75,43671.31,30488.82,102001.8
2021-11-22,2021,11,641.81,506.57,616.71,529.33,489.5,2.44,1.87,3.07,1.64,3.09,2.36,51850.4,36449.26,51426.75,43671.31,30488.82,102001.8
2021-11-29,2021,11,645.39,509.0,621.43,537.45,493.5,2.44,1.87,3.07,1.64,3.09,2.36,51850.4,36449.26,51426.75,43671.31,30488.82,102001.8
2021-12-06,2021,12,648.73,514.0,625.57,538.9,513.64,2.44,1.87,3.07,1.64,3.09,2.36,51850.4,36449.26,51426.75,43671.31,30488.82,102001.8
2021-12-13,2021,12,651.91,518.0,630.43,555.98,516.33,2.44,1.87,3.07,1.64,3.09,2.36,51850.4,36449.26,51426.75,43671.31,30488.82,102001.8
2021-12-20,2021,12,654.49,518.57,634.14,570.22,518.33,2.44,1.87,3.07,1.64,3.09,2.36,51850.4,36449.26,51426.75,43671.31,30488.82,102001.8
2021-12-27,2021,12,656.46,518.43,637.14,580.57,520.33,2.44,1.87,3.07,1.64,3.09,2.36,51850.4,36449.26,51426.75,43671.31,30488.82,102001.8
2022-01-03,2022,1,657.2,517.86,638.86,575.67,520.95,,,,,,,,,,,,
2022-01-10,2022,1,656.94,519.14,640.29,571.01,520.95,,,,,,,,,,,,
2022-01-17,2022,1,656.15,519.86,641.71,566.93,520.33,,,,,,,,,,,,
2022-01-24,2022,1,655.52,520.0,642.14,565.48,519.72,6.53,5.49,5.24,3.69,6.12,5.47,50751.21,35493.35,49878.89,42079.85,30023.52,103134.08
2022-01-31,2022,1,654.89,518.57,641.57,554.76,519.72,7.55,6.39,5.79,4.2,6.88,6.25,50476.42,35254.38,49491.92,41681.98,29907.19,103417.15
2022-02-07,2022,2,654.26,520.71,641.29,545.75,519.72,8.58,7.3,6.33,4.71,7.63,7.03,50201.62,35015.4,49104.96,41284.12,29790.87,103700.22
2022-02-14,2022,2,653.64,525.14,641.29,536.67,519.72,9.6,8.2,6.87,5.22,8.39,7.81,49926.83,34776.42,48717.99,40886.25,29674.54,103983.29
2022-02-21,2022,2,653.24,,640.71,546.19,519.72,9.6,8.2,6.87,5.22,8.39,7.81,49926.83,34776.42,48717.99,40886.25,29674.54,103983.29
2022-02-28,2022,2,655.01,531.43,641.0,548.71,519.72,9.6,8.2,6.87,5.22,8.39,7.81,49926.83,34776.42,48717.99,40886.25,29674.54,103983.29
2022-03-07,2022,3,657.71,536.14,641.14,549.64,521.76,9.6,8.2,6.87,5.22,8.39,7.81,49926.83,34776.42,48717.99,40886.25,29674.54,103983.29
2022-03-14,2022,3,661.48,538.86,642.86,554.4,,9.6,8.2,6.87,5.22,8.39,7.81,49926.83,34776.42,48717.99,40886.25,29674.54,103983.29
2022-03-21,2022,3,,545.29,644.43,551.16,,9.6,8.2,6.87,5.22,8.39,7.81,49926.83,34776.42,48717.99,40886.25,29674.54,103983.29
2022-03-28,2022,3,,550.57,645.43,554.89,,9.6,8.2,6.87,5.22,8.39,7.81,49926.83,34776.42,48717.99,40886.25,29674.54,103983.29
2022-04-04,2022,4,675.77,554.29,647.43,561.7,537.33,9.6,8.2,6.87,5.22,8.39,7.81,49926.83,34776.42,48717.99,40886.25,29674.54,103983.29
2022-04-11,2022,4,680.54,558.29,650.0,552.72,542.05,9.6,8.2,6.87,5.22,8.39,7.81,49926.83,34776.42,48717.99,40886.25,29674.54,103983.29
2022-04-18,2022,4,683.54,566.86,652.43,558.42,546.76,9.6,8.2,6.87,5.22,8.39,7.81,49926.83,34776.42,48717.99,40886.25,29674.54,103983.29
2022-04-25,2022,4,685.75,569.43,654.0,558.48,550.05,9.6,8.2,6.87,5.22,8.39,7.81,49926.83,34776.42,48717.99,40886.25,29674.54,103983.29
2022-05-02,2022,5,686.75,571.86,655.29,564.48,551.43,9.6,8.2,6.87,5.22,8.39,7.81,49926.83,34776.42,48717.99,40886.25,29674.54,103983.29
2022-05-09,2022,5,686.59,571.14,657.0,566.23,552.1,9.6,8.2,6.87,5.22,8.39,7.81,49926.83,34776.42,48717.99,40886.25,29674.54,103983.29
2022-05-16,2022,5,685.99,569.71,658.43,563.27,551.43,9.6,8.2,6.87,5.22,8.39,7.81,49926.83,34776.42,48717.99,40886.25,29674.54,103983.29
2022-05-23,2022,5,685.14,567.14,659.0,556.9,549.43,9.6,8.2,6.87,5.22,8.39,7.81,49926.83,34776.42,48717.99,40886.25,29674.54,103983.29
2022-05-30,2022,5,683.78,565.57,659.14,560.32,546.74,9.6,8.2,6.87,5.22,8.39,7.81,49926.83,34776.42,48717.99,40886.25,29674.54,103983.29
2022-06-06,2022,6,682.41,558.14,657.57,556.21,544.05,9.6,8.2,6.87,5.22,8.39,7.81,49926.83,34776.42,48717.99,40886.25,29674.54,103983.29
2022-06-13,2022,6,680.81,556.57,656.29,554.91,541.36,9.6,8.2,6.87,5.22,8.39,7.81,49926.83,34776.42,48717.99,40886.25,29674.54,103983.29
2022-06-20,2022,6,678.81,554.86,652.14,539.12,539.29,9.6,8.2,6.87,5.22,8.39,7.81,49926.83,34776.42,48717.99,40886.25,29674.54,103983.29
2022-06-27,2022,6,676.81,553.71,648.0,536.9,537.22,9.6,8.2,6.87,5.22,8.39,7.81,49926.83,34776.42,48717.99,40886.25,29674.54,103983.29
2022-07-04,2022,7,675.02,553.43,644.0,541.01,535.82,9.6,8.2,6.87,5.22,8.39,7.81,49926.83,34776.42,48717.99,40886.25,29674.54,103983.29
2022-07-11,2022,7,673.31,552.71,640.14,542.24,535.13,9.6,8.2,6.87,5.22,8.39,7.81,49926.83,34776.42,48717.99,40886.25,29674.54,103983.29
2022-07-18,2022,7,672.13,550.71,634.57,528.09,535.13,9.6,8.2,6.87,5.22,8.39,7.81,49926.83,34776.42,48717.99,40886.25,29674.54,103983.29
2022-07-25,2022,7,670.94,550.57,631.14,530.58,535.13,9.6,8.2,6.87,5.22,8.39,7.81,49926.83,34776.42,48717.99,40886.25,29674.54,103983.29
2022-08-01,2022,8,670.0,550.29,628.57,534.72,535.13,9.6,8.2,6.87,5.22,8.39,7.81,49926.83,34776.42,48717.99,40886.25,29674.54,103983.29
2022-08-08,2022,8,669.61,550.86,628.14,546.79,535.82,9.6,8.2,6.87,5.22,8.39,7.81,49926.83,34776.42,48717.99,40886.25,29674.54,103983.29
2022-08-15,2022,8,669.98,552.57,628.71,556.77,537.22,9.6,8.2,6.87,5.22,8.39,7.81,49926.83,34776.42,48717.99,40886.25,29674.54,103983.29
2022-08-22,2022,8,671.19,553.71,630.14,558.2,538.62,9.6,8.2,6.87,5.22,8.39,7.81,49926.83,34776.42,48717.99,40886.25,29674.54,103983.29
2022-08-29,2022,8,673.17,558.14,631.14,567.95,540.7,9.6,8.2,6.87,5.22,8.39,7.81,49926.83,34776.42,48717.99,40886.25,29674.54,103983.29
2022-09-05,2022,9,675.76,,635.14,586.29,544.1,9.6,8.2,6.87,5.22,8.39,7.81,49926.83,34776.42,48717.99,40886.25,29674.54,103983.29
2022-09-12,2022,9,678.95,,639.29,586.61,548.22,9.6,8.2,6.87,5.22,8.39,7.81,49926.83,34776.42,48717.99,40886.25,29674.54,103983.29
2022-09-19,2022,9,682.75,572.0,644.43,590.76,553.62,9.6,8.2,6.87,5.22,8.39,7.81,49926.83,34776.42,48717.99,40886.25,29674.54,103983.29
2022-09-26,2022,9,686.39,574.29,650.86,593.26,558.33,9.6,8.2,6.87,5.22,8.39,7.81,49926.83,34776.42,48717.99,40886.25,29674.54,103983.29
2022-10-03,2022,10,690.75,577.14,658.0,601.19,563.05,9.6,8.2,6.87,5.22,8.39,7.81,49926.83,34776.42,48717.99,40886.25,29674.54,103983.29
2022-10-10,2022,10,695.11,582.14,665.14,606.54,568.43,9.6,8.2,6.87,5.22,8.39,7.81,49926.83,34776.42,48717.99,40886.25,29674.54,103983.29
2022-10-17,2022,10,698.86,584.14,673.14,609.71,573.14,9.6,8.2,6.87,5.22,8.39,7.81,49926.83,34776.42,48717.99,40886.25,29674.54,103983.29
2022-10-24,2022,10,702.0,587.29,681.43,598.53,576.53,9.6,8.2,6.87,5.22,8.39,7.81,49926.83,34776.42,48717.99,40886.25,29674.54,103983.29
2022-10-31,2022,10,704.54,589.29,688.29,602.78,579.2,9.6,8.2,6.87,5.22,8.39,7.81,49926.83,34776.42,48717.99,40886.25,29674.54,103983.29
2022-11-07,2022,11,706.46,590.43,693.86,608.66,580.58,9.6,8.2,6.87,5.22,8.39,7.81,49926.83,34776.42,48717.99,40886.25,29674.54,103983.29
2022-11-14,2022,11,708.39,592.57,699.71,616.73,582.58,9.6,8.2,6.87,5.22,8.39,7.81,49926.83,34776.42,48717.99,40886.25,29674.54,103983.29
2022-11-21,2022,11,709.61,593.57,704.29,608.8,584.58,9.6,8.2,6.87,5.22,8.39,7.81,49926.83,34776.42,48717.99,40886.25,29674.54,103983.29
2022-11-28,2022,11,710.82,594.86,708.14,607.02,587.25,9.6,8.2,6.87,5.22,8.39,7.81,49926.83,34776.42,48717.99,40886.25,29674.54,103983.29
2022-12-05,2022,12,712.04,597.14,712.57,605.18,590.58,9.6,8.2,6.87,5.22,8.39,7.81,49926.83,34776.42,48717.99,40886.25,29674.54,103983.29
2022-12-12,2022,12,713.25,598.29,716.29,624.74,593.91,9.6,8.2,6.87,5.22,8.39,7.81,49926.83,34776.42,48717.99,40886.25,29674.54,103983.29
2022-12-19,2022,12,714.46,599.14,720.29,631.45,597.24,9.6,8.2,6.87,5.22,8.39,7.81,49926.83,34776.42,48717.99,40886.25,29674.54,103983.29
2022-12-26,2022,12,715.68,601.43,,634.81,599.91,9.6,8.2,6.87,5.22,8.39,7.81,49926.83,34776.42,48717.99,40886.25,29674.54,103983.29
2023-01-02,2023,1,716.89,603.86,,621.57,601.96,,,,,,,,,,,,
2023-01-09,2023,1,717.5,605.71,,630.21,603.29,,,,,,,,,,,,
2023-01-16,2023,1,717.5,602.71,,635.0,603.29,,,,,,,,,,,,
2023-01-23,2023,1,717.5,602.14,,636.57,602.63,,,,,,,,,,,,
2023-01-30,2023,1,717.5,601.14,,631.11,601.96,,,,,,,,,,,,
2023-02-06,2023,2,717.5,601.0,,633.61,601.3,,,,,,,,,,,,
2023-02-13,2023,2,717.5,599.86,730.71,627.23,601.3,,,,,,,,,,,,
2023-02-20,2023,2,717.61,600.14,731.0,634.36,601.3,,,,,,,,,,,,
2023-02-27,2023,2,717.71,599.29,731.29,631.43,601.3,,,,,,,,,,,,
2023-03-06,2023,3,717.82,601.71,731.71,631.05,601.3,,,,,,,,,,,,
2023-03-13,2023,3,717.93,602.86,733.0,627.64,601.3,,,,,,,,,,,,
2023-03-20,2023,3,718.04,603.43,734.71,627.43,601.3,,,,,,,,,,,,
2023-03-27,2023,3,718.14,603.43,735.0,623.64,601.3,,,,,,,,,,,,
2023-04-03,2023,4,718.25,604.0,734.66,621.91,601.3,,,,,,,,,,,,
2023-04-10,2023,4,718.25,603.0,734.61,624.03,601.3,,,,,,,,,,,,
2023-04-17,2023,4,718.25,603.86,733.83,622.14,601.3,,,,,,,,,,,,
2023-04-24,2023,4,718.25,604.0,732.13,621.66,,,,,,,,,,,,,
2023-05-01,2023,5,718.25,602.43,728.99,623.21,,,,,,,,,,,,,
2023-05-08,2023,5,717.64,600.57,726.24,619.89,,,,,,,,,,,,,
2023-05-15,2023,5,,598.86,722.77,608.59,595.91,,,,,,,,,,,,
2023-05-22,2023,5,,595.14,718.91,,593.24,,,,,,,,,,,,
2023-05-29,2023,5,,591.43,713.81,,590.58,,,,,,,,,,,,
2023-06-05,2023,6,707.58,587.0,707.66,590.51,587.91,,,,,,,,,,,,
2023-06-12,2023,6,703.61,581.29,702.09,582.31,586.58,,,,,,,,,,,,
2023-06-19,2023,6,699.04,575.86,695.44,572.81,584.58,,,,,,,,,,,,
2023-06-26,2023,6,694.47,569.43,688.36,568.53,582.51,,,,,,,,,,,,
2023-07-03,2023,7,691.11,562.29,680.66,563.58,577.1,,,,,,,,,,,,
2023-07-10,2023,7,688.36,556.71,673.0,552.72,574.44,,,,,,,,,,,,
2023-07-17,2023,7,685.46,551.57,,558.15,571.77,,,,,,,,,,,,
2023-07-24,2023,7,683.04,545.86,,564.14,569.1,,,,,,,,,,,,
2023-07-31,2023,7,681.43,541.14,,563.31,566.43,,,,,,,,,,,,
2023-08-07,2023,8,680.43,536.29,,568.84,565.14,,,,,,,,,,,,
2023-08-14,2023,8,680.04,534.57,,573.41,564.55,,,,,,,,,,,,
2023-08-21,2023,8,679.64,533.86,,584.02,563.95,,,,,,,,,,,,
2023-08-28,2023,8,679.86,534.0,,600.17,563.95,,,,,,,,,,,,
2023-09-04,2023,9,680.46,533.69,649.57,590.46,563.95,,,,,,,,,,,,
2023-09-11,2023,9,681.07,533.56,649.96,582.43,563.95,,,,,,,,,,,,
2023-09-18,2023,9,681.68,531.85,651.19,580.92,563.95,,,,,,,,,,,,
2023-09-25,2023,9,682.29,531.85,653.79,580.18,563.95,,,,,,,,,,,,
2023-10-02,2023,10,682.89,530.13,657.07,577.51,563.95,,,,,,,,,,,,
2023-10-09,2023,10,684.21,530.28,658.52,570.33,563.95,,,,,,,,,,,,
2023-10-16,2023,10,684.93,529.28,661.3,560.89,563.95,,,,,,,,,,,,
2023-10-23,2023,10,685.64,530.88,664.31,562.87,563.95,,,,,,,,,,,,
2023-10-30,2023,10,686.36,532.0,669.0,562.39,563.95,,,,,,,,,,,,
2023-11-06,2023,11,687.07,537.0,672.83,562.61,563.95,,,,,,,,,,,,
2023-11-13,2023,11,688.5,539.71,675.7,559.25,563.95,,,,,,,,,,,,
2023-11-20,2023,11,690.64,543.14,680.73,552.87,,,,,,,,,,,,,
2023-11-27,2023,11,692.68,546.14,686.77,560.27,,,,,,,,,,,,,
2023-12-04,2023,12,695.32,550.86,693.87,565.19,,,,,,,,,,,,,
2023-12-11,2023,12,698.57,553.14,700.17,573.52,,,,,,,,,,,,,
2023-12-18,2023,12,701.82,557.29,704.74,574.66,569.72,,,,,,,,,,,,
2023-12-25,2023,12,705.07,559.57,709.61,583.69,571.72,,,,,,,,,,,,
2024-01-01,2024,1,707.61,563.43,713.45,585.07,573.72,,,,,,,,,,,,
2024-01-08,2024,1,709.43,567.29,716.49,598.41,575.79,,,,,,,,,,,,
2024-01-15,2024,1,710.64,569.14,719.05,593.71,577.86,,,,,,,,,,,,
2024-01-22,2024,1,711.11,569.43,718.42,593.27,579.24,,,,,,,,,,,,
2024-01-29,2024,1,710.95,569.57,718.59,593.43,579.96,,,,,,,,,,,,
2024-02-05,2024,2,710.79,564.29,718.99,597.2,579.96,,,,,,,,,,,,
2024-02-12,2024,2,710.64,563.43,717.99,589.25,579.96,,,,,,,,,,,,
2024-02-19,2024,2,710.48,559.57,718.3,583.31,577.1,,,,,,,,,,,,
2024-02-26,2024,2,710.32,555.71,718.04,576.52,576.43,,,,,,,,,,,,
2024-03-04,2024,3,710.16,556.29,716.8,578.11,575.76,,,,,,,,,,,,
2024-03-11,2024,3,710.15,557.14,718.13,579.49,575.09,,,,,,,,,,,,
